rank,symbol,date,close,dma_200,dma_50,distance_to_200dma_pct,above_200dma,above_50dma,dma_200_rising,golden_trend,rsi_14,volume_ratio,high_52w,low_52w,distance_to_52w_high_pct,distance_from_52w_low_pct,high_level_score,high_level_setup,high_level_reasons,break_below_date,breakdown_low,recovery_from_breakdown_low_pct,recovery_score,score,setup,recovery_candidate,recovery_reasons,prior_high_before_breakdown,prior_high_date,distance_to_prior_high_pct,prior_high_breakout,near_prior_high,prior_high_score,prior_high_setup,prior_high_reasons,trend_score,trend_reasons,portfolio_eligible,portfolio_technical_score,trend_target,trend_upside_pct,stop_loss_10pct,reward_risk,combined_setup,pe_ratio,pb_ratio,eps,dividend_yield,market_cap,roe,roce,operating_margin,net_profit_margin,debt_to_equity,current_ratio,quick_ratio,interest_coverage,revenue_growth,eps_growth,profit_growth,fundamental_score,overall_portfolio_score,portfolio_final_eligible
392,GEECEE,2026-09-30,374.2,323.36,364.54,15.72,True,True,True,True,54.17,1.47,390.0,215.85,-4.05,73.36,95,NEAR 52W HIGH,within 5% of 52W high; above 200DMA; above 50DMA; 200DMA rising; healthy RSI; volume confirmation,,,,0,0,NOT A RECOVERY,False,,386.0,2025-09-18,-3.06,False,True,85,NEAR PRIOR HIGH,within 5% of prior high; above 200DMA; above 50DMA; RSI >=50; volume >=1.2x,100,above 200DMA; above 50DMA; 200DMA rising; 50DMA > 200DMA; RSI >=50; volume >=1.2x,True,95.25,410.08,9.59,336.78,0.96,NEAR PRIOR HIGH,16.853273,0.93496567,22.15,53.0,7806347776.0,,,29.476000000000003,44.464,,,,,384.0,152.8,152.8,100.0,97.15,True
15,UYFINCORP,2026-09-30,21.8,15.58,19.74,39.93,True,True,True,True,71.48,3.48,22.34,11.5,-2.42,89.57,95,NEAR 52W HIGH,within 5% of 52W high; above 200DMA; above 50DMA; 200DMA rising; healthy RSI; volume confirmation,,,,0,0,NOT A RECOVERY,False,,17.4,2025-11-10,25.29,True,False,100,PRIOR HIGH BREAKOUT,above prior high; above 200DMA; above 50DMA; RSI >=50; volume >=1.2x,100,above 200DMA; above 50DMA; 200DMA rising; 50DMA > 200DMA; RSI >=50; volume >=1.2x,True,98.25,23.35,7.13,19.62,0.71,PRIOR HIGH BREAKOUT,7.01227,1.1171383,3.26,,4348848640.0,,,35.522997000000004,29.058,0.862,,,,225.0,232.29999999999998,232.29999999999998,94.0,96.55,True
113,KTKBANK,2026-09-30,329.0,254.74,317.01,29.15,True,True,True,True,53.06,0.55,345.9,170.26,-4.89,93.23,85,NEAR 52W HIGH,within 5% of 52W high; above 200DMA; above 50DMA; 200DMA rising; healthy RSI,,,,0,0,NOT A RECOVERY,False,,220.4,2025-11-27,49.27,True,False,90,PRIOR HIGH BREAKOUT,above prior high; above 200DMA; above 50DMA; RSI >=50,85,above 200DMA; above 50DMA; 200DMA rising; 50DMA > 200DMA; RSI >=50,True,86.0,350.06,6.4,296.1,0.64,PRIOR HIGH BREAKOUT,8.478777,0.91928005,37.93,152.0,121623166976.0,,,43.62,41.452,,,,,26.1,43.3,43.3,100.0,91.6,True
68,MAZDA,2026-09-30,303.3,219.71,245.86,38.04,True,True,True,True,71.6,0.71,308.0,159.2,-1.53,90.52,90,AT 52W HIGH,within 2% of 52W high; above 200DMA; above 50DMA; 200DMA rising; healthy RSI,,,,0,0,NOT A RECOVERY,False,,285.0,2025-10-29,6.42,True,False,90,PRIOR HIGH BREAKOUT,above prior high; above 200DMA; above 50DMA; RSI >=50,85,above 200DMA; above 50DMA; 200DMA rising; 50DMA > 200DMA; RSI >=50,True,87.75,333.7,10.02,272.97,1.0,PRIOR HIGH BREAKOUT,19.274248,1.9429685,14.95,132.0,5770203648.0,,,7.721,12.328,,,,,61.9,49.4,49.4,92.0,89.45,True
114,GNFC,2026-09-30,604.4,501.68,568.83,20.47,True,True,True,True,56.53,0.76,636.0,365.0,-4.97,65.59,85,NEAR 52W HIGH,within 5% of 52W high; above 200DMA; above 50DMA; 200DMA rising; healthy RSI,,,,0,0,NOT A RECOVERY,False,,539.0,2025-09-01,12.13,True,False,90,PRIOR HIGH BREAKOUT,above prior high; above 200DMA; above 50DMA; RSI >=50,85,above 200DMA; above 50DMA; 200DMA rising; 50DMA > 200DMA; RSI >=50,True,86.0,646.89,7.03,543.96,0.7,PRIOR HIGH BREAKOUT,8.346084,0.9500949,70.59,347.0,86570106880.0,,,14.163999999999998,12.331,0.066,,,,39.800000000000004,275.59999999999997,275.59999999999997,94.0,89.2,True
7,DPABHUSHAN,2026-09-30,1788.8,1212.24,1430.96,47.56,True,True,True,True,74.3,7.78,1815.7,866.1,-1.48,106.54,100,AT 52W HIGH,within 2% of 52W high; above 200DMA; above 50DMA; 200DMA rising; healthy RSI; volume confirmation,,,,0,0,NOT A RECOVERY,False,,1729.6,2025-07-29,3.42,True,False,100,PRIOR HIGH BREAKOUT,above prior high; above 200DMA; above 50DMA; RSI >=50; volume >=1.2x,100,above 200DMA; above 50DMA; 200DMA rising; 50DMA > 200DMA; RSI >=50; volume >=1.2x,True,100.0,1945.06,8.74,1609.92,0.87,PRIOR HIGH BREAKOUT,17.847618,6.7490916,105.0,,42779521024.0,,,10.718001000000001,5.48,48.027,,,,57.99999999999999,75.5,75.5,68.0,87.2,True
88,FINCABLES,2026-09-30,1450.3,1003.32,1246.87,44.55,True,True,True,True,61.26,0.37,1498.0,700.8,-3.18,106.95,85,NEAR 52W HIGH,within 5% of 52W high; above 200DMA; above 50DMA; 200DMA rising; healthy RSI,,,,0,0,NOT A RECOVERY,False,,993.8,2026-03-10,45.93,True,False,90,PRIOR HIGH BREAKOUT,above prior high; above 200DMA; above 50DMA; RSI >=50,85,above 200DMA; above 50DMA; 200DMA rising; 50DMA > 200DMA; RSI >=50,True,86.0,1577.66,8.78,1305.27,0.88,PRIOR HIGH BREAKOUT,27.860964,3.667105,52.36,62.0,223107923968.0,,,11.058,11.532,0.314,,,,44.3,53.2,53.2,88.0,86.8,True
31,MUKANDLTD,2026-09-30,180.13,134.96,141.42,33.47,True,True,True,True,84.52,2.91,184.8,114.31,-2.53,57.58,85,NEAR 52W HIGH,within 5% of 52W high; above 200DMA; above 50DMA; 200DMA rising; volume confirmation,,,,0,0,NOT A RECOVERY,False,,154.25,2026-05-18,16.78,True,False,100,PRIOR HIGH BREAKOUT,above prior high; above 200DMA; above 50DMA; RSI >=50; volume >=1.2x,100,above 200DMA; above 50DMA; 200DMA rising; 50DMA > 200DMA; RSI >=50; volume >=1.2x,True,94.75,195.14,8.33,162.12,0.83,PRIOR HIGH BREAKOUT,3.944711,1.6388401,43.77,111.00000000000001,24948604928.0,,,-0.7889999999999999,12.345,111.455,,,,20.7,97.5,97.5,74.0,86.45,True
13,THELEELA,2026-09-30,573.8,457.7,526.83,25.37,True,True,True,True,62.06,3.37,586.95,384.5,-2.24,49.23,95,NEAR 52W HIGH,within 5% of 52W high; above 200DMA; above 50DMA; 200DMA rising; healthy RSI; volume confirmation,,,,0,0,NOT A RECOVERY,False,,473.95,2025-10-14,21.07,True,False,100,PRIOR HIGH BREAKOUT,above prior high; above 200DMA; above 50DMA; RSI >=50; volume >=1.2x,100,above 200DMA; above 50DMA; 200DMA rising; 50DMA > 200DMA; RSI >=50; volume >=1.2x,True,98.25,621.07,8.24,516.42,0.82,PRIOR HIGH BREAKOUT,42.019943,2.9492111,13.54,,190005346304.0,,,31.457,27.621000000000002,28.065,,,,28.1,386.7,386.7,68.0,86.15,True
19,MAHSEAMLES,2026-09-30,737.65,600.05,646.91,22.93,True,True,True,True,67.91,3.14,768.0,500.7,-3.95,47.32,95,NEAR 52W HIGH,within 5% of 52W high; above 200DMA; above 50DMA; 200DMA rising; healthy RSI; volume confirmation,,,,0,0,NOT A RECOVERY,False,,690.0,2026-04-23,6.91,True,False,100,PRIOR HIGH BREAKOUT,above prior high; above 200DMA; above 50DMA; RSI >=50; volume >=1.2x,100,above 200DMA; above 50DMA; 200DMA rising; 50DMA > 200DMA; RSI >=50; volume >=1.2x,True,98.25,790.66,7.19,663.89,0.72,PRIOR HIGH BREAKOUT,12.697619,1.3623301,55.03,136.0,93631971328.0,,,13.951999,15.958998999999999,0.194,,,,-4.7,15.6,15.6,68.0,86.15,True
21,TFCILTD,2026-09-30,141.91,85.34,127.47,66.3,True,True,True,True,61.28,2.63,148.5,51.0,-4.44,178.25,95,NEAR 52W HIGH,within 5% of 52W high; above 200DMA; above 50DMA; 200DMA rising; healthy RSI; volume confirmation,,,,0,0,NOT A RECOVERY,False,,80.45,2026-02-24,76.4,True,False,100,PRIOR HIGH BREAKOUT,above prior high; above 200DMA; above 50DMA; RSI >=50; volume >=1.2x,100,above 200DMA; above 50DMA; 200DMA rising; 50DMA > 200DMA; RSI >=50; volume >=1.2x,True,98.25,151.06,6.44,127.72,0.64,PRIOR HIGH BREAKOUT,41.804214,4.8980093,3.32,42.0,64256610304.0,,,89.208,67.816,81.939,,,,98.3,100.0,100.0,68.0,86.15,True
22,AJANTPHARM,2026-09-30,3620.8,3106.15,3532.28,16.57,True,True,True,True,59.61,3.87,3796.0,2329.9,-4.62,55.41,95,NEAR 52W HIGH,within 5% of 52W high; above 200DMA; above 50DMA; 200DMA rising; healthy RSI; volume confirmation,,,,0,0,NOT A RECOVERY,False,,2881.5,2025-03-21,25.66,True,False,100,PRIOR HIGH BREAKOUT,above prior high; above 200DMA; above 50DMA; RSI >=50; volume >=1.2x,100,above 200DMA; above 50DMA; 200DMA rising; 50DMA > 200DMA; RSI >=50; volume >=1.2x,True,98.25,3775.34,4.27,3258.72,0.43,PRIOR HIGH BREAKOUT,39.40361,9.882601,90.88,177.0,447478267904.0,,,25.195997999999996,19.648,5.874,,,,24.8,30.8,30.8,62.0,83.75,True
106,DIVISLAB,2026-09-30,9291.5,7042.78,8809.13,31.93,True,True,True,True,52.9,1.13,9740.0,5636.5,-4.6,64.85,85,NEAR 52W HIGH,within 5% of 52W high; above 200DMA; above 50DMA; 200DMA rising; healthy RSI,,,,0,0,NOT A RECOVERY,False,,7071.5,2025-07-08,31.39,True,False,90,PRIOR HIGH BREAKOUT,above prior high; above 200DMA; above 50DMA; RSI >=50,85,above 200DMA; above 50DMA; 200DMA rising; 50DMA > 200DMA; RSI >=50,True,86.0,9648.07,3.84,8362.35,0.38,PRIOR HIGH BREAKOUT,83.64837,14.649003,110.57,32.0,2455318822912.0,,,36.655998000000004,26.046000000000003,0.042,,,,27.800000000000004,65.7,65.7,80.0,83.6,True
28,ONEPOINT,2026-09-30,73.39,54.77,58.57,33.99,True,True,True,True,85.86,1.76,74.4,40.58,-1.36,80.85,90,AT 52W HIGH,within 2% of 52W high; above 200DMA; above 50DMA; 200DMA rising; volume confirmation,,,,0,0,NOT A RECOVERY,False,,69.99,2025-05-20,4.86,True,False,100,PRIOR HIGH BREAKOUT,above prior high; above 200DMA; above 50DMA; RSI >=50; volume >=1.2x,100,above 200DMA; above 50DMA; 200DMA rising; 50DMA > 200DMA; RSI >=50; volume >=1.2x,True,96.5,80.68,9.93,66.05,0.99,PRIOR HIGH BREAKOUT,43.49123,4.407111,1.71,,19554609152.0,,,15.774,11.206000000000001,47.642,,,,129.4,72.2,72.2,62.0,82.7,True
29,BHAGERIA,2026-09-30,406.45,196.16,263.59,107.2,True,True,True,True,75.1,1.33,413.5,127.51,-1.7,218.76,90,AT 52W HIGH,within 2% of 52W high; above 200DMA; above 50DMA; 200DMA rising; volume confirmation,,,,0,0,NOT A RECOVERY,False,,244.6,2025-10-24,66.17,True,False,100,PRIOR HIGH BREAKOUT,above prior high; above 200DMA; above 50DMA; RSI >=50; volume >=1.2x,100,above 200DMA; above 50DMA; 200DMA rising; 50DMA > 200DMA; RSI >=50; volume >=1.2x,True,96.5,454.37,11.79,365.81,1.18,PRIOR HIGH BREAKOUT,24.165085,2.791967,15.81,62.0,16674258944.0,,,11.307999500000001,6.876,18.402,,,,81.89999999999999,203.5,203.5,62.0,82.7,True
4,HITECHCORP,2026-09-30,345.25,226.08,329.7,52.71,True,True,True,True,65.71,3.26,346.0,112.0,-0.22,208.26,100,AT 52W HIGH,within 2% of 52W high; above 200DMA; above 50DMA; 200DMA rising; healthy RSI; volume confirmation,,,,0,0,NOT A RECOVERY,False,,223.44,2025-09-11,54.52,True,False,100,PRIOR HIGH BREAKOUT,above prior high; above 200DMA; above 50DMA; RSI >=50; volume >=1.2x,100,above 200DMA; above 50DMA; 200DMA rising; 50DMA > 200DMA; RSI >=50; volume >=1.2x,True,100.0,363.14,5.18,310.73,0.52,PRIOR HIGH BREAKOUT,33.292564,2.054811,10.22,28.999999999999996,5844032000.0,,,5.747,2.503,48.253,,,,36.8,50.0,50.0,56.0,82.4,True
10,EMIL,2026-09-30,205.36,124.17,174.56,65.38,True,True,True,True,64.89,3.42,208.98,84.9,-1.73,141.88,100,AT 52W HIGH,within 2% of 52W high; above 200DMA; above 50DMA; 200DMA rising; healthy RSI; volume confirmation,,,,0,0,NOT A RECOVERY,False,,168.5,2025-09-22,21.88,True,False,100,PRIOR HIGH BREAKOUT,above prior high; above 200DMA; above 50DMA; RSI >=50; volume >=1.2x,100,above 200DMA; above 50DMA; 200DMA rising; 50DMA > 200DMA; RSI >=50; volume >=1.2x,True,100.0,224.83,9.48,184.82,0.95,PRIOR HIGH BREAKOUT,38.06903,4.8406997,5.36,,78507991040.0,,,8.1590004,2.622,122.806,,,,39.1,460.70000000000005,460.70000000000005,56.0,82.4,True
394,KAJARIACER,2026-09-30,1235.1,1095.03,1217.63,12.79,True,True,True,True,54.77,6.25,1293.8,869.6,-4.54,42.03,95,NEAR 52W HIGH,within 5% of 52W high; above 200DMA; above 50DMA; 200DMA rising; healthy RSI; volume confirmation,,,,0,0,NOT A RECOVERY,False,,1293.8,2025-10-17,-4.54,False,True,85,NEAR PRIOR HIGH,within 5% of prior high; above 200DMA; above 50DMA; RSI >=50; volume >=1.2x,100,above 200DMA; above 50DMA; 200DMA rising; 50DMA > 200DMA; RSI >=50; volume >=1.2x,True,95.25,1300.33,5.28,1111.59,0.53,NEAR PRIOR HIGH,35.675594,6.364255,34.34,97.0,192515948544.0,,,16.424999,10.7980005,7.302,,,,20.4,55.400000000000006,55.400000000000006,62.0,81.95,True
6,SURAKSHA,2026-09-30,355.4,282.31,307.72,25.89,True,True,True,True,65.94,1.27,360.0,224.1,-1.28,58.59,100,AT 52W HIGH,within 2% of 52W high; above 200DMA; above 50DMA; 200DMA rising; healthy RSI; volume confirmation,,,,0,0,NOT A RECOVERY,False,,333.0,2025-09-16,6.73,True,False,100,PRIOR HIGH BREAKOUT,above prior high; above 200DMA; above 50DMA; RSI >=50; volume >=1.2x,100,above 200DMA; above 50DMA; 200DMA rising; 50DMA > 200DMA; RSI >=50; volume >=1.2x,True,100.0,385.43,8.45,319.86,0.84,PRIOR HIGH BREAKOUT,50.82003,7.422678,6.89,14.000000000000002,18236078080.0,,,21.802,10.998999,53.533,,,,20.7,38.9,38.9,54.0,81.6,True
9,SONACOMS,2026-09-30,830.0,614.24,794.3,35.13,True,True,True,True,58.69,1.3,844.0,403.3,-1.66,105.8,100,AT 52W HIGH,within 2% of 52W high; above 200DMA; above 50DMA; 200DMA rising; healthy RSI; volume confirmation,,,,0,0,NOT A RECOVERY,False,,559.5,2025-05-26,48.35,True,False,100,PRIOR HIGH BREAKOUT,above prior high; above 200DMA; above 50DMA; RSI >=50; volume >=1.2x,100,above 200DMA; above 50DMA; 200DMA rising; 50DMA > 200DMA; RSI >=50; volume >=1.2x,True,100.0,874.39,5.35,747.0,0.53,PRIOR HIGH BREAKOUT,71.81088,8.36694,11.21,43.0,502423388160.0,,,16.643,14.212,7.213,,,,52.400000000000006,44.3,44.3,54.0,81.6,True
406,CASTROLIND,2026-09-30,200.52,185.77,189.37,7.94,True,True,True,True,67.13,0.7,207.2,170.1,-3.22,17.88,85,NEAR 52W HIGH,within 5% of 52W high; above 200DMA; above 50DMA; 200DMA rising; healthy RSI,,,,0,0,NOT A RECOVERY,False,,202.4,2025-12-24,-0.93,False,True,75,NEAR PRIOR HIGH,within 5% of prior high; above 200DMA; above 50DMA; RSI >=50,85,above 200DMA; above 50DMA; 200DMA rising; 50DMA > 200DMA; RSI >=50,True,83.0,207.9,3.68,180.47,0.37,NEAR PRIOR HIGH,18.54986,10.329008,10.73,623.0,196874911744.0,56.996,,24.779,17.066,2.784,1.511,0.852,,25.0,42.1,42.1,79.0,81.4,True
24,GALAPREC,2026-09-30,1197.2,903.25,1064.44,32.54,True,True,True,True,67.85,2.52,1260.0,671.2,-4.98,78.37,95,NEAR 52W HIGH,within 5% of 52W high; above 200DMA; above 50DMA; 200DMA rising; healthy RSI; volume confirmation,,,,0,0,NOT A RECOVERY,False,,897.0,2025-07-23,33.47,True,False,100,PRIOR HIGH BREAKOUT,above prior high; above 200DMA; above 50DMA; RSI >=50; volume >=1.2x,100,above 200DMA; above 50DMA; 200DMA rising; 50DMA > 200DMA; RSI >=50; volume >=1.2x,True,98.25,1302.09,8.76,1077.48,0.88,PRIOR HIGH BREAKOUT,40.984074,5.0589,28.25,,14838596608.0,,,12.059000000000001,11.372,13.04,,,,19.5,24.5,24.5,56.0,81.35,True
25,QMSMEDI,2026-09-30,205.96,103.9,147.42,98.22,True,True,True,True,73.51,2.6,216.79,68.95,-5.0,198.71,95,NEAR 52W HIGH,within 5% of 52W high; above 200DMA; above 50DMA; 200DMA rising; healthy RSI; volume confirmation,,,,0,0,NOT A RECOVERY,False,,110.5,2025-09-19,86.39,True,False,100,PRIOR HIGH BREAKOUT,above prior high; above 200DMA; above 50DMA; RSI >=50; volume >=1.2x,100,above 200DMA; above 50DMA; 200DMA rising; 50DMA > 200DMA; RSI >=50; volume >=1.2x,True,98.25,224.86,9.18,185.36,0.92,PRIOR HIGH BREAKOUT,37.270477,6.595099,5.25,24.0,3783757568.0,,,12.031999,5.924,65.354,,,,22.3,25.0,25.0,56.0,81.35,True
3,OCCLLTD,2026-09-30,187.44,117.46,160.16,59.57,True,True,True,True,74.92,1.93,187.44,75.71,0.0,147.58,105,52W HIGH BREAKOUT,at/new 52W high; above 200DMA; above 50DMA; 200DMA rising; healthy RSI; volume confirmation,,,,0,0,NOT A RECOVERY,False,,159.42,2025-08-01,17.58,True,False,100,PRIOR HIGH BREAKOUT,above prior high; above 200DMA; above 50DMA; RSI >=50; volume >=1.2x,100,above 200DMA; above 50DMA; 200DMA rising; 50DMA > 200DMA; RSI >=50; volume >=1.2x,True,101.75,204.12,8.9,168.7,0.89,PRIOR HIGH BREAKOUT,12.916556,,14.98,149.0,9664914432.0,,,0.0,0.0,,,,,,,,50.0,81.05,True
70,KINGFA,2026-09-30,6482.5,4921.45,5817.43,31.72,True,True,True,True,66.8,1.19,6601.0,3649.9,-1.8,77.61,90,AT 52W HIGH,within 2% of 52W high; above 200DMA; above 50DMA; 200DMA rising; healthy RSI,,,,0,0,NOT A RECOVERY,False,,4880.0,2025-10-15,32.84,True,False,90,PRIOR HIGH BREAKOUT,above prior high; above 200DMA; above 50DMA; RSI >=50,85,above 200DMA; above 50DMA; 200DMA rising; 50DMA > 200DMA; RSI >=50,True,87.75,6919.79,6.75,5834.25,0.67,PRIOR HIGH BREAKOUT,38.632763,6.37859,170.49,31.0,89256173568.0,,,15.831000000000001,10.1560004,1.101,,,,49.1,80.10000000000001,80.10000000000001,70.0,80.65,True
121,ONELIFECAP,2026-09-30,40.08,24.07,34.14,66.52,True,True,True,True,77.1,0.69,40.5,11.15,-1.04,259.46,80,AT 52W HIGH,within 2% of 52W high; above 200DMA; above 50DMA; 200DMA rising,,,,0,0,NOT A RECOVERY,False,,18.59,2025-11-07,115.6,True,False,90,PRIOR HIGH BREAKOUT,above prior high; above 200DMA; above 50DMA; RSI >=50,85,above 200DMA; above 50DMA; 200DMA rising; 50DMA > 200DMA; RSI >=50,True,84.25,44.28,10.47,36.07,1.05,PRIOR HIGH BREAKOUT,8.347389,2.0273104,4.98,2.0,1553055232.0,,,59.608000000000004,25.814999999999998,42.418,,,,320.40000000000003,,,75.0,80.55,True
111,SOUTHBANK,2026-09-30,48.24,42.6,46.47,13.24,True,True,True,True,57.71,1.18,50.68,28.71,-4.81,68.03,85,NEAR 52W HIGH,within 5% of 52W high; above 200DMA; above 50DMA; 200DMA rising; healthy RSI,,,,0,0,NOT A RECOVERY,False,,46.84,2026-01-22,2.99,True,False,90,PRIOR HIGH BREAKOUT,above prior high; above 200DMA; above 50DMA; RSI >=50,85,above 200DMA; above 50DMA; 200DMA rising; 50DMA > 200DMA; RSI >=50,True,86.0,51.41,6.57,43.42,0.66,PRIOR HIGH BREAKOUT,8.236111,1.0530756,5.76,93.0,124269248512.0,13.596,,38.448003,29.435,,,,,8.6,17.1,17.1,72.0,80.4,True
60,RBZJEWEL,2026-09-30,207.23,141.24,159.81,46.72,True,True,True,True,70.52,0.22,207.66,100.0,-0.21,107.23,90,AT 52W HIGH,within 2% of 52W high; above 200DMA; above 50DMA; 200DMA rising; healthy RSI,,,,0,0,NOT A RECOVERY,False,,165.44,2026-07-14,25.26,True,False,90,PRIOR HIGH BREAKOUT,above prior high; above 200DMA; above 50DMA; RSI >=50,85,above 200DMA; above 50DMA; 200DMA rising; 50DMA > 200DMA; RSI >=50,True,87.75,227.02,9.55,186.51,0.95,PRIOR HIGH BREAKOUT,13.864084,2.626404,14.2,,7874799616.0,,,13.475001,8.327,56.626,,,,59.8,27.500000000000004,27.500000000000004,68.0,79.85,True
63,SWARAJ,2026-09-30,388.6,295.72,352.16,31.41,True,True,True,True,68.09,0.47,391.85,158.5,-0.83,145.17,90,AT 52W HIGH,within 2% of 52W high; above 200DMA; above 50DMA; 200DMA rising; healthy RSI,,,,0,0,NOT A RECOVERY,False,,386.75,2026-08-18,0.48,True,False,90,PRIOR HIGH BREAKOUT,above prior high; above 200DMA; above 50DMA; RSI >=50,85,above 200DMA; above 50DMA; 200DMA rising; 50DMA > 200DMA; RSI >=50,True,87.75,423.59,9.0,349.74,0.9,PRIOR HIGH BREAKOUT,15.34756,2.4905996,24.6,,9974213632.0,,,16.370001000000002,8.947,96.062,,,,138.79999999999998,46.1,46.1,68.0,79.85,True
23,MMP,2026-09-30,474.85,288.17,385.54,64.78,True,True,True,True,64.03,1.21,498.0,185.2,-4.65,156.4,95,NEAR 52W HIGH,within 5% of 52W high; above 200DMA; above 50DMA; 200DMA rising; healthy RSI; volume confirmation,,,,0,0,NOT A RECOVERY,False,,319.98,2026-05-05,48.4,True,False,100,PRIOR HIGH BREAKOUT,above prior high; above 200DMA; above 50DMA; RSI >=50; volume >=1.2x,100,above 200DMA; above 50DMA; 200DMA rising; 50DMA > 200DMA; RSI >=50; volume >=1.2x,True,98.25,530.44,11.71,427.37,1.17,PRIOR HIGH BREAKOUT,22.810757,3.2975416,19.71,42.0,11421014016.0,,,7.6230004000000005,5.7389997,53.253,,,,26.900000000000002,,,52.0,79.75,True
91,STEELCAS,2026-09-30,377.2,275.0,335.27,37.16,True,True,True,True,67.13,0.69,390.9,176.02,-3.5,114.29,85,NEAR 52W HIGH,within 5% of 52W high; above 200DMA; above 50DMA; 200DMA rising; healthy RSI,,,,0,0,NOT A RECOVERY,False,,255.8,2025-07-30,47.46,True,False,90,PRIOR HIGH BREAKOUT,above prior high; above 200DMA; above 50DMA; RSI >=50,85,above 200DMA; above 50DMA; 200DMA rising; 50DMA > 200DMA; RSI >=50,True,86.0,413.12,9.52,339.48,0.95,PRIOR HIGH BREAKOUT,39.693768,9.132016,8.98,48.0,36072742912.0,,,22.996001,20.549999,,,,,17.0,19.1,19.1,70.0,79.6,True
115,KRONOX,2026-09-30,216.38,143.25,174.73,51.05,True,True,True,True,71.87,0.94,227.74,96.0,-4.99,125.4,85,NEAR 52W HIGH,within 5% of 52W high; above 200DMA; above 50DMA; 200DMA rising; healthy RSI,,,,0,0,NOT A RECOVERY,False,,180.5,2025-09-19,19.88,True,False,90,PRIOR HIGH BREAKOUT,above prior high; above 200DMA; above 50DMA; RSI >=50,85,above 200DMA; above 50DMA; 200DMA rising; 50DMA > 200DMA; RSI >=50,True,86.0,238.03,10.0,194.74,1.0,PRIOR HIGH BREAKOUT,26.414635,6.504299,7.79,23.0,7634890240.0,,,30.106001999999997,27.235,1.384,,,,16.900000000000002,17.599999999999998,17.599999999999998,70.0,79.6,True
395,THEJO,2026-09-30,2175.4,1812.54,2102.55,20.02,True,True,True,True,55.1,1.44,2286.6,1443.6,-4.86,50.69,95,NEAR 52W HIGH,within 5% of 52W high; above 200DMA; above 50DMA; 200DMA rising; healthy RSI; volume confirmation,,,,0,0,NOT A RECOVERY,False,,2192.9,2025-08-12,-0.8,False,True,85,NEAR PRIOR HIGH,within 5% of prior high; above 200DMA; above 50DMA; RSI >=50; volume >=1.2x,100,above 200DMA; above 50DMA; 200DMA rising; 50DMA > 200DMA; RSI >=50; volume >=1.2x,True,95.25,2317.77,6.54,1957.86,0.65,NEAR PRIOR HIGH,40.06576,6.3398104,51.7,23.0,22469414912.0,,,11.156,8.307,10.776,,,,31.0,71.7,71.7,56.0,79.55,True
396,ADANIPORTS,2026-09-30,1798.3,1631.75,1722.2,10.21,True,True,True,True,55.9,1.59,1891.1,1292.0,-4.91,39.19,95,NEAR 52W HIGH,within 5% of 52W high; above 200DMA; above 50DMA; 200DMA rising; healthy RSI; volume confirmation,,,,0,0,NOT A RECOVERY,False,,1891.1,2026-07-03,-4.91,False,True,85,NEAR PRIOR HIGH,within 5% of prior high; above 200DMA; above 50DMA; RSI >=50; volume >=1.2x,100,above 200DMA; above 50DMA; 200DMA rising; 50DMA > 200DMA; RSI >=50; volume >=1.2x,True,95.25,1880.74,4.58,1618.47,0.46,NEAR PRIOR HIGH,29.645174,4.172439,58.62,42.0,4003820208128.0,,,44.629999999999995,32.431,64.051,,,,18.6,2.4,2.4,56.0,79.55,True
32,VALIANTORG,2026-09-30,455.1,280.36,328.82,62.32,True,True,True,True,76.34,5.56,467.0,195.0,-2.55,133.38,85,NEAR 52W HIGH,within 5% of 52W high; above 200DMA; above 50DMA; 200DMA rising; volume confirmation,,,,0,0,NOT A RECOVERY,False,,329.5,2026-05-18,38.12,True,False,100,PRIOR HIGH BREAKOUT,above prior high; above 200DMA; above 50DMA; RSI >=50; volume >=1.2x,100,above 200DMA; above 50DMA; 200DMA rising; 50DMA > 200DMA; RSI >=50; volume >=1.2x,True,94.75,512.28,12.56,409.59,1.26,PRIOR HIGH BREAKOUT,24.608046,1.7607661,19.39,,13376713728.0,,,13.563,7.062,33.698,,,,13.3,256.3,256.3,56.0,79.25,True
8,MOREPENLAB,2026-09-30,125.99,56.62,95.55,122.52,True,True,True,True,65.75,1.51,128.1,33.05,-1.65,281.21,100,AT 52W HIGH,within 2% of 52W high; above 200DMA; above 50DMA; 200DMA rising; healthy RSI; volume confirmation,,,,0,0,NOT A RECOVERY,False,,55.5,2025-09-18,127.01,True,False,100,PRIOR HIGH BREAKOUT,above prior high; above 200DMA; above 50DMA; RSI >=50; volume >=1.2x,100,above 200DMA; above 50DMA; 200DMA rising; 50DMA > 200DMA; RSI >=50; volume >=1.2x,True,100.0,140.77,11.73,113.39,1.17,PRIOR HIGH BREAKOUT,52.234375,6.0323906,2.56,16.0,73272369152.0,,,13.012,7.204000000000001,16.667,,,,34.1,415.00000000000006,415.00000000000006,48.0,79.2,True
16,NURECA,2026-09-30,366.6,282.59,330.28,29.73,True,True,True,True,65.39,2.18,376.0,204.0,-2.5,79.71,95,NEAR 52W HIGH,within 5% of 52W high; above 200DMA; above 50DMA; 200DMA rising; healthy RSI; volume confirmation,,,,0,0,NOT A RECOVERY,False,,343.0,2025-10-20,6.88,True,False,100,PRIOR HIGH BREAKOUT,above prior high; above 200DMA; above 50DMA; RSI >=50; volume >=1.2x,100,above 200DMA; above 50DMA; 200DMA rising; 50DMA > 200DMA; RSI >=50; volume >=1.2x,True,98.25,402.79,9.87,329.94,0.99,PRIOR HIGH BREAKOUT,77.57206,1.8467784,4.51,,3497971200.0,,,7.1490005,2.8320000000000003,1.25,,,,18.0,296.3,296.3,50.0,78.95,True
81,EDELWEISS,2026-09-30,142.73,117.04,127.03,21.94,True,True,True,True,62.57,1.04,146.0,98.0,-2.24,45.64,85,NEAR 52W HIGH,within 5% of 52W high; above 200DMA; above 50DMA; 200DMA rising; healthy RSI,,,,0,0,NOT A RECOVERY,False,,130.7,2026-02-18,9.2,True,False,90,PRIOR HIGH BREAKOUT,above prior high; above 200DMA; above 50DMA; RSI >=50,85,above 200DMA; above 50DMA; 200DMA rising; 50DMA > 200DMA; RSI >=50,True,86.0,153.41,7.48,128.46,0.75,PRIOR HIGH BREAKOUT,18.510067,2.8233318,7.45,105.0,130526707712.0,,,5.35,8.392999,319.986,,,,23.0,27.3,27.3,68.0,78.8,True
87,REDINGTON,2026-09-30,407.0,275.85,357.79,47.54,True,True,True,True,64.38,0.73,419.5,191.31,-2.98,112.74,85,NEAR 52W HIGH,within 5% of 52W high; above 200DMA; above 50DMA; 200DMA rising; healthy RSI,,,,0,0,NOT A RECOVERY,False,,334.8,2025-06-30,21.57,True,False,90,PRIOR HIGH BREAKOUT,above prior high; above 200DMA; above 50DMA; RSI >=50,85,above 200DMA; above 50DMA; 200DMA rising; 50DMA > 200DMA; RSI >=50,True,86.0,435.41,6.98,366.3,0.7,PRIOR HIGH BREAKOUT,18.279743,3.0618606,21.77,147.0,311107125248.0,,,1.881,1.3259999,27.26,,,,34.599999999999994,76.7,76.7,68.0,78.8,True
93,ENGINERSIN,2026-09-30,309.6,227.47,258.61,36.1,True,True,True,True,68.44,0.53,321.4,163.55,-3.67,89.3,85,NEAR 52W HIGH,within 5% of 52W high; above 200DMA; above 50DMA; 200DMA rising; healthy RSI,,,,0,0,NOT A RECOVERY,False,,255.45,2025-07-11,21.2,True,False,90,PRIOR HIGH BREAKOUT,above prior high; above 200DMA; above 50DMA; RSI >=50,85,above 200DMA; above 50DMA; 200DMA rising; 50DMA > 200DMA; RSI >=50,True,86.0,333.84,7.83,278.64,0.78,PRIOR HIGH BREAKOUT,22.403296,5.602329,13.96,161.0,175778758656.0,,,14.229,20.222001,0.534,,,,-5.800000000000001,142.2,142.2,68.0,78.8,True
751,ACE,2026-09-30,1232.0,961.38,1135.7,28.15,True,True,True,True,63.49,0.99,1268.0,745.1,-2.84,65.35,85,NEAR 52W HIGH,within 5% of 52W high; above 200DMA; above 50DMA; 200DMA rising; healthy RSI,,,,0,0,NOT A RECOVERY,False,,,,,False,False,40,ABOVE 200DMA,above 200DMA; above 50DMA; RSI >=50,85,above 200DMA; above 50DMA; 200DMA rising; 50DMA > 200DMA; RSI >=50,True,76.0,1307.01,6.09,1108.8,0.61,HIGH LEVEL,33.0237,7.173882,36.71,16.0,144297508864.0,,,13.841999999999999,12.796,0.393,,,,20.5,22.3,22.3,82.0,78.4,True
12,SYRMA,2026-09-30,1782.9,1104.71,1513.13,61.39,True,True,True,True,66.68,1.31,1820.0,634.5,-2.04,180.99,95,NEAR 52W HIGH,within 5% of 52W high; above 200DMA; above 50DMA; 200DMA rising; healthy RSI; volume confirmation,,,,0,0,NOT A RECOVERY,False,,909.9,2025-11-13,95.94,True,False,100,PRIOR HIGH BREAKOUT,above prior high; above 200DMA; above 50DMA; RSI >=50; volume >=1.2x,100,above 200DMA; above 50DMA; 200DMA rising; 50DMA > 200DMA; RSI >=50; volume >=1.2x,True,98.25,1944.0,9.04,1604.61,0.9,PRIOR HIGH BREAKOUT,89.19522,11.4815235,19.26,8.0,330910466048.0,,,8.756,6.737,13.045,,,,68.30000000000001,86.0,86.0,48.0,78.15,True
17,LALPATHLAB,2026-09-30,1987.0,1594.82,1905.47,24.59,True,True,True,True,64.96,1.61,2038.6,1272.6,-2.53,56.14,95,NEAR 52W HIGH,within 5% of 52W high; above 200DMA; above 50DMA; 200DMA rising; healthy RSI; volume confirmation,,,,0,0,NOT A RECOVERY,False,,1770.0,2025-09-19,12.26,True,False,100,PRIOR HIGH BREAKOUT,above prior high; above 200DMA; above 50DMA; RSI >=50; volume >=1.2x,100,above 200DMA; above 50DMA; 200DMA rising; 50DMA > 200DMA; RSI >=50; volume >=1.2x,True,98.25,2109.49,6.16,1788.3,0.62,PRIOR HIGH BREAKOUT,61.90491,13.348824,32.39,101.0,334807138304.0,,,25.461,18.745,7.83,,,,19.1,27.800000000000004,27.800000000000004,48.0,78.15,True
384,CUPID,2026-09-30,311.65,154.78,268.22,101.35,True,True,True,True,66.91,3.04,312.0,41.82,-0.11,645.29,100,AT 52W HIGH,within 2% of 52W high; above 200DMA; above 50DMA; 200DMA rising; healthy RSI; volume confirmation,,,,0,0,NOT A RECOVERY,False,,,,,False,False,50,ABOVE 200DMA,above 200DMA; above 50DMA; RSI >=50; volume >=1.2x,100,above 200DMA; above 50DMA; 200DMA rising; 50DMA > 200DMA; RSI >=50; volume >=1.2x,True,90.0,342.76,9.98,280.48,1.0,AT 52W HIGH,312.5,93.089066,1.0,,420206477312.0,,,37.985,30.351,12.506,,,,158.7,190.9,190.9,60.0,78.0,True
59,AUROPHARMA,2026-09-30,1672.0,1419.04,1643.85,17.83,True,True,True,True,49.06,1.51,1740.0,1066.8,-3.91,56.73,85,NEAR 52W HIGH,within 5% of 52W high; above 200DMA; above 50DMA; 200DMA rising; volume confirmation,,,,0,0,NOT A RECOVERY,False,,1270.8,2026-01-07,31.57,True,False,90,PRIOR HIGH BREAKOUT,above prior high; above 200DMA; above 50DMA; volume >=1.2x,90,above 200DMA; above 50DMA; 200DMA rising; 50DMA > 200DMA; volume >=1.2x,True,88.25,1741.31,4.15,1504.8,0.41,PRIOR HIGH BREAKOUT,25.78899,2.5702379,65.02,24.0,964793729024.0,,,15.237,10.627,21.31,,,,16.3,25.8,25.8,62.0,77.75,True
722,INDHOTEL,2026-09-30,728.65,688.1,727.54,5.89,True,True,True,True,51.65,1.27,757.4,565.0,-3.8,28.96,95,NEAR 52W HIGH,within 5% of 52W high; above 200DMA; above 50DMA; 200DMA rising; healthy RSI; volume confirmation,,,,0,0,NOT A RECOVERY,False,,883.85,2025-01-02,-17.56,False,False,50,ABOVE 200DMA,above 200DMA; above 50DMA; RSI >=50; volume >=1.2x,100,above 200DMA; above 50DMA; 200DMA rising; 50DMA > 200DMA; RSI >=50; volume >=1.2x,True,88.25,760.16,4.32,655.79,0.43,HIGH LEVEL,47.612732,7.8302217,15.08,45.0,1038662893568.0,,,24.399,20.868999,18.987,,,,15.1,20.7,20.7,62.0,77.75,True
65,SSWL,2026-09-30,408.1,242.59,332.94,68.23,True,True,True,True,73.43,0.95,413.75,169.0,-1.37,141.48,90,AT 52W HIGH,within 2% of 52W high; above 200DMA; above 50DMA; 200DMA rising; healthy RSI,,,,0,0,NOT A RECOVERY,False,,254.0,2025-09-17,60.67,True,False,90,PRIOR HIGH BREAKOUT,above prior high; above 200DMA; above 50DMA; RSI >=50,85,above 200DMA; above 50DMA; 200DMA rising; 50DMA > 200DMA; RSI >=50,True,87.75,448.25,9.84,367.29,0.98,PRIOR HIGH BREAKOUT,29.012619,3.4045072,13.47,37.0,61459202048.0,,,8.2600005,3.8580000000000005,45.898,,,,27.200000000000003,46.5,46.5,62.0,77.45,True
66,SAMBHV,2026-09-30,164.9,110.62,130.18,49.07,True,True,True,True,70.76,0.82,167.31,81.42,-1.44,102.53,90,AT 52W HIGH,within 2% of 52W high; above 200DMA; above 50DMA; 200DMA rising; healthy RSI,,,,0,0,NOT A RECOVERY,False,,141.32,2026-05-11,16.69,True,False,90,PRIOR HIGH BREAKOUT,above prior high; above 200DMA; above 50DMA; RSI >=50,85,above 200DMA; above 50DMA; 200DMA rising; 50DMA > 200DMA; RSI >=50,True,87.75,181.55,10.1,148.41,1.01,PRIOR HIGH BREAKOUT,27.74055,4.5134325,5.82,,47574700032.0,,,11.291,6.371,35.435,,,,31.1,36.199999999999996,36.199999999999996,62.0,77.45,True
67,SOMANYCERA,2026-09-30,617.75,468.58,542.44,31.84,True,True,True,True,72.91,0.59,627.3,332.0,-1.52,86.07,90,AT 52W HIGH,within 2% of 52W high; above 200DMA; above 50DMA; 200DMA rising; healthy RSI,,,,0,0,NOT A RECOVERY,False,,571.0,2025-07-24,8.19,True,False,90,PRIOR HIGH BREAKOUT,above prior high; above 200DMA; above 50DMA; RSI >=50,85,above 200DMA; above 50DMA; 200DMA rising; 50DMA > 200DMA; RSI >=50,True,87.75,656.66,6.3,555.98,0.63,PRIOR HIGH BREAKOUT,23.732613,2.9903502,25.88,146.0,25190066176.0,,,7.693999999999999,3.624,40.692,,,,24.0,242.89999999999998,242.89999999999998,62.0,77.45,True
27,SHIVAUM,2026-09-30,557.15,361.83,453.43,53.98,True,True,True,True,87.83,1.26,559.1,275.0,-0.35,102.6,90,AT 52W HIGH,within 2% of 52W high; above 200DMA; above 50DMA; 200DMA rising; volume confirmation,,,,0,0,NOT A RECOVERY,False,,360.55,2026-01-06,54.53,True,False,100,PRIOR HIGH BREAKOUT,above prior high; above 200DMA; above 50DMA; RSI >=50; volume >=1.2x,100,above 200DMA; above 50DMA; 200DMA rising; 50DMA > 200DMA; RSI >=50; volume >=1.2x,True,96.5,597.14,7.18,501.44,0.72,PRIOR HIGH BREAKOUT,104.83932,6.2445107,5.29,,7542781440.0,,,4.705,1.5700001000000001,80.361,,,,25.2,149.10000000000002,149.10000000000002,48.0,77.1,True
723,KMEW,2026-09-30,3041.5,2094.73,2767.83,45.2,True,True,True,True,60.03,1.75,3175.0,1084.6,-4.2,180.43,95,NEAR 52W HIGH,within 5% of 52W high; above 200DMA; above 50DMA; 200DMA rising; healthy RSI; volume confirmation,,,,0,0,NOT A RECOVERY,False,,,,,False,False,50,ABOVE 200DMA,above 200DMA; above 50DMA; RSI >=50; volume >=1.2x,100,above 200DMA; above 50DMA; 200DMA rising; 50DMA > 200DMA; RSI >=50; volume >=1.2x,True,88.25,3329.36,9.46,2737.35,0.95,HIGH LEVEL,59.143948,12.649267,49.88,,74827268096.0,,,58.216,39.993,38.764,,,,138.1,392.2,392.2,60.0,76.95,True
62,WELINV,2026-09-30,2482.0,1643.25,2111.43,51.04,True,True,True,True,68.66,0.18,2499.9,1000.1,-0.72,148.18,90,AT 52W HIGH,within 2% of 52W high; above 200DMA; above 50DMA; 200DMA rising; healthy RSI,,,,0,0,NOT A RECOVERY,False,,1325.9,2025-07-02,87.19,True,False,90,PRIOR HIGH BREAKOUT,above prior high; above 200DMA; above 50DMA; RSI >=50,85,above 200DMA; above 50DMA; 200DMA rising; 50DMA > 200DMA; RSI >=50,True,87.75,2583.44,4.09,2233.8,0.41,PRIOR HIGH BREAKOUT,290.84506,1.3466038,8.52,,9085681664.0,0.43299999999999994,,-184.412,58.29600000000001,,124.468,124.354,,136.4,,,60.0,76.65,True
18,BLSE,2026-09-30,328.6,223.39,313.46,47.1,True,True,True,True,61.05,1.38,339.8,124.3,-3.3,164.36,95,NEAR 52W HIGH,within 5% of 52W high; above 200DMA; above 50DMA; 200DMA rising; healthy RSI; volume confirmation,,,,0,0,NOT A RECOVERY,False,,232.5,2025-06-11,41.33,True,False,100,PRIOR HIGH BREAKOUT,above prior high; above 200DMA; above 50DMA; RSI >=50; volume >=1.2x,100,above 200DMA; above 50DMA; 200DMA rising; 50DMA > 200DMA; RSI >=50; volume >=1.2x,True,98.25,348.48,6.05,295.74,0.6,PRIOR HIGH BREAKOUT,50.5573,5.608282,6.37,30.0,29195145216.0,,,6.508,4.934,1.076,,,,24.6,3.6999999999999997,3.6999999999999997,44.0,76.55,True
85,IVP,2026-09-30,225.91,159.15,191.85,41.95,True,True,True,True,67.77,0.64,232.0,110.0,-2.62,105.37,85,NEAR 52W HIGH,within 5% of 52W high; above 200DMA; above 50DMA; 200DMA rising; healthy RSI,,,,0,0,NOT A RECOVERY,False,,194.0,2026-07-06,16.45,True,False,90,PRIOR HIGH BREAKOUT,above prior high; above 200DMA; above 50DMA; RSI >=50,85,above 200DMA; above 50DMA; 200DMA rising; 50DMA > 200DMA; RSI >=50,True,86.0,241.97,7.11,203.32,0.71,PRIOR HIGH BREAKOUT,7.365989,1.4777784,30.52,66.0,2321447168.0,,,12.312,5.156000000000001,41.613,,,,12.0,1080.0,1080.0,62.0,76.4,True
96,ROLEXRINGS,2026-09-30,190.09,143.6,168.95,32.38,True,True,True,True,64.73,0.58,198.45,99.79,-4.21,90.49,85,NEAR 52W HIGH,within 5% of 52W high; above 200DMA; above 50DMA; 200DMA rising; healthy RSI,,,,0,0,NOT A RECOVERY,False,,154.09,2025-07-22,23.36,True,False,90,PRIOR HIGH BREAKOUT,above prior high; above 200DMA; above 50DMA; RSI >=50,85,above 200DMA; above 50DMA; 200DMA rising; 50DMA > 200DMA; RSI >=50,True,86.0,204.65,7.66,171.08,0.77,PRIOR HIGH BREAKOUT,35.637024,4.4063463,5.51,,51511730176.0,,,19.610001,13.153,,,,,4.3999999999999995,22.400000000000002,22.400000000000002,62.0,76.4,True
112,AARTIPHARM,2026-09-30,953.75,734.06,816.58,29.93,True,True,True,True,65.69,1.15,1002.4,585.0,-4.85,63.03,85,NEAR 52W HIGH,within 5% of 52W high; above 200DMA; above 50DMA; 200DMA rising; healthy RSI,,,,0,0,NOT A RECOVERY,False,,946.1,2025-09-16,0.81,True,False,90,PRIOR HIGH BREAKOUT,above prior high; above 200DMA; above 50DMA; RSI >=50,85,above 200DMA; above 50DMA; 200DMA rising; 50DMA > 200DMA; RSI >=50,True,86.0,1045.03,9.57,858.38,0.96,PRIOR HIGH BREAKOUT,42.85398,4.134031,22.6,42.0,87823400960.0,,,19.152,10.402001,37.359,,,,38.7,53.7,53.7,62.0,76.4,True
393,TBOTEK,2026-09-30,1685.2,1430.32,1646.49,17.82,True,True,True,True,51.67,2.86,1764.8,1004.2,-4.51,67.82,95,NEAR 52W HIGH,within 5% of 52W high; above 200DMA; above 50DMA; 200DMA rising; healthy RSI; volume confirmation,,,,0,0,NOT A RECOVERY,False,,1764.8,2025-11-21,-4.51,False,True,85,NEAR PRIOR HIGH,within 5% of prior high; above 200DMA; above 50DMA; RSI >=50; volume >=1.2x,100,above 200DMA; above 50DMA; 200DMA rising; 50DMA > 200DMA; RSI >=50; volume >=1.2x,True,95.25,1790.09,6.22,1516.68,0.62,NEAR PRIOR HIGH,67.94715,11.527109,24.6,,178489425920.0,,,11.933,8.561,48.762,,,,81.10000000000001,32.300000000000004,32.300000000000004,48.0,76.35,True
78,MBECL,2026-09-30,484.32,96.43,189.54,402.23,True,True,True,True,100.0,0.84,484.32,65.4,0.0,640.55,85,52W HIGH BREAKOUT,at/new 52W high; above 200DMA; above 50DMA; 200DMA rising,,,,0,0,NOT A RECOVERY,False,,65.4,2025-12-11,640.55,True,False,90,PRIOR HIGH BREAKOUT,above prior high; above 200DMA; above 50DMA; RSI >=50,85,above 200DMA; above 50DMA; 200DMA rising; 50DMA > 200DMA; RSI >=50,True,86.0,513.17,5.96,435.89,0.6,PRIOR HIGH BREAKOUT,0.4505737,2.884739,1096.38,,16466666496.0,,,-46.712002000000005,4955.123,17.165,,,,0.7000000000000001,,,60.0,75.6,True
79,SHEKHAWATI,2026-09-30,31.68,15.5,18.02,104.42,True,True,True,True,90.43,0.24,31.68,9.12,0.0,247.37,85,52W HIGH BREAKOUT,at/new 52W high; above 200DMA; above 50DMA; 200DMA rising,,,,0,0,NOT A RECOVERY,False,,22.75,2025-12-22,39.25,True,False,90,PRIOR HIGH BREAKOUT,above prior high; above 200DMA; above 50DMA; RSI >=50,85,above 200DMA; above 50DMA; 200DMA rising; 50DMA > 200DMA; RSI >=50,True,86.0,34.39,8.54,28.51,0.85,PRIOR HIGH BREAKOUT,8.407822,4.719348,3.58,,1037547008.0,,,-104.18799999999999,82.528,6.28,,,,-49.0,125.6,125.6,60.0,75.6,True
26,DYNAMATECH,2026-09-30,13611.0,10421.23,11546.98,30.61,True,True,True,True,78.66,1.97,13650.0,6716.0,-0.29,102.67,90,AT 52W HIGH,within 2% of 52W high; above 200DMA; above 50DMA; 200DMA rising; volume confirmation,,,,0,0,NOT A RECOVERY,False,,7693.2,2025-01-21,76.92,True,False,100,PRIOR HIGH BREAKOUT,above prior high; above 200DMA; above 50DMA; RSI >=50; volume >=1.2x,100,above 200DMA; above 50DMA; 200DMA rising; 50DMA > 200DMA; RSI >=50; volume >=1.2x,True,96.5,14634.43,7.52,12249.9,0.75,PRIOR HIGH BREAKOUT,219.7093,11.769346,62.61,6.0,93423091712.0,,,8.34,2.533,80.387,,,,14.499999999999998,93.10000000000001,93.10000000000001,42.0,74.7,True
90,RAMRAT,2026-09-30,582.4,394.68,503.81,47.56,True,True,True,True,63.73,0.71,602.45,268.0,-3.33,117.31,85,NEAR 52W HIGH,within 5% of 52W high; above 200DMA; above 50DMA; 200DMA rising; healthy RSI,,,,0,0,NOT A RECOVERY,False,,392.98,2025-07-30,48.2,True,False,90,PRIOR HIGH BREAKOUT,above prior high; above 200DMA; above 50DMA; RSI >=50,85,above 200DMA; above 50DMA; 200DMA rising; 50DMA > 200DMA; RSI >=50,True,86.0,631.08,8.36,524.16,0.84,PRIOR HIGH BREAKOUT,45.434784,9.93202,13.57,43.0,57554370560.0,,,4.1450000000000005,2.103,115.438,,,,88.6,127.8,127.8,56.0,74.0,True
101,BODALCHEM,2026-09-30,198.35,74.27,120.95,167.07,True,True,True,True,71.29,0.25,207.7,42.81,-4.5,363.33,85,NEAR 52W HIGH,within 5% of 52W high; above 200DMA; above 50DMA; 200DMA rising; healthy RSI,,,,0,0,NOT A RECOVERY,False,,81.9,2026-05-21,142.19,True,False,90,PRIOR HIGH BREAKOUT,above prior high; above 200DMA; above 50DMA; RSI >=50,85,above 200DMA; above 50DMA; 200DMA rising; 50DMA > 200DMA; RSI >=50,True,86.0,220.8,11.32,178.52,1.13,PRIOR HIGH BREAKOUT,34.816517,2.0609543,5.45,,23897886720.0,,,7.454,3.029,70.251,,,,56.10000000000001,217.1,217.1,56.0,74.0,True
105,VALIANTLAB,2026-09-30,126.23,73.27,95.59,72.27,True,True,True,True,63.84,0.83,132.25,49.51,-4.55,154.96,85,NEAR 52W HIGH,within 5% of 52W high; above 200DMA; above 50DMA; 200DMA rising; healthy RSI,,,,0,0,NOT A RECOVERY,False,,94.95,2025-09-22,32.94,True,False,90,PRIOR HIGH BREAKOUT,above prior high; above 200DMA; above 50DMA; RSI >=50,85,above 200DMA; above 50DMA; 200DMA rising; 50DMA > 200DMA; RSI >=50,True,86.0,141.76,12.3,113.61,1.23,PRIOR HIGH BREAKOUT,44.51246,2.2112222,2.81,,6793407488.0,,,22.896999,5.235,14.865,,,,146.2,826.2,826.2,56.0,74.0,True
110,GLAND,2026-09-30,2899.4,2154.19,2804.67,34.59,True,True,True,True,51.11,0.86,3042.0,1573.6,-4.69,84.25,85,NEAR 52W HIGH,within 5% of 52W high; above 200DMA; above 50DMA; 200DMA rising; healthy RSI,,,,0,0,NOT A RECOVERY,False,,2131.0,2025-07-29,36.06,True,False,90,PRIOR HIGH BREAKOUT,above prior high; above 200DMA; above 50DMA; RSI >=50,85,above 200DMA; above 50DMA; 200DMA rising; 50DMA > 200DMA; RSI >=50,True,86.0,3055.04,5.37,2609.46,0.54,PRIOR HIGH BREAKOUT,42.004967,4.5720973,68.43,69.0,474307166208.0,,,21.003,16.784,2.738,,,,19.6,46.9,46.9,56.0,74.0,True
385,LOTUSDEV,2026-09-30,224.53,154.55,192.51,45.28,True,True,True,True,66.4,0.76,226.0,102.2,-0.65,119.7,90,AT 52W HIGH,within 2% of 52W high; above 200DMA; above 50DMA; 200DMA rising; healthy RSI,,,,0,0,NOT A RECOVERY,False,,,,,False,False,40,ABOVE 200DMA,above 200DMA; above 50DMA; RSI >=50,85,above 200DMA; above 50DMA; 200DMA rising; 50DMA > 200DMA; RSI >=50,True,77.75,245.25,9.23,202.08,0.92,AT 52W HIGH,45.739563,5.8706307,5.03,22.0,112440664064.0,,,36.098,30.589,6.839,,,,115.8,57.599999999999994,57.599999999999994,68.0,73.85,True
84,SHILPAMED,2026-09-30,1047.2,525.21,855.42,99.39,True,True,True,True,65.24,0.55,1075.0,259.5,-2.59,303.55,85,NEAR 52W HIGH,within 5% of 52W high; above 200DMA; above 50DMA; 200DMA rising; healthy RSI,,,,0,0,NOT A RECOVERY,False,,500.0,2025-06-16,109.44,True,False,90,PRIOR HIGH BREAKOUT,above prior high; above 200DMA; above 50DMA; RSI >=50,85,above 200DMA; above 50DMA; 200DMA rising; 50DMA > 200DMA; RSI >=50,True,86.0,1149.47,9.77,942.48,0.98,PRIOR HIGH BREAKOUT,70.09881,8.03355,15.18,6.0,208118611968.0,,,21.697001,17.665,25.465,,,,44.9,115.39999999999999,115.39999999999999,54.0,73.2,True
407,EIMCOELECO,2026-09-30,2269.2,1742.76,2091.27,30.21,True,True,True,True,56.71,0.58,2380.0,1405.5,-4.66,61.45,85,NEAR 52W HIGH,within 5% of 52W high; above 200DMA; above 50DMA; 200DMA rising; healthy RSI,,,,0,0,NOT A RECOVERY,False,,2380.0,2025-10-09,-4.66,False,True,75,NEAR PRIOR HIGH,within 5% of prior high; above 200DMA; above 50DMA; RSI >=50,85,above 200DMA; above 50DMA; 200DMA rising; 50DMA > 200DMA; RSI >=50,True,83.0,2432.76,7.21,2042.28,0.72,NEAR PRIOR HIGH,33.08253,2.799384,68.58,18.0,13087311872.0,,,15.659,16.303,0.93,,,,14.7,6.2,6.2,58.0,73.0,True
11,SIGMAADV,2026-09-30,1025.7,403.67,746.85,154.09,True,True,True,True,77.44,1.41,1025.7,140.1,0.0,632.12,95,52W HIGH BREAKOUT,at/new 52W high; above 200DMA; above 50DMA; 200DMA rising; volume confirmation,,,,0,0,NOT A RECOVERY,False,,231.0,2025-11-04,344.03,True,False,100,PRIOR HIGH BREAKOUT,above prior high; above 200DMA; above 50DMA; RSI >=50; volume >=1.2x,100,above 200DMA; above 50DMA; 200DMA rising; 50DMA > 200DMA; RSI >=50; volume >=1.2x,True,98.25,1135.94,10.75,923.13,1.07,PRIOR HIGH BREAKOUT,113.47735,40.50933,9.49,,204534497280.0,,,14.87,19.245,70.808,,,,77343.6,-89.1,-89.1,34.0,72.55,True
61,STLTECH,2026-09-30,909.9,404.14,709.91,125.15,True,True,True,True,67.75,0.98,912.0,84.6,-0.23,975.53,90,AT 52W HIGH,within 2% of 52W high; above 200DMA; above 50DMA; 200DMA rising; healthy RSI,,,,0,0,NOT A RECOVERY,False,,140.4,2025-08-18,548.08,True,False,90,PRIOR HIGH BREAKOUT,above prior high; above 200DMA; above 50DMA; RSI >=50,85,above 200DMA; above 50DMA; 200DMA rising; 50DMA > 200DMA; RSI >=50,True,87.75,998.74,9.76,818.91,0.98,PRIOR HIGH BREAKOUT,205.8944,20.561522,4.64,,491104763904.0,,,15.706999999999999,4.306,85.626,,,,87.4,1755.0,1755.0,48.0,71.85,True
71,NEOGEN,2026-09-30,2451.6,1708.03,2213.91,43.53,True,True,True,True,61.92,0.65,2499.7,966.7,-1.92,153.61,90,AT 52W HIGH,within 2% of 52W high; above 200DMA; above 50DMA; 200DMA rising; healthy RSI,,,,0,0,NOT A RECOVERY,False,,1706.0,2025-06-25,43.7,True,False,90,PRIOR HIGH BREAKOUT,above prior high; above 200DMA; above 50DMA; RSI >=50,85,above 200DMA; above 50DMA; 200DMA rising; 50DMA > 200DMA; RSI >=50,True,87.75,2666.6,8.77,2206.44,0.88,PRIOR HIGH BREAKOUT,181.80515,7.7751975,13.24,4.0,72315133952.0,,,15.992999999999999,3.846,170.915,,,,34.0,61.7,61.7,48.0,71.85,True
82,AKUMS,2026-09-30,818.5,575.22,747.62,42.29,True,True,True,True,61.96,0.69,838.8,409.3,-2.42,99.98,85,NEAR 52W HIGH,within 5% of 52W high; above 200DMA; above 50DMA; 200DMA rising; healthy RSI,,,,0,0,NOT A RECOVERY,False,,592.0,2025-07-11,38.26,True,False,90,PRIOR HIGH BREAKOUT,above prior high; above 200DMA; above 50DMA; RSI >=50,85,above 200DMA; above 50DMA; 200DMA rising; 50DMA > 200DMA; RSI >=50,True,86.0,872.69,6.62,736.65,0.66,PRIOR HIGH BREAKOUT,42.63765,3.7571504,19.07,12.0,124487286784.0,,,11.453000000000001,6.4770006,5.756,,,,13.900000000000002,57.3,57.3,50.0,71.6,True
86,RPGLIFE,2026-09-30,3037.1,2327.48,2753.89,30.49,True,True,True,True,61.15,1.17,3127.8,1733.0,-2.9,75.25,85,NEAR 52W HIGH,within 5% of 52W high; above 200DMA; above 50DMA; 200DMA rising; healthy RSI,,,,0,0,NOT A RECOVERY,False,,2524.9,2026-05-07,20.29,True,False,90,PRIOR HIGH BREAKOUT,above prior high; above 200DMA; above 50DMA; RSI >=50,85,above 200DMA; above 50DMA; 200DMA rising; 50DMA > 200DMA; RSI >=50,True,86.0,3353.89,10.43,2733.39,1.04,PRIOR HIGH BREAKOUT,40.546486,8.007092,72.28,79.0,48470888448.0,,,19.107,16.292,3.304,,,,15.8,17.0,17.0,50.0,71.6,True
89,ESAFSFB,2026-09-30,44.52,31.1,40.85,43.13,True,True,True,True,68.9,1.15,46.0,19.78,-3.22,125.08,85,NEAR 52W HIGH,within 5% of 52W high; above 200DMA; above 50DMA; 200DMA rising; healthy RSI,,,,0,0,NOT A RECOVERY,False,,31.78,2026-05-11,40.09,True,False,90,PRIOR HIGH BREAKOUT,above prior high; above 200DMA; above 50DMA; RSI >=50,85,above 200DMA; above 50DMA; 200DMA rising; 50DMA > 200DMA; RSI >=50,True,86.0,48.51,8.97,40.07,0.9,PRIOR HIGH BREAKOUT,,1.252706,-0.1,,22399621120.0,,,18.128,-0.27999999999999997,,,,,74.2,,,50.0,71.6,True
107,NRBBEARING,2026-09-30,534.05,354.46,474.5,50.67,True,True,True,True,61.21,0.53,559.9,212.55,-4.62,151.26,85,NEAR 52W HIGH,within 5% of 52W high; above 200DMA; above 50DMA; 200DMA rising; healthy RSI,,,,0,0,NOT A RECOVERY,False,,313.25,2025-12-02,70.49,True,False,90,PRIOR HIGH BREAKOUT,above prior high; above 200DMA; above 50DMA; RSI >=50,85,above 200DMA; above 50DMA; 200DMA rising; 50DMA > 200DMA; RSI >=50,True,86.0,582.08,8.99,480.64,0.9,PRIOR HIGH BREAKOUT,35.65046,5.4632044,15.22,229.0,52590198784.0,,,12.262,10.576,15.653,,,,19.2,14.799999999999999,14.799999999999999,50.0,71.6,True
391,MAHLOG,2026-09-30,435.85,375.73,405.14,16.0,True,True,True,True,74.52,1.84,450.0,275.05,-3.14,58.46,95,NEAR 52W HIGH,within 5% of 52W high; above 200DMA; above 50DMA; 200DMA rising; healthy RSI; volume confirmation,,,,0,0,NOT A RECOVERY,False,,450.0,2026-04-24,-3.14,False,True,85,NEAR PRIOR HIGH,within 5% of prior high; above 200DMA; above 50DMA; RSI >=50; volume >=1.2x,100,above 200DMA; above 50DMA; 200DMA rising; 50DMA > 200DMA; RSI >=50; volume >=1.2x,True,95.25,461.5,5.89,392.27,0.59,NEAR PRIOR HIGH,98.43971,3.5169215,4.23,56.99999999999999,41339109376.0,,,2.152,0.522,54.179,,,,23.3,,,35.0,71.15,True
83,WELSPUNLIV,2026-09-30,227.33,149.41,189.61,52.15,True,True,True,True,74.0,0.72,233.0,107.1,-2.43,112.26,85,NEAR 52W HIGH,within 5% of 52W high; above 200DMA; above 50DMA; 200DMA rising; healthy RSI,,,,0,0,NOT A RECOVERY,False,,152.85,2026-02-04,48.73,True,False,90,PRIOR HIGH BREAKOUT,above prior high; above 200DMA; above 50DMA; RSI >=50,85,above 200DMA; above 50DMA; 200DMA rising; 50DMA > 200DMA; RSI >=50,True,86.0,242.59,6.71,204.6,0.67,PRIOR HIGH BREAKOUT,82.189,4.6650023,2.91,4.0,225165393920.0,,,8.4680006,2.795,46.501,,,,23.7,83.7,83.7,48.0,70.8,True
98,SANSERA,2026-09-30,4537.5,2767.63,3898.35,63.95,True,True,True,True,63.66,0.79,4743.5,1364.2,-4.34,232.61,85,NEAR 52W HIGH,within 5% of 52W high; above 200DMA; above 50DMA; 200DMA rising; healthy RSI,,,,0,0,NOT A RECOVERY,False,,1706.55,2024-12-04,165.89,True,False,90,PRIOR HIGH BREAKOUT,above prior high; above 200DMA; above 50DMA; RSI >=50,85,above 200DMA; above 50DMA; 200DMA rising; 50DMA > 200DMA; RSI >=50,True,86.0,4961.41,9.34,4083.75,0.93,PRIOR HIGH BREAKOUT,82.67157,8.619918,51.73,9.0,266935779328.0,,,13.137001000000001,9.284,19.023,,,,33.300000000000004,38.3,38.3,48.0,70.8,True
103,MARINE,2026-09-30,429.55,254.13,369.1,69.03,True,True,True,True,59.66,0.63,450.0,150.86,-4.54,184.73,85,NEAR 52W HIGH,within 5% of 52W high; above 200DMA; above 50DMA; 200DMA rising; healthy RSI,,,,0,0,NOT A RECOVERY,False,,258.0,2025-11-04,66.49,True,False,90,PRIOR HIGH BREAKOUT,above prior high; above 200DMA; above 50DMA; RSI >=50,85,above 200DMA; above 50DMA; 200DMA rising; 50DMA > 200DMA; RSI >=50,True,86.0,487.15,13.41,386.59,1.34,PRIOR HIGH BREAKOUT,94.902176,12.307583,4.6,7.000000000000001,61092732928.0,,,9.097999,6.605999999999999,17.661,,,,55.2,48.199999999999996,48.199999999999996,48.0,70.8,True
755,TDPOWERSYS,2026-09-30,786.05,542.4,704.44,44.92,True,True,True,True,57.23,1.08,817.55,287.73,-3.85,173.19,85,NEAR 52W HIGH,within 5% of 52W high; above 200DMA; above 50DMA; 200DMA rising; healthy RSI,,,,0,0,NOT A RECOVERY,False,,,,,False,False,40,ABOVE 200DMA,above 200DMA; above 50DMA; RSI >=50,85,above 200DMA; above 50DMA; 200DMA rising; 50DMA > 200DMA; RSI >=50,True,76.0,869.65,10.64,707.44,1.06,HIGH LEVEL,90.017044,23.09206,8.8,13.0,248502894592.0,,,17.884000999999998,12.945,1.689,,,,72.1,72.0,72.0,62.0,70.4,True
20,MAHESHWARI,2026-09-30,73.43,57.78,72.46,27.08,True,True,True,True,55.02,1.65,76.81,39.04,-4.4,88.09,95,NEAR 52W HIGH,within 5% of 52W high; above 200DMA; above 50DMA; 200DMA rising; healthy RSI; volume confirmation,,,,0,0,NOT A RECOVERY,False,,67.9,2025-01-08,8.14,True,False,100,PRIOR HIGH BREAKOUT,above prior high; above 200DMA; above 50DMA; RSI >=50; volume >=1.2x,100,above 200DMA; above 50DMA; 200DMA rising; 50DMA > 200DMA; RSI >=50; volume >=1.2x,True,98.25,78.97,7.54,66.09,0.75,PRIOR HIGH BREAKOUT,13.123827,0.95978373,5.33,,2031626880.0,,,4.926,1.4450001000000001,126.348,,,,-7.1,-24.5,-24.5,28.0,70.15,True
724,SBC,2026-09-30,58.29,36.42,44.24,60.04,True,True,True,True,87.15,2.92,59.5,21.15,-2.03,175.6,85,NEAR 52W HIGH,within 5% of 52W high; above 200DMA; above 50DMA; 200DMA rising; volume confirmation,,,,0,0,NOT A RECOVERY,False,,,,,False,False,50,ABOVE 200DMA,above 200DMA; above 50DMA; RSI >=50; volume >=1.2x,100,above 200DMA; above 50DMA; 200DMA rising; 50DMA > 200DMA; RSI >=50; volume >=1.2x,True,84.75,62.12,6.57,52.46,0.66,HIGH LEVEL,86.088234,35.286316,0.68,,27876163584.0,,,10.421999999999999,7.1419999999999995,283.225,,,,66.3,185.7,185.7,48.0,70.05,True
120,SPECTRUM,2026-09-30,3846.1,1715.58,2609.79,124.19,True,True,True,True,83.1,0.89,3879.8,1050.0,-0.87,266.3,80,AT 52W HIGH,within 2% of 52W high; above 200DMA; above 50DMA; 200DMA rising,,,,0,0,NOT A RECOVERY,False,,1655.0,2026-03-30,132.39,True,False,90,PRIOR HIGH BREAKOUT,above prior high; above 200DMA; above 50DMA; RSI >=50,85,above 200DMA; above 50DMA; 200DMA rising; 50DMA > 200DMA; RSI >=50,True,84.25,4256.69,10.68,3461.49,1.07,PRIOR HIGH BREAKOUT,116.4873,24.727594,33.08,,65844830208.0,,,13.505,8.698,101.796,,,,80.9,129.6,129.6,48.0,69.75,True
100,JASH,2026-09-30,591.65,444.64,509.2,33.06,True,True,True,True,68.1,0.78,619.4,327.1,-4.48,80.88,85,NEAR 52W HIGH,within 5% of 52W high; above 200DMA; above 50DMA; 200DMA rising; healthy RSI,,,,0,0,NOT A RECOVERY,False,,527.0,2025-09-22,12.27,True,False,90,PRIOR HIGH BREAKOUT,above prior high; above 200DMA; above 50DMA; RSI >=50,85,above 200DMA; above 50DMA; 200DMA rising; 50DMA > 200DMA; RSI >=50,True,86.0,642.09,8.52,532.49,0.85,PRIOR HIGH BREAKOUT,42.343864,6.9859624,13.61,27.0,36252221440.0,,,1.656,11.356,19.563,,,,17.5,,,45.0,69.6,True
64,HARSHA,2026-09-30,470.3,399.25,435.07,17.8,True,True,True,True,62.76,0.58,476.8,313.3,-1.36,50.11,90,AT 52W HIGH,within 2% of 52W high; above 200DMA; above 50DMA; 200DMA rising; healthy RSI,,,,0,0,NOT A RECOVERY,False,,428.9,2025-09-22,9.65,True,False,90,PRIOR HIGH BREAKOUT,above prior high; above 200DMA; above 50DMA; RSI >=50,85,above 200DMA; above 50DMA; 200DMA rising; 50DMA > 200DMA; RSI >=50,True,87.75,503.32,7.02,423.27,0.7,PRIOR HIGH BREAKOUT,27.944641,3.0820293,16.98,32.0,43200425984.0,,,11.733,8.997,26.551,,,,25.2,-1.4000000000000001,-1.4000000000000001,42.0,69.45,True
69,LGEINDIA,2026-09-30,1723.5,1549.73,1631.14,11.21,True,True,True,True,61.33,0.8,1755.0,1304.1,-1.79,32.16,90,AT 52W HIGH,within 2% of 52W high; above 200DMA; above 50DMA; 200DMA rising; healthy RSI,,,,0,0,NOT A RECOVERY,False,,1706.8,2025-11-20,0.98,True,False,90,PRIOR HIGH BREAKOUT,above prior high; above 200DMA; above 50DMA; RSI >=50,85,above 200DMA; above 50DMA; 200DMA rising; 50DMA > 200DMA; RSI >=50,True,87.75,1802.53,4.59,1551.15,0.46,PRIOR HIGH BREAKOUT,64.03124,15.246208,26.89,,1168710434816.0,,,10.9560005,7.135,5.99,,,,15.5,27.200000000000003,27.200000000000003,42.0,69.45,True
49,TEGA,2026-09-30,2106.7,1732.02,1712.42,21.63,True,True,True,False,69.36,1.61,2198.0,1473.0,-4.15,43.02,95,NEAR 52W HIGH,within 5% of 52W high; above 200DMA; above 50DMA; 200DMA rising; healthy RSI; volume confirmation,,,,0,0,NOT A RECOVERY,False,,1980.0,2025-12-31,6.4,True,False,100,PRIOR HIGH BREAKOUT,above prior high; above 200DMA; above 50DMA; RSI >=50; volume >=1.2x,85,above 200DMA; above 50DMA; 200DMA rising; RSI >=50; volume >=1.2x,True,91.5,2309.9,9.65,1896.03,0.96,PRIOR HIGH BREAKOUT,552.34827,4.6159134,3.79,9.0,157272309760.0,,,10.032,0.6910000000000001,11.693,,,,384.0,,,35.0,68.9,True
94,RATNAVEER,2026-09-30,330.75,185.72,263.48,78.09,True,True,True,True,66.44,0.91,344.4,130.5,-3.96,153.45,85,NEAR 52W HIGH,within 5% of 52W high; above 200DMA; above 50DMA; 200DMA rising; healthy RSI,,,,0,0,NOT A RECOVERY,False,,171.0,2025-09-26,93.42,True,False,90,PRIOR HIGH BREAKOUT,above prior high; above 200DMA; above 50DMA; RSI >=50,85,above 200DMA; above 50DMA; 200DMA rising; 50DMA > 200DMA; RSI >=50,True,86.0,371.46,12.31,297.68,1.23,PRIOR HIGH BREAKOUT,18.754072,3.5095296,18.42,,28992358400.0,,,7.8839995,6.042,50.053,,,,18.9,-9.700000000000001,-9.700000000000001,42.0,68.4,True
97,RUBYMILLS,2026-09-30,499.75,290.73,416.75,71.9,True,True,True,True,64.82,0.37,522.0,169.02,-4.26,195.68,85,NEAR 52W HIGH,within 5% of 52W high; above 200DMA; above 50DMA; 200DMA rising; healthy RSI,,,,0,0,NOT A RECOVERY,False,,269.0,2025-07-30,85.78,True,False,90,PRIOR HIGH BREAKOUT,above prior high; above 200DMA; above 50DMA; RSI >=50,85,above 200DMA; above 50DMA; 200DMA rising; 50DMA > 200DMA; RSI >=50,True,86.0,571.94,14.45,449.78,1.44,PRIOR HIGH BREAKOUT,38.61283,2.4802802,12.94,50.0,16708295680.0,,,13.8,11.354000000000001,55.74,,,,31.5,-3.0,-3.0,42.0,68.4,True
99,GMMPFAUDLR,2026-09-30,1466.7,956.12,1120.41,53.4,True,True,True,True,71.72,0.28,1533.6,735.0,-4.36,99.55,85,NEAR 52W HIGH,within 5% of 52W high; above 200DMA; above 50DMA; 200DMA rising; healthy RSI,,,,0,0,NOT A RECOVERY,False,,1418.0,2025-08-01,3.43,True,False,90,PRIOR HIGH BREAKOUT,above prior high; above 200DMA; above 50DMA; RSI >=50,85,above 200DMA; above 50DMA; 200DMA rising; 50DMA > 200DMA; RSI >=50,True,86.0,1589.93,8.4,1320.03,0.84,PRIOR HIGH BREAKOUT,91.9949,5.387409,15.69,14.000000000000002,64891256832.0,,,5.7439998,1.931,84.461,,,,16.400000000000002,114.5,114.5,42.0,68.4,True
721,MBAPL,2026-09-30,170.63,116.14,162.85,46.91,True,True,True,True,60.95,1.43,174.94,74.63,-2.46,128.63,95,NEAR 52W HIGH,within 5% of 52W high; above 200DMA; above 50DMA; 200DMA rising; healthy RSI; volume confirmation,,,,0,0,NOT A RECOVERY,False,,,,,False,False,50,ABOVE 200DMA,above 200DMA; above 50DMA; RSI >=50; volume >=1.2x,100,above 200DMA; above 50DMA; 200DMA rising; 50DMA > 200DMA; RSI >=50; volume >=1.2x,True,88.25,182.45,6.92,153.57,0.69,HIGH LEVEL,46.977337,13.217759,3.53,6.0,72655880192.0,,,14.197999,8.2399994,156.708,,,,1.6,16.5,16.5,38.0,68.15,True
195,KALYANI,2026-09-30,144.99,138.92,141.4,4.37,True,True,True,True,,,144.99,138.09,0.0,5.0,85,52W HIGH BREAKOUT,at/new 52W high; above 200DMA; above 50DMA; 200DMA rising,,,,0,0,NOT A RECOVERY,False,,138.09,2026-04-24,5.0,True,False,80,PRIOR HIGH BREAKOUT,above prior high; above 200DMA; above 50DMA,75,above 200DMA; above 50DMA; 200DMA rising; 50DMA > 200DMA,True,79.5,144.99,0.0,130.49,,PRIOR HIGH BREAKOUT,5.9059067,,24.55,,144990000.0,,,0.0,0.0,,,,,,,,50.0,67.7,True
754,LAURUSLABS,2026-09-30,1980.0,1358.28,1873.1,45.77,True,True,True,True,57.79,0.86,2055.3,827.25,-3.66,139.35,85,NEAR 52W HIGH,within 5% of 52W high; above 200DMA; above 50DMA; 200DMA rising; healthy RSI,,,,0,0,NOT A RECOVERY,False,,,,,False,False,40,ABOVE 200DMA,above 200DMA; above 50DMA; RSI >=50,85,above 200DMA; above 50DMA; 200DMA rising; 50DMA > 200DMA; RSI >=50,True,76.0,2074.74,4.78,1782.0,0.48,HIGH LEVEL,98.21782,20.20881,20.2,12.0,1071979364352.0,,,25.385999999999996,15.040000000000001,46.369,,,,29.099999999999998,125.2,125.2,54.0,67.2,True
753,KANORICHEM,2026-09-30,198.77,106.38,163.54,86.84,True,True,True,True,70.32,0.64,206.0,56.0,-3.51,254.95,85,NEAR 52W HIGH,within 5% of 52W high; above 200DMA; above 50DMA; 200DMA rising; healthy RSI,,,,0,0,NOT A RECOVERY,False,,,,,False,False,40,ABOVE 200DMA,above 200DMA; above 50DMA; RSI >=50,85,above 200DMA; above 50DMA; 200DMA rising; 50DMA > 200DMA; RSI >=50,True,76.0,222.92,12.15,178.89,1.21,HIGH LEVEL,13.9395275,1.4415584,13.56,,8258913792.0,,,7.779,12.493,50.843,,,,1.5,,,52.0,66.4,True
759,IGPL,2026-09-30,579.75,430.52,518.82,34.66,True,True,True,True,59.84,0.39,609.9,315.0,-4.94,84.05,85,NEAR 52W HIGH,within 5% of 52W high; above 200DMA; above 50DMA; 200DMA rising; healthy RSI,,,,0,0,NOT A RECOVERY,False,,656.85,2024-11-29,-11.74,False,False,40,ABOVE 200DMA,above 200DMA; above 50DMA; RSI >=50,85,above 200DMA; above 50DMA; 200DMA rising; 50DMA > 200DMA; RSI >=50,True,76.0,628.5,8.41,521.77,0.84,HIGH LEVEL,21.500566,1.3158807,26.49,86.0,17539207168.0,,,15.299,3.9389998000000004,27.136,,,,31.4,,,52.0,66.4,True
389,GCSL,2026-09-30,675.85,420.4,559.3,60.76,True,True,True,True,76.79,0.36,682.5,213.15,-0.97,217.08,80,AT 52W HIGH,within 2% of 52W high; above 200DMA; above 50DMA; 200DMA rising,,,,0,0,NOT A RECOVERY,False,,,,,False,False,40,ABOVE 200DMA,above 200DMA; above 50DMA; RSI >=50,85,above 200DMA; above 50DMA; 200DMA rising; 50DMA > 200DMA; RSI >=50,True,74.25,719.46,6.45,608.26,0.65,AT 52W HIGH,50.81465,9.676227,13.38,10.0,15967710208.0,,,44.474998,18.269,6.793,,,,68.2,845.2,845.2,54.0,66.15,True
387,YUKEN,2026-09-30,1131.1,791.5,933.7,42.91,True,True,True,True,70.17,0.38,1153.85,584.1,-1.97,93.65,90,AT 52W HIGH,within 2% of 52W high; above 200DMA; above 50DMA; 200DMA rising; healthy RSI,,,,0,0,NOT A RECOVERY,False,,1204.4,2025-06-19,-6.09,False,False,40,ABOVE 200DMA,above 200DMA; above 50DMA; RSI >=50,85,above 200DMA; above 50DMA; 200DMA rising; 50DMA > 200DMA; RSI >=50,True,77.75,1249.16,10.44,1017.99,1.04,AT 52W HIGH,98.90815,4.155381,11.54,13.0,15504778240.0,,,6.834,3.1780000000000004,30.736,,,,28.499999999999996,23.1,23.1,48.0,65.85,True
80,SUPREMEENG,2026-09-30,4.16,1.59,2.8,161.06,True,True,True,True,99.12,0.48,4.16,0.68,0.0,511.76,85,52W HIGH BREAKOUT,at/new 52W high; above 200DMA; above 50DMA; 200DMA rising,,,,0,0,NOT A RECOVERY,False,,1.54,2026-01-09,170.13,True,False,90,PRIOR HIGH BREAKOUT,above prior high; above 200DMA; above 50DMA; RSI >=50,85,above 200DMA; above 50DMA; 200DMA rising; 50DMA > 200DMA; RSI >=50,True,86.0,4.3,3.26,3.74,0.33,PRIOR HIGH BREAKOUT,106.0,-5.313283,0.04,,1059787968.0,,,-11.567,3.993,,,,,-51.5,1900.0,1900.0,35.0,65.6,True
102,ZIMLAB,2026-09-30,137.97,95.98,123.65,43.75,True,True,True,True,59.78,0.54,144.49,59.31,-4.51,132.63,85,NEAR 52W HIGH,within 5% of 52W high; above 200DMA; above 50DMA; 200DMA rising; healthy RSI,,,,0,0,NOT A RECOVERY,False,,128.0,2024-12-04,7.79,True,False,90,PRIOR HIGH BREAKOUT,above prior high; above 200DMA; above 50DMA; RSI >=50,85,above 200DMA; above 50DMA; 200DMA rising; 50DMA > 200DMA; RSI >=50,True,86.0,154.87,12.25,124.17,1.22,PRIOR HIGH BREAKOUT,169.16049,2.475296,0.81,,7337289216.0,,,-3.1029999999999998,0.931,42.734,,,,31.2,,,35.0,65.6,True
756,SHRIPISTON,2026-09-30,4653.7,3634.8,4476.83,28.03,True,True,True,True,56.68,1.0,4843.0,2525.8,-3.91,84.25,85,NEAR 52W HIGH,within 5% of 52W high; above 200DMA; above 50DMA; 200DMA rising; healthy RSI,,,,0,0,NOT A RECOVERY,False,,,,,False,False,40,ABOVE 200DMA,above 200DMA; above 50DMA; RSI >=50,85,above 200DMA; above 50DMA; 200DMA rising; 50DMA > 200DMA; RSI >=50,True,76.0,4982.31,7.06,4188.33,0.71,HIGH LEVEL,35.087513,6.818292,127.98,21.0,208297558016.0,,,13.877,11.332,65.22,,,,53.1,8.0,8.0,50.0,65.6,True
408,APLAPOLLO,2026-09-30,2190.1,1986.65,2093.6,10.24,True,True,True,True,53.96,0.99,2301.4,1679.3,-4.84,30.42,85,NEAR 52W HIGH,within 5% of 52W high; above 200DMA; above 50DMA; 200DMA rising; healthy RSI,,,,0,0,NOT A RECOVERY,False,,2301.4,2026-02-12,-4.84,False,True,75,NEAR PRIOR HIGH,within 5% of prior high; above 200DMA; above 50DMA; RSI >=50,85,above 200DMA; above 50DMA; 200DMA rising; 50DMA > 200DMA; RSI >=50,True,83.0,2302.54,5.13,1971.09,0.51,NEAR PRIOR HIGH,47.85569,11.092876,44.21,39.0,587441831936.0,,,6.276,5.2259997,9.396,,,,8.5,11.0,11.0,38.0,65.0,True
758,NRL,2026-09-30,159.8,77.92,125.69,105.09,True,True,True,True,73.6,0.34,167.26,45.1,-4.46,254.32,85,NEAR 52W HIGH,within 5% of 52W high; above 200DMA; above 50DMA; 200DMA rising; healthy RSI,,,,0,0,NOT A RECOVERY,False,,,,,False,False,40,ABOVE 200DMA,above 200DMA; above 50DMA; RSI >=50,85,above 200DMA; above 50DMA; 200DMA rising; 50DMA > 200DMA; RSI >=50,True,76.0,172.91,8.2,143.82,0.82,HIGH LEVEL,63.149193,8.064782,2.48,,10816894976.0,,,9.1630004,6.999,22.74,,,,55.60000000000001,80.80000000000001,80.80000000000001,48.0,64.8,True
388,SHREEJISPG,2026-09-30,770.4,476.28,669.4,61.75,True,True,True,True,77.61,0.33,774.0,222.0,-0.47,247.03,80,AT 52W HIGH,within 2% of 52W high; above 200DMA; above 50DMA; 200DMA rising,,,,0,0,NOT A RECOVERY,False,,,,,False,False,40,ABOVE 200DMA,above 200DMA; above 50DMA; RSI >=50,85,above 200DMA; above 50DMA; 200DMA rising; 50DMA > 200DMA; RSI >=50,True,74.25,815.31,5.83,693.36,0.58,AT 52W HIGH,76.23894,16.396685,10.17,26.0,126318665728.0,,,29.181,21.105999999999998,36.166,,,,29.599999999999998,7.1,7.1,48.0,63.75,True
390,ROSSTECH,2026-09-30,1503.2,907.4,1159.4,65.66,True,True,True,True,75.03,0.51,1525.0,551.9,-1.43,172.37,80,AT 52W HIGH,within 2% of 52W high; above 200DMA; above 50DMA; 200DMA rising,,,,0,0,NOT A RECOVERY,False,,,,,False,False,40,ABOVE 200DMA,above 200DMA; above 50DMA; RSI >=50,85,above 200DMA; above 50DMA; 200DMA rising; 50DMA > 200DMA; RSI >=50,True,74.25,1679.86,11.75,1352.88,1.18,AT 52W HIGH,225.1923,36.96877,6.76,2.0,57604235264.0,,,11.858,4.659,264.369,,,,77.10000000000001,117.19999999999999,117.19999999999999,48.0,63.75,True
92,SMSPHARMA,2026-09-30,476.6,377.36,396.58,26.3,True,True,True,True,64.95,0.24,494.45,242.25,-3.61,96.74,85,NEAR 52W HIGH,within 5% of 52W high; above 200DMA; above 50DMA; 200DMA rising; healthy RSI,,,,0,0,NOT A RECOVERY,False,,447.8,2026-04-15,6.43,True,False,90,PRIOR HIGH BREAKOUT,above prior high; above 200DMA; above 50DMA; RSI >=50,85,above 200DMA; above 50DMA; 200DMA rising; 50DMA > 200DMA; RSI >=50,True,86.0,530.14,11.23,428.94,1.12,PRIOR HIGH BREAKOUT,42.574524,5.616933,11.07,8.0,44138201088.0,,,14.959,11.407,46.455,,,,5.6000000000000005,-3.5000000000000004,-3.5000000000000004,30.0,63.6,True
5,AAREYDRUGS,2026-09-30,102.72,78.48,88.73,30.88,True,True,True,True,65.48,1.74,103.99,50.31,-1.22,104.17,100,AT 52W HIGH,within 2% of 52W high; above 200DMA; above 50DMA; 200DMA rising; healthy RSI; volume confirmation,,,,0,0,NOT A RECOVERY,False,,96.0,2026-04-29,7.0,True,False,100,PRIOR HIGH BREAKOUT,above prior high; above 200DMA; above 50DMA; RSI >=50; volume >=1.2x,100,above 200DMA; above 50DMA; 200DMA rising; 50DMA > 200DMA; RSI >=50; volume >=1.2x,True,100.0,111.16,8.22,92.45,0.82,PRIOR HIGH BREAKOUT,81.13281,1.9644376,1.28,,3463844352.0,,,1.0650001,0.873,40.385,,,,-56.3,-25.0,-25.0,8.0,63.2,True
235,CUBEXTUB,2026-09-30,174.84,94.22,88.46,85.57,True,True,True,False,94.03,0.9,184.0,73.1,-4.98,139.18,75,NEAR 52W HIGH,within 5% of 52W high; above 200DMA; above 50DMA; 200DMA rising,,,,0,0,NOT A RECOVERY,False,,143.69,2025-12-30,21.68,True,False,90,PRIOR HIGH BREAKOUT,above prior high; above 200DMA; above 50DMA; RSI >=50,70,above 200DMA; above 50DMA; 200DMA rising; RSI >=50,True,75.75,196.88,12.61,157.36,1.26,PRIOR HIGH BREAKOUT,31.577946,2.854933,5.26,,2378381824.0,,,1.6660000000000001,2.488,52.119,,,,30.3,7.000000000000001,7.000000000000001,44.0,63.05,True
95,CENTUM,2026-09-30,4797.9,3132.82,3899.12,53.15,True,True,True,True,64.91,0.63,4999.5,2044.2,-4.03,134.71,85,NEAR 52W HIGH,within 5% of 52W high; above 200DMA; above 50DMA; 200DMA rising; healthy RSI,,,,0,0,NOT A RECOVERY,False,,3044.0,2025-09-05,57.62,True,False,90,PRIOR HIGH BREAKOUT,above prior high; above 200DMA; above 50DMA; RSI >=50,85,above 200DMA; above 50DMA; 200DMA rising; 50DMA > 200DMA; RSI >=50,True,86.0,5298.9,10.44,4318.11,1.04,PRIOR HIGH BREAKOUT,73.68281,20.194052,63.81,10.0,69406572544.0,,,9.2159994,5.554,37.984,,,,-25.3,1718.6,1718.6,28.0,62.8,True
123,SUNFLAG,2026-09-30,456.05,309.91,362.36,47.16,True,True,True,True,80.38,0.9,471.0,192.15,-3.17,137.34,75,NEAR 52W HIGH,within 5% of 52W high; above 200DMA; above 50DMA; 200DMA rising,,,,0,0,NOT A RECOVERY,False,,322.0,2025-07-03,41.63,True,False,90,PRIOR HIGH BREAKOUT,above prior high; above 200DMA; above 50DMA; RSI >=50,85,above 200DMA; above 50DMA; 200DMA rising; 50DMA > 200DMA; RSI >=50,True,82.5,493.69,8.25,410.44,0.83,PRIOR HIGH BREAKOUT,38.026318,0.88125694,11.4,22.0,78125137920.0,,,8.288,5.138,5.905,,,,6.5,5.5,5.5,32.0,62.3,True
30,AXISCADES,2026-09-30,2231.2,1622.47,1692.23,37.52,True,True,True,True,75.97,4.33,2274.1,1063.3,-1.89,109.84,90,AT 52W HIGH,within 2% of 52W high; above 200DMA; above 50DMA; 200DMA rising; volume confirmation,,,,0,0,NOT A RECOVERY,False,,2211.0,2026-05-11,0.91,True,False,100,PRIOR HIGH BREAKOUT,above prior high; above 200DMA; above 50DMA; RSI >=50; volume >=1.2x,100,above 200DMA; above 50DMA; 200DMA rising; 50DMA > 200DMA; RSI >=50; volume >=1.2x,True,96.5,2440.77,9.39,2008.08,0.94,PRIOR HIGH BREAKOUT,156.63953,13.509969,14.73,,98137522176.0,,,-0.034999999999999996,2.912,52.834,,,,-24.8,,,10.0,61.9,True
2,GFSTEELS,2026-09-30,37.55,13.9,18.52,170.09,True,True,True,True,100.0,0.76,37.55,10.21,0.0,267.78,85,52W HIGH BREAKOUT,at/new 52W high; above 200DMA; above 50DMA; 200DMA rising,,,,0,0,NOT A RECOVERY,False,,,,,False,False,40,ABOVE 200DMA,above 200DMA; above 50DMA; RSI >=50,85,above 200DMA; above 50DMA; 200DMA rising; 50DMA > 200DMA; RSI >=50,True,76.0,40.32,7.38,33.79,0.74,52W HIGH BREAKOUT,47.8625,-21.367188,0.8,,1165164672.0,,,11.411999999999999,8.0740005,,,,,,,,40.0,61.6,True
109,SMLMAH,2026-09-30,6578.0,4428.18,5637.58,48.55,True,True,True,True,58.89,0.5,6898.5,2719.0,-4.65,141.93,85,NEAR 52W HIGH,within 5% of 52W high; above 200DMA; above 50DMA; 200DMA rising; healthy RSI,,,,0,0,NOT A RECOVERY,False,,5348.0,2026-02-18,23.0,True,False,90,PRIOR HIGH BREAKOUT,above prior high; above 200DMA; above 50DMA; RSI >=50,85,above 200DMA; above 50DMA; 200DMA rising; 50DMA > 200DMA; RSI >=50,True,86.0,7157.93,8.82,5920.2,0.88,PRIOR HIGH BREAKOUT,57.94401,17.418709,107.88,36.0,90462257152.0,,,9.0679996,5.301,55.669,,,,13.200000000000001,-5.0,-5.0,22.0,60.4,True
386,SWANDEF,2026-09-30,2756.6,2042.33,2526.69,34.97,True,True,True,True,62.21,0.77,2804.9,577.1,-1.72,377.66,90,AT 52W HIGH,within 2% of 52W high; above 200DMA; above 50DMA; 200DMA rising; healthy RSI,,,,0,0,NOT A RECOVERY,False,,,,,False,False,40,ABOVE 200DMA,above 200DMA; above 50DMA; RSI >=50,85,above 200DMA; above 50DMA; 200DMA rising; 50DMA > 200DMA; RSI >=50,True,77.75,3015.09,9.38,2480.94,0.94,AT 52W HIGH,,205.64381,-45.21,,143200616448.0,,,-82.06099999999999,-75.819,4002.895,,,,7188.4,,,33.0,59.85,True
14,NAZARA,2026-09-30,392.85,292.67,355.58,34.23,True,True,True,True,71.71,1.5,401.9,215.7,-2.25,82.13,95,NEAR 52W HIGH,within 5% of 52W high; above 200DMA; above 50DMA; 200DMA rising; healthy RSI; volume confirmation,,,,0,0,NOT A RECOVERY,False,,363.25,2025-08-13,8.15,True,False,100,PRIOR HIGH BREAKOUT,above prior high; above 200DMA; above 50DMA; RSI >=50; volume >=1.2x,100,above 200DMA; above 50DMA; 200DMA rising; 50DMA > 200DMA; RSI >=50; volume >=1.2x,True,98.25,417.5,6.27,353.57,0.63,PRIOR HIGH BREAKOUT,,4.857446,-1.45,,147992576000.0,,,-0.28700000000000003,-1.286,6.051,,,,-14.000000000000002,,,0.0,58.95,True
752,QUADFUTURE,2026-09-30,547.45,351.84,421.81,55.6,True,True,True,True,67.91,0.57,567.2,248.55,-3.48,120.26,85,NEAR 52W HIGH,within 5% of 52W high; above 200DMA; above 50DMA; 200DMA rising; healthy RSI,,,,0,0,NOT A RECOVERY,False,,,,,False,False,40,ABOVE 200DMA,above 200DMA; above 50DMA; RSI >=50,85,above 200DMA; above 50DMA; 200DMA rising; 50DMA > 200DMA; RSI >=50,True,76.0,619.53,13.17,492.71,1.32,HIGH LEVEL,,7.583087,-9.64,,21256001536.0,,,-17.113,-23.405,10.233,,,,41.3,,,33.0,58.8,True
122,RAYMOND,2026-09-30,1213.05,539.45,772.82,124.87,True,True,True,True,83.23,0.23,1241.0,320.0,-2.25,279.08,75,NEAR 52W HIGH,within 5% of 52W high; above 200DMA; above 50DMA; 200DMA rising,,,,0,0,NOT A RECOVERY,False,,679.0,2025-08-20,78.65,True,False,90,PRIOR HIGH BREAKOUT,above prior high; above 200DMA; above 50DMA; RSI >=50,85,above 200DMA; above 50DMA; 200DMA rising; 50DMA > 200DMA; RSI >=50,True,82.5,1388.34,14.45,1091.75,1.45,PRIOR HIGH BREAKOUT,182.77861,2.8015425,6.55,,79675367424.0,,,6.506,1.609,34.127,,,,15.5,-99.6,-99.6,22.0,58.3,True
108,ABDL,2026-09-30,718.9,563.19,629.5,27.65,True,True,True,True,73.82,0.29,753.8,382.1,-4.63,88.14,85,NEAR 52W HIGH,within 5% of 52W high; above 200DMA; above 50DMA; 200DMA rising; healthy RSI,,,,0,0,NOT A RECOVERY,False,,696.8,2025-11-04,3.17,True,False,90,PRIOR HIGH BREAKOUT,above prior high; above 200DMA; above 50DMA; RSI >=50,85,above 200DMA; above 50DMA; 200DMA rising; 50DMA > 200DMA; RSI >=50,True,86.0,774.05,7.67,647.01,0.77,PRIOR HIGH BREAKOUT,86.33418,11.4304695,7.87,75.0,190049058816.0,,,9.467,5.554,68.251,,,,6.1,-12.9,-12.9,16.0,58.0,True
757,ORIENTHOT,2026-09-30,142.36,113.96,136.34,24.92,True,True,True,True,55.95,0.81,148.8,80.0,-4.33,77.95,85,NEAR 52W HIGH,within 5% of 52W high; above 200DMA; above 50DMA; 200DMA rising; healthy RSI,,,,0,0,NOT A RECOVERY,False,,,,,False,False,40,ABOVE 200DMA,above 200DMA; above 50DMA; RSI >=50,85,above 200DMA; above 50DMA; 200DMA rising; 50DMA > 200DMA; RSI >=50,True,76.0,150.8,5.93,128.12,0.59,HIGH LEVEL,37.533512,3.2810707,3.73,46.0,25003886592.0,,,12.926000000000002,13.386999999999999,17.136,,,,3.5999999999999996,-18.9,-18.9,30.0,57.6,True
732,CUB,2026-09-30,226.05,207.83,222.28,8.77,True,True,True,True,50.84,3.33,248.85,156.04,-9.16,44.87,85,APPROACHING 52W HIGH,within 10% of 52W high; above 200DMA; above 50DMA; 200DMA rising; healthy RSI; volume confirmation,,,,0,0,NOT A RECOVERY,False,,245.38,2026-07-28,-7.88,False,False,50,ABOVE 200DMA,above 200DMA; above 50DMA; RSI >=50; volume >=1.2x,100,above 200DMA; above 50DMA; 200DMA rising; 50DMA > 200DMA; RSI >=50; volume >=1.2x,False,84.75,242.65,7.34,203.45,0.73,HIGH LEVEL,16.257244,2.157225,14.15,88.0,227920691200.0,,,50.985,37.791002,,,,,23.3,25.2,25.2,100.0,90.85,False
44,SYNCOMF,2026-09-30,25.08,14.51,17.43,72.86,True,True,True,True,73.49,3.43,27.49,10.21,-8.77,145.64,85,APPROACHING 52W HIGH,within 10% of 52W high; above 200DMA; above 50DMA; 200DMA rising; healthy RSI; volume confirmation,,,,0,0,NOT A RECOVERY,False,,18.7,2025-09-12,34.12,True,False,100,PRIOR HIGH BREAKOUT,above prior high; above 200DMA; above 50DMA; RSI >=50; volume >=1.2x,100,above 200DMA; above 50DMA; 200DMA rising; 50DMA > 200DMA; RSI >=50; volume >=1.2x,False,94.75,28.4,13.24,22.57,1.32,PRIOR HIGH BREAKOUT,26.622221,5.3830595,0.9,40.0,22522398720.0,,,19.650999,17.181998,0.355,,,,7.3999999999999995,23.799999999999997,23.799999999999997,76.0,87.25,False
56,GRWRHITECH,2026-09-30,7015.5,5208.16,6970.84,34.7,True,True,True,True,56.0,1.41,7990.0,2690.7,-12.2,160.73,75,NORMAL,within 15% of 52W high; above 200DMA; above 50DMA; 200DMA rising; healthy RSI; volume confirmation,,,,0,0,NOT A RECOVERY,False,,4488.9,2026-02-04,56.29,True,False,100,PRIOR HIGH BREAKOUT,above prior high; above 200DMA; above 50DMA; RSI >=50; volume >=1.2x,100,above 200DMA; above 50DMA; 200DMA rising; 50DMA > 200DMA; RSI >=50; volume >=1.2x,False,91.25,7585.64,8.13,6313.95,0.81,PRIOR HIGH BREAKOUT,41.477512,6.0570993,166.97,17.0,160895942656.0,,,25.145,17.176001,0.59,,,,27.900000000000002,59.8,59.8,76.0,85.15,False
42,ALIVUS,2026-09-30,1379.3,1085.04,1335.98,27.12,True,True,True,True,52.49,1.51,1493.8,819.0,-7.67,68.41,85,APPROACHING 52W HIGH,within 10% of 52W high; above 200DMA; above 50DMA; 200DMA rising; healthy RSI; volume confirmation,,,,0,0,NOT A RECOVERY,False,,1102.7,2025-07-15,25.08,True,False,100,PRIOR HIGH BREAKOUT,above prior high; above 200DMA; above 50DMA; RSI >=50; volume >=1.2x,100,above 200DMA; above 50DMA; 200DMA rising; 50DMA > 200DMA; RSI >=50; volume >=1.2x,False,94.75,1463.41,6.1,1241.37,0.61,PRIOR HIGH BREAKOUT,28.062077,5.070512,48.97,36.0,168712519680.0,,,29.845,23.279,1.704,,,,6.4,31.7,31.7,70.0,84.85,False
734,CAPITALSFB,2026-09-30,288.6,271.81,286.23,6.18,True,True,True,True,58.56,4.95,323.7,206.55,-10.84,39.72,75,NORMAL,within 15% of 52W high; above 200DMA; above 50DMA; 200DMA rising; healthy RSI; volume confirmation,,,,0,0,NOT A RECOVERY,False,,323.7,2026-05-08,-10.84,False,False,50,ABOVE 200DMA,above 200DMA; above 50DMA; RSI >=50; volume >=1.2x,100,above 200DMA; above 50DMA; 200DMA rising; 50DMA > 200DMA; RSI >=50; volume >=1.2x,False,81.25,307.07,6.4,259.74,0.64,ABOVE 200DMA,8.383686,0.84713423,33.1,173.0,12616588288.0,10.520999999999999,,36.598000000000006,29.315,,,,,21.4,28.499999999999996,28.499999999999996,90.0,84.75,False
74,SATIN,2026-09-30,232.2,194.97,229.66,19.1,True,True,True,True,57.43,1.73,274.14,135.81,-15.3,70.97,65,NORMAL,above 200DMA; above 50DMA; 200DMA rising; healthy RSI; volume confirmation,,,,0,0,NOT A RECOVERY,False,,173.45,2025-07-04,33.87,True,False,100,PRIOR HIGH BREAKOUT,above prior high; above 200DMA; above 50DMA; RSI >=50; volume >=1.2x,100,above 200DMA; above 50DMA; 200DMA rising; 50DMA > 200DMA; RSI >=50; volume >=1.2x,False,87.75,248.08,6.84,208.98,0.68,PRIOR HIGH BREAKOUT,6.108217,0.87375206,37.24,,25018974208.0,,,28.605000000000004,25.346999999999998,383.33,,,,26.3,172.0,172.0,80.0,84.65,False
53,DIVGIITTS,2026-09-30,1181.8,829.79,1136.87,42.42,True,True,True,True,53.04,1.26,1329.8,573.7,-11.13,106.0,75,NORMAL,within 15% of 52W high; above 200DMA; above 50DMA; 200DMA rising; healthy RSI; volume confirmation,,,,0,0,NOT A RECOVERY,False,,807.4,2026-04-16,46.37,True,False,100,PRIOR HIGH BREAKOUT,above prior high; above 200DMA; above 50DMA; RSI >=50; volume >=1.2x,100,above 200DMA; above 50DMA; 200DMA rising; 50DMA > 200DMA; RSI >=50; volume >=1.2x,False,91.25,1307.59,10.64,1063.62,1.06,PRIOR HIGH BREAKOUT,54.951645,5.471353,20.68,28.000000000000004,34754441216.0,,,21.290001,15.116,0.279,,,,91.3,182.5,182.5,74.0,84.35,False
139,DICIND,2026-09-30,635.3,530.52,577.32,19.75,True,True,True,True,56.38,0.69,675.0,450.5,-5.88,41.02,75,APPROACHING 52W HIGH,within 10% of 52W high; above 200DMA; above 50DMA; 200DMA rising; healthy RSI,,,,0,0,NOT A RECOVERY,False,,570.0,2026-02-09,11.46,True,False,90,PRIOR HIGH BREAKOUT,above prior high; above 200DMA; above 50DMA; RSI >=50,85,above 200DMA; above 50DMA; 200DMA rising; 50DMA > 200DMA; RSI >=50,False,82.5,693.86,9.22,571.77,0.92,PRIOR HIGH BREAKOUT,19.487139,1.2682598,31.49,47.0,5632679424.0,,,6.84,2.939,0.736,2.037,1.236,,25.4,227.2,227.2,85.0,83.5,False
420,UJJIVANSFB,2026-09-30,67.5,60.41,68.04,11.74,True,False,True,True,55.12,2.43,73.94,45.7,-8.71,47.7,70,APPROACHING 52W HIGH,within 10% of 52W high; above 200DMA; 200DMA rising; healthy RSI; volume confirmation,,,,0,0,NOT A RECOVERY,False,,68.0,2026-01-23,-0.74,False,True,75,NEAR PRIOR HIGH,within 5% of prior high; above 200DMA; RSI >=50; volume >=1.2x,85,above 200DMA; 200DMA rising; 50DMA > 200DMA; RSI >=50; volume >=1.2x,False,77.75,71.71,6.24,60.75,0.62,NEAR PRIOR HIGH,14.323144,1.8698515,4.58,,127989293056.0,,,31.97,19.628999999999998,,,,,49.6,201.9,201.9,92.0,83.45,False
209,INDOBORAX,2026-09-30,481.45,334.86,457.91,43.77,True,True,True,True,53.29,0.3,542.8,225.31,-11.3,113.68,65,NORMAL,within 15% of 52W high; above 200DMA; above 50DMA; 200DMA rising; healthy RSI,,,,0,0,NOT A RECOVERY,False,,298.0,2025-08-05,61.56,True,False,90,PRIOR HIGH BREAKOUT,above prior high; above 200DMA; above 50DMA; RSI >=50,85,above 200DMA; above 50DMA; 200DMA rising; 50DMA > 200DMA; RSI >=50,False,79.0,528.31,9.73,433.31,0.97,PRIOR HIGH BREAKOUT,26.721685,3.8973005,17.57,208.0,15066255360.0,13.925,,26.240999,23.332000999999998,0.37,20.848,14.245,,25.2,42.0,42.0,89.0,83.0,False
198,ARROWGREEN,2026-09-30,856.05,578.06,780.81,48.09,True,True,True,True,55.19,0.76,952.75,341.95,-10.15,150.34,65,NORMAL,within 15% of 52W high; above 200DMA; above 50DMA; 200DMA rising; healthy RSI,,,,0,0,NOT A RECOVERY,False,,659.2,2025-10-24,29.86,True,False,90,PRIOR HIGH BREAKOUT,above prior high; above 200DMA; above 50DMA; RSI >=50,85,above 200DMA; above 50DMA; 200DMA rising; 50DMA > 200DMA; RSI >=50,False,79.0,953.66,11.4,770.44,1.14,PRIOR HIGH BREAKOUT,20.458736,5.574599,42.29,57.99999999999999,13054084096.0,,,39.048,25.868000000000002,0.957,,,,111.20000000000002,151.7,151.7,88.0,82.6,False
39,JGCHEM,2026-09-30,645.1,432.69,587.27,49.09,True,True,True,True,59.49,3.23,688.0,298.4,-6.24,116.19,85,APPROACHING 52W HIGH,within 10% of 52W high; above 200DMA; above 50DMA; 200DMA rising; healthy RSI; volume confirmation,,,,0,0,NOT A RECOVERY,False,,532.0,2025-08-20,21.26,True,False,100,PRIOR HIGH BREAKOUT,above prior high; above 200DMA; above 50DMA; RSI >=50; volume >=1.2x,100,above 200DMA; above 50DMA; 200DMA rising; 50DMA > 200DMA; RSI >=50; volume >=1.2x,False,94.75,713.34,10.58,580.59,1.06,PRIOR HIGH BREAKOUT,31.852818,4.562718,19.16,17.0,23915253760.0,,,10.2460004,7.023,1.192,,,,44.800000000000004,58.8,58.8,64.0,82.45,False
401,ORBTEXP,2026-09-30,258.51,196.42,239.12,31.61,True,True,True,True,67.25,8.86,282.85,135.0,-8.61,91.49,85,APPROACHING 52W HIGH,within 10% of 52W high; above 200DMA; above 50DMA; 200DMA rising; healthy RSI; volume confirmation,,,,0,0,NOT A RECOVERY,False,,265.0,2025-10-08,-2.45,False,True,85,NEAR PRIOR HIGH,within 5% of prior high; above 200DMA; above 50DMA; RSI >=50; volume >=1.2x,100,above 200DMA; above 50DMA; 200DMA rising; 50DMA > 200DMA; RSI >=50; volume >=1.2x,False,91.75,286.66,10.89,232.66,1.09,NEAR PRIOR HIGH,15.323899,2.131298,15.9,39.0,6242393088.0,,,27.431,17.522,5.311,,,,15.0,64.0,64.0,68.0,82.25,False
743,SOTL,2026-09-30,718.8,485.06,692.71,48.19,True,True,True,True,53.93,5.25,860.4,285.8,-16.46,151.5,65,NORMAL,above 200DMA; above 50DMA; 200DMA rising; healthy RSI; volume confirmation,,,,0,0,NOT A RECOVERY,False,,,,,False,False,50,ABOVE 200DMA,above 200DMA; above 50DMA; RSI >=50; volume >=1.2x,100,above 200DMA; above 50DMA; 200DMA rising; 50DMA > 200DMA; RSI >=50; volume >=1.2x,False,77.75,793.51,10.39,646.92,1.04,ABOVE 200DMA,12.081815,2.7538695,60.38,70.0,50014822400.0,,,24.169001,8.529,0.098,,,,49.6,414.79999999999995,414.79999999999995,88.0,81.85,False
46,BIRLACABLE,2026-09-30,381.15,193.83,304.54,96.64,True,True,True,True,59.17,1.23,418.8,104.0,-8.99,266.49,85,APPROACHING 52W HIGH,within 10% of 52W high; above 200DMA; above 50DMA; 200DMA rising; healthy RSI; volume confirmation,,,,0,0,NOT A RECOVERY,False,,215.2,2025-06-17,77.11,True,False,100,PRIOR HIGH BREAKOUT,above prior high; above 200DMA; above 50DMA; RSI >=50; volume >=1.2x,100,above 200DMA; above 50DMA; 200DMA rising; 50DMA > 200DMA; RSI >=50; volume >=1.2x,False,94.75,431.72,13.27,343.03,1.33,PRIOR HIGH BREAKOUT,24.87013,4.0903945,15.4,33.0,11489999872.0,,,15.952,5.367999999999999,47.195,,,,51.1,2173.3,2173.3,62.0,81.65,False
777,GANDHITUBE,2026-09-30,951.55,843.83,903.63,12.77,True,True,True,True,57.1,0.24,1046.6,681.05,-9.08,39.72,75,APPROACHING 52W HIGH,within 10% of 52W high; above 200DMA; above 50DMA; 200DMA rising; healthy RSI,,,,0,0,NOT A RECOVERY,False,,1031.8,2025-09-08,-7.78,False,False,40,ABOVE 200DMA,above 200DMA; above 50DMA; RSI >=50,85,above 200DMA; above 50DMA; 200DMA rising; 50DMA > 200DMA; RSI >=50,False,72.5,1027.43,7.97,856.39,0.8,HIGH LEVEL,15.870343,3.752173,61.47,158.0,11008008192.0,,,45.088001999999996,37.186,0.032,,,,18.9,29.299999999999997,29.299999999999997,94.0,81.1,False
223,ANTELOPUS,2026-09-30,1125.9,709.98,939.04,58.58,True,True,True,True,55.69,0.08,1290.9,357.0,-12.78,215.38,65,NORMAL,within 15% of 52W high; above 200DMA; above 50DMA; 200DMA rising; healthy RSI,,,,0,0,NOT A RECOVERY,False,,720.0,2025-07-07,56.38,True,False,90,PRIOR HIGH BREAKOUT,above prior high; above 200DMA; above 50DMA; RSI >=50,85,above 200DMA; above 50DMA; 200DMA rising; 50DMA > 200DMA; RSI >=50,False,79.0,1319.79,17.22,1013.31,1.72,PRIOR HIGH BREAKOUT,29.514536,5.9358087,37.49,,38907150336.0,14.704999999999998,,47.985,32.132,0.542,2.755,2.04,,65.3,158.9,158.9,84.0,81.0,False
35,AZAD,2026-09-30,2963.2,2050.16,2675.02,44.53,True,True,True,True,63.48,6.65,3127.9,1360.0,-5.27,117.88,85,APPROACHING 52W HIGH,within 10% of 52W high; above 200DMA; above 50DMA; 200DMA rising; healthy RSI; volume confirmation,,,,0,0,NOT A RECOVERY,False,,1795.5,2025-10-03,65.03,True,False,100,PRIOR HIGH BREAKOUT,above prior high; above 200DMA; above 50DMA; RSI >=50; volume >=1.2x,100,above 200DMA; above 50DMA; 200DMA rising; 50DMA > 200DMA; RSI >=50; volume >=1.2x,False,94.75,3237.86,9.27,2666.88,0.93,PRIOR HIGH BREAKOUT,132.26537,12.089007,21.63,,184761909248.0,,,26.5,21.756001,31.025,,,,25.900000000000002,21.3,21.3,60.0,80.85,False
247,SREEL,2026-09-30,287.59,216.35,261.06,32.93,True,True,True,True,51.3,0.24,400.0,165.25,-28.1,74.03,55,NORMAL,above 200DMA; above 50DMA; 200DMA rising; healthy RSI,,,,0,0,NOT A RECOVERY,False,,241.57,2025-11-17,19.05,True,False,90,PRIOR HIGH BREAKOUT,above prior high; above 200DMA; above 50DMA; RSI >=50,85,above 200DMA; above 50DMA; 200DMA rising; 50DMA > 200DMA; RSI >=50,False,75.5,320.93,11.59,258.83,1.16,PRIOR HIGH BREAKOUT,20.390244,1.3601521,14.35,70.0,6775156736.0,,,15.515,12.385,0.445,,,,20.3,137.79999999999998,137.79999999999998,88.0,80.5,False
787,KOTAKBANK,2026-09-30,417.0,399.39,404.77,4.41,True,True,False,True,56.44,2.57,453.2,345.5,-7.99,20.69,75,APPROACHING 52W HIGH,within 10% of 52W high; above 200DMA; above 50DMA; healthy RSI; volume confirmation,,,,0,0,NOT A RECOVERY,False,,453.2,2025-10-20,-7.99,False,False,50,ABOVE 200DMA,above 200DMA; above 50DMA; RSI >=50; volume >=1.2x,80,above 200DMA; above 50DMA; 50DMA > 200DMA; RSI >=50; volume >=1.2x,False,72.25,433.26,3.9,375.3,0.39,HIGH LEVEL,20.517412,2.2960906,20.39,16.0,4161696169984.0,,,34.761003,28.467,,,,,21.0,22.5,22.5,92.0,80.15,False
183,CAPLIPOINT,2026-09-30,2716.4,2120.1,2633.83,28.13,True,True,True,True,50.31,0.68,2990.0,1500.3,-9.15,81.06,75,APPROACHING 52W HIGH,within 10% of 52W high; above 200DMA; above 50DMA; 200DMA rising; healthy RSI,,,,0,0,NOT A RECOVERY,False,,2602.0,2025-01-09,4.4,True,False,90,PRIOR HIGH BREAKOUT,above prior high; above 200DMA; above 50DMA; RSI >=50,85,above 200DMA; above 50DMA; 200DMA rising; 50DMA > 200DMA; RSI >=50,False,82.5,2934.63,8.03,2444.76,0.8,PRIOR HIGH BREAKOUT,30.182339,5.6964574,87.2,28.999999999999996,200055177216.0,,,31.434,29.089,0.127,,,,19.6,15.9,15.9,76.0,79.9,False
398,ALBERTDAVD,2026-09-30,872.25,736.66,816.45,18.41,True,True,True,True,57.28,1.63,931.85,579.9,-6.4,50.41,85,APPROACHING 52W HIGH,within 10% of 52W high; above 200DMA; above 50DMA; 200DMA rising; healthy RSI; volume confirmation,,,,0,0,NOT A RECOVERY,False,,903.0,2025-11-03,-3.41,False,True,85,NEAR PRIOR HIGH,within 5% of prior high; above 200DMA; above 50DMA; RSI >=50; volume >=1.2x,100,above 200DMA; above 50DMA; 200DMA rising; 50DMA > 200DMA; RSI >=50; volume >=1.2x,False,91.75,923.24,5.85,785.02,0.58,NEAR PRIOR HIGH,21.683119,1.2487538,39.51,56.99999999999999,4889325568.0,,,8.238,6.1929997,7.555,,,,43.6,303.1,303.1,62.0,79.85,False
425,TREL,2026-09-30,28.89,25.93,26.55,11.43,True,True,True,True,58.59,0.95,32.45,21.47,-10.97,34.56,65,NORMAL,within 15% of 52W high; above 200DMA; above 50DMA; 200DMA rising; healthy RSI,,,,0,0,NOT A RECOVERY,False,,29.48,2026-04-17,-2.0,False,True,75,NEAR PRIOR HIGH,within 5% of prior high; above 200DMA; above 50DMA; RSI >=50,85,above 200DMA; above 50DMA; 200DMA rising; 50DMA > 200DMA; RSI >=50,False,76.0,32.78,13.48,26.0,1.35,NEAR PRIOR HIGH,16.43976,0.5253128,1.66,,6705031168.0,,,34.827998,48.393002,,,,,4.2,51.6,51.6,85.0,79.6,False
54,GALAXYSURF,2026-09-30,2332.8,1947.4,2173.24,19.79,True,True,True,True,59.04,2.71,2648.0,1510.0,-11.9,54.49,75,NORMAL,within 15% of 52W high; above 200DMA; above 50DMA; 200DMA rising; healthy RSI; volume confirmation,,,,0,0,NOT A RECOVERY,False,,2290.0,2025-11-04,1.87,True,False,100,PRIOR HIGH BREAKOUT,above prior high; above 200DMA; above 50DMA; RSI >=50; volume >=1.2x,100,above 200DMA; above 50DMA; 200DMA rising; 50DMA > 200DMA; RSI >=50; volume >=1.2x,False,91.25,2507.97,7.51,2099.52,0.75,PRIOR HIGH BREAKOUT,23.86206,3.070224,99.61,94.0,84272398336.0,,,11.966000000000001,6.151,8.579,,,,39.4,108.1,108.1,62.0,79.55,False
180,IBULLSLTD,2026-09-30,29.61,19.8,27.7,49.57,True,True,True,True,57.99,0.42,32.5,8.9,-8.89,232.7,75,APPROACHING 52W HIGH,within 10% of 52W high; above 200DMA; above 50DMA; 200DMA rising; healthy RSI,,,,0,0,NOT A RECOVERY,False,,21.25,2025-10-30,39.34,True,False,90,PRIOR HIGH BREAKOUT,above prior high; above 200DMA; above 50DMA; RSI >=50,85,above 200DMA; above 50DMA; 200DMA rising; 50DMA > 200DMA; RSI >=50,False,82.5,32.45,9.59,26.65,0.96,PRIOR HIGH BREAKOUT,15.408378,2.2186203,1.91,,65958580224.0,,,44.352999999999994,36.064997,14.753,,,,1922000.0,,,75.0,79.5,False
208,PCJEWELLER,2026-09-30,13.2,9.88,11.25,33.63,True,True,True,True,55.92,0.64,14.86,7.47,-11.17,76.71,65,NORMAL,within 15% of 52W high; above 200DMA; above 50DMA; 200DMA rising; healthy RSI,,,,0,0,NOT A RECOVERY,False,,11.38,2025-12-04,15.99,True,False,90,PRIOR HIGH BREAKOUT,above prior high; above 200DMA; above 50DMA; RSI >=50,85,above 200DMA; above 50DMA; 200DMA rising; 50DMA > 200DMA; RSI >=50,False,79.0,14.72,11.49,11.88,1.15,PRIOR HIGH BREAKOUT,14.568182,1.1989151,0.88,,125735444480.0,,,26.919999999999998,22.103001,14.271,,,,21.0,43.8,43.8,80.0,79.4,False
220,FOSECOIND,2026-09-30,6462.5,5144.24,5869.03,25.63,True,True,True,True,57.97,0.63,7389.5,4300.0,-12.54,50.29,65,NORMAL,within 15% of 52W high; above 200DMA; above 50DMA; 200DMA rising; healthy RSI,,,,0,0,NOT A RECOVERY,False,,6005.0,2025-11-06,7.62,True,False,90,PRIOR HIGH BREAKOUT,above prior high; above 200DMA; above 50DMA; RSI >=50,85,above 200DMA; above 50DMA; 200DMA rising; 50DMA > 200DMA; RSI >=50,False,79.0,7068.5,9.38,5816.25,0.94,PRIOR HIGH BREAKOUT,49.381046,4.8128037,129.25,39.0,48345186304.0,13.254,,19.466,12.838,0.195,2.873,2.499,,47.199999999999996,32.7,32.7,80.0,79.4,False
40,ASKAUTOLTD,2026-09-30,640.1,489.07,615.31,30.88,True,True,True,True,53.47,1.58,687.7,375.3,-6.92,70.56,85,APPROACHING 52W HIGH,within 10% of 52W high; above 200DMA; above 50DMA; 200DMA rising; healthy RSI; volume confirmation,,,,0,0,NOT A RECOVERY,False,,522.3,2025-10-07,22.55,True,False,100,PRIOR HIGH BREAKOUT,above prior high; above 200DMA; above 50DMA; RSI >=50; volume >=1.2x,100,above 200DMA; above 50DMA; 200DMA rising; 50DMA > 200DMA; RSI >=50; volume >=1.2x,False,94.75,692.94,8.25,576.09,0.83,PRIOR HIGH BREAKOUT,38.466087,9.29479,16.07,28.999999999999996,121863700480.0,,,9.380999,6.814000000000001,51.789,,,,52.400000000000006,28.999999999999996,28.999999999999996,56.0,79.25,False
43,PANACHE,2026-09-30,516.15,382.39,498.22,34.98,True,True,True,True,51.17,4.47,559.4,237.7,-7.73,117.14,85,APPROACHING 52W HIGH,within 10% of 52W high; above 200DMA; above 50DMA; 200DMA rising; healthy RSI; volume confirmation,,,,0,0,NOT A RECOVERY,False,,472.15,2025-10-08,9.32,True,False,100,PRIOR HIGH BREAKOUT,above prior high; above 200DMA; above 50DMA; RSI >=50; volume >=1.2x,100,above 200DMA; above 50DMA; 200DMA rising; 50DMA > 200DMA; RSI >=50; volume >=1.2x,False,94.75,536.5,3.94,464.54,0.39,PRIOR HIGH BREAKOUT,49.250957,7.19724,10.48,,8265626624.0,,,10.829,7.247000000000001,26.17,,,,72.1,294.3,294.3,56.0,79.25,False
45,KRISHANA,2026-09-30,188.23,133.99,184.34,40.48,True,True,True,True,55.42,1.73,206.39,86.2,-8.8,118.36,85,APPROACHING 52W HIGH,within 10% of 52W high; above 200DMA; above 50DMA; 200DMA rising; healthy RSI; volume confirmation,,,,0,0,NOT A RECOVERY,False,,123.8,2025-08-25,52.04,True,False,100,PRIOR HIGH BREAKOUT,above prior high; above 200DMA; above 50DMA; RSI >=50; volume >=1.2x,100,above 200DMA; above 50DMA; 200DMA rising; 50DMA > 200DMA; RSI >=50; volume >=1.2x,False,94.75,201.41,7.0,169.41,0.7,PRIOR HIGH BREAKOUT,31.128162,10.176976,5.93,5.0,57063780352.0,,,14.133999999999999,7.698,130.807,,,,34.599999999999994,53.5,53.5,56.0,79.25,False
138,MACPOWER,2026-09-30,2096.0,1230.94,1811.12,70.28,True,True,True,True,59.41,0.62,2226.0,761.0,-5.84,175.43,75,APPROACHING 52W HIGH,within 10% of 52W high; above 200DMA; above 50DMA; 200DMA rising; healthy RSI,,,,0,0,NOT A RECOVERY,False,,1250.0,2026-05-08,67.68,True,False,90,PRIOR HIGH BREAKOUT,above prior high; above 200DMA; above 50DMA; RSI >=50,85,above 200DMA; above 50DMA; 200DMA rising; 50DMA > 200DMA; RSI >=50,False,82.5,2395.6,14.29,1886.4,1.43,PRIOR HIGH BREAKOUT,55.008976,12.245504,38.99,7.000000000000001,21456922624.0,,,13.943,10.588000000000001,0.389,,,,56.10000000000001,110.5,110.5,74.0,79.1,False
170,DEEPINDS,2026-09-30,755.95,498.35,686.51,51.69,True,True,True,True,54.41,0.38,825.0,330.0,-8.37,129.08,75,APPROACHING 52W HIGH,within 10% of 52W high; above 200DMA; above 50DMA; 200DMA rising; healthy RSI,,,,0,0,NOT A RECOVERY,False,,543.4,2026-06-08,39.11,True,False,90,PRIOR HIGH BREAKOUT,above prior high; above 200DMA; above 50DMA; RSI >=50,85,above 200DMA; above 50DMA; 200DMA rising; 50DMA > 200DMA; RSI >=50,False,82.5,821.84,8.72,680.36,0.87,PRIOR HIGH BREAKOUT,23.203222,2.4016187,32.28,33.0,47936000000.0,,,33.080999999999996,21.282999999999998,9.61,,,,39.800000000000004,45.2,45.2,74.0,79.1,False
178,ALMONDZ,2026-09-30,20.0,15.23,16.39,31.33,True,True,True,True,61.03,0.73,21.92,10.68,-8.76,87.27,75,APPROACHING 52W HIGH,within 10% of 52W high; above 200DMA; above 50DMA; 200DMA rising; healthy RSI,,,,0,0,NOT A RECOVERY,False,,19.28,2026-01-01,3.73,True,False,90,PRIOR HIGH BREAKOUT,above prior high; above 200DMA; above 50DMA; RSI >=50,85,above 200DMA; above 50DMA; 200DMA rising; 50DMA > 200DMA; RSI >=50,False,82.5,22.7,13.49,18.0,1.35,PRIOR HIGH BREAKOUT,10.005236,1.267914,1.91,,3342334464.0,,,18.429000000000002,16.669999999999998,16.822,,,,42.699999999999996,70.0,70.0,74.0,79.1,False
36,LLOYDSENGG,2026-09-30,98.64,67.59,88.71,45.94,True,True,True,True,64.69,1.78,104.2,37.4,-5.34,163.74,85,APPROACHING 52W HIGH,within 10% of 52W high; above 200DMA; above 50DMA; 200DMA rising; healthy RSI; volume confirmation,,,,0,0,NOT A RECOVERY,False,,73.91,2025-07-30,33.46,True,False,100,PRIOR HIGH BREAKOUT,above prior high; above 200DMA; above 50DMA; RSI >=50; volume >=1.2x,100,above 200DMA; above 50DMA; 200DMA rising; 50DMA > 200DMA; RSI >=50; volume >=1.2x,False,94.75,107.86,9.35,88.78,0.94,PRIOR HIGH BREAKOUT,57.491226,8.708477,1.71,25.0,152337039360.0,,,11.225,13.881999,6.45,,,,142.9,91.7,91.7,54.0,78.45,False
308,MAHABANK,2026-09-30,79.37,75.24,81.58,5.49,True,False,True,True,42.28,1.27,94.5,54.66,-16.01,45.21,40,NORMAL,above 200DMA; 200DMA rising; volume confirmation,,,,0,0,NOT A RECOVERY,False,,58.79,2025-07-01,35.01,True,False,80,PRIOR HIGH BREAKOUT,above prior high; above 200DMA; volume >=1.2x,75,above 200DMA; 200DMA rising; 50DMA > 200DMA; volume >=1.2x,False,63.75,84.31,6.22,71.43,0.62,PRIOR HIGH BREAKOUT,8.222676,1.7349513,9.79,277.0,619170168832.0,22.961001,,57.523,53.40899999999999,,,,,21.8,34.2,34.2,100.0,78.25,False
263,BEPL,2026-09-30,124.4,100.16,124.17,24.2,True,True,True,True,47.14,0.53,138.5,74.2,-10.18,67.65,55,NORMAL,within 15% of 52W high; above 200DMA; above 50DMA; 200DMA rising,,,,0,0,NOT A RECOVERY,False,,108.59,2025-09-04,14.56,True,False,80,PRIOR HIGH BREAKOUT,above prior high; above 200DMA; above 50DMA,75,above 200DMA; above 50DMA; 200DMA rising; 50DMA > 200DMA,False,69.0,133.07,6.97,111.96,0.7,PRIOR HIGH BREAKOUT,15.393035,2.8432274,8.04,322.0,30798723072.0,,,17.061001,13.877,,,,,53.300000000000004,43.5,43.5,92.0,78.2,False
244,INDNIPPON,2026-09-30,1244.4,924.74,1179.01,34.57,True,True,True,True,52.53,0.17,1564.0,675.0,-20.43,84.36,55,NORMAL,above 200DMA; above 50DMA; 200DMA rising; healthy RSI,,,,0,0,NOT A RECOVERY,False,,1099.9,2025-10-08,13.14,True,False,90,PRIOR HIGH BREAKOUT,above prior high; above 200DMA; above 50DMA; RSI >=50,85,above 200DMA; above 50DMA; 200DMA rising; 50DMA > 200DMA; RSI >=50,False,75.5,1371.99,10.25,1119.96,1.03,PRIOR HIGH BREAKOUT,24.116604,3.3722968,50.77,125.0,27697672192.0,,,8.808,10.005999000000001,0.231,,,,35.5,16.5,16.5,82.0,78.1,False
118,MARKSANS,2026-09-30,322.3,228.55,309.48,41.02,True,True,True,True,48.36,1.42,350.95,155.0,-8.16,107.94,75,APPROACHING 52W HIGH,within 10% of 52W high; above 200DMA; above 50DMA; 200DMA rising; volume confirmation,,,,0,0,NOT A RECOVERY,False,,227.9,2025-08-05,41.42,True,False,90,PRIOR HIGH BREAKOUT,above prior high; above 200DMA; above 50DMA; volume >=1.2x,90,above 200DMA; above 50DMA; 200DMA rising; 50DMA > 200DMA; volume >=1.2x,False,84.75,350.86,8.86,290.07,0.89,PRIOR HIGH BREAKOUT,28.536373,4.8806815,11.41,28.000000000000004,147550109696.0,,,22.379999,16.292,11.248,,,,35.6,169.0,169.0,68.0,78.05,False
728,DMCC,2026-09-30,311.7,259.37,286.88,20.18,True,True,True,True,63.01,2.55,332.9,191.35,-6.37,62.9,85,APPROACHING 52W HIGH,within 10% of 52W high; above 200DMA; above 50DMA; 200DMA rising; healthy RSI; volume confirmation,,,,0,0,NOT A RECOVERY,False,,332.9,2026-05-08,-6.37,False,False,50,ABOVE 200DMA,above 200DMA; above 50DMA; RSI >=50; volume >=1.2x,100,above 200DMA; above 50DMA; 200DMA rising; 50DMA > 200DMA; RSI >=50; volume >=1.2x,False,84.75,340.21,9.15,280.53,0.91,HIGH LEVEL,19.269663,3.1012037,16.02,80.0,7698957312.0,,,12.015,5.6500003,34.867,,,,99.2,163.0,163.0,68.0,78.05,False
193,MPSLTD,2026-09-30,2699.0,2007.86,2713.23,34.42,True,False,True,True,53.67,3.13,2979.0,1336.1,-9.4,102.01,70,APPROACHING 52W HIGH,within 10% of 52W high; above 200DMA; 200DMA rising; healthy RSI; volume confirmation,,,,0,0,NOT A RECOVERY,False,,2460.0,2025-11-12,9.72,True,False,90,PRIOR HIGH BREAKOUT,above prior high; above 200DMA; RSI >=50; volume >=1.2x,85,above 200DMA; 200DMA rising; 50DMA > 200DMA; RSI >=50; volume >=1.2x,False,80.75,2893.39,7.2,2429.1,0.72,PRIOR HIGH BREAKOUT,23.694221,7.4796033,110.93,289.0,44618485760.0,,,30.347002,23.361,10.167,,,,20.4,43.0,43.0,74.0,78.05,False
403,SMCGLOBAL,2026-09-30,94.48,75.08,81.83,25.84,True,True,True,True,66.57,1.2,107.0,54.44,-11.7,73.55,75,NORMAL,within 15% of 52W high; above 200DMA; above 50DMA; 200DMA rising; healthy RSI; volume confirmation,,,,0,0,NOT A RECOVERY,False,,94.9,2026-01-02,-0.44,False,True,85,NEAR PRIOR HIGH,within 5% of prior high; above 200DMA; above 50DMA; RSI >=50; volume >=1.2x,100,above 200DMA; above 50DMA; 200DMA rising; 50DMA > 200DMA; RSI >=50; volume >=1.2x,False,88.25,105.32,11.47,85.03,1.15,NEAR PRIOR HIGH,20.340862,1.5907631,4.87,127.0,20743163904.0,,,10.077,6.231,163.316,,,,24.8,23.200000000000003,23.200000000000003,62.0,77.75,False
404,MUNJALAU,2026-09-30,112.86,90.3,108.51,24.99,True,True,True,True,57.96,12.01,130.6,67.2,-13.58,67.95,75,NORMAL,within 15% of 52W high; above 200DMA; above 50DMA; 200DMA rising; healthy RSI; volume confirmation,,,,0,0,NOT A RECOVERY,False,,114.55,2025-09-30,-1.48,False,True,85,NEAR PRIOR HIGH,within 5% of prior high; above 200DMA; above 50DMA; RSI >=50; volume >=1.2x,100,above 200DMA; above 50DMA; 200DMA rising; 50DMA > 200DMA; RSI >=50; volume >=1.2x,False,88.25,121.06,7.27,101.57,0.73,NEAR PRIOR HIGH,20.731075,2.3253267,5.02,89.0,10407000064.0,,,3.608,2.005,90.747,,,,42.4,63.3,63.3,62.0,77.75,False
427,SHAREINDIA,2026-09-30,205.01,155.36,185.22,31.96,True,True,True,True,57.08,0.08,233.35,115.36,-12.14,77.71,65,NORMAL,within 15% of 52W high; above 200DMA; above 50DMA; 200DMA rising; healthy RSI,,,,0,0,NOT A RECOVERY,False,,211.0,2025-10-20,-2.84,False,True,75,NEAR PRIOR HIGH,within 5% of prior high; above 200DMA; above 50DMA; RSI >=50,85,above 200DMA; above 50DMA; 200DMA rising; 50DMA > 200DMA; RSI >=50,False,76.0,225.33,9.91,184.51,0.99,NEAR PRIOR HIGH,12.384662,1.7245903,16.56,98.0,44878929920.0,,,40.546,25.607999999999997,27.925,,,,32.9,47.0,47.0,80.0,77.6,False
167,CONSOFINVT,2026-09-30,293.9,232.85,287.44,26.22,True,True,True,True,52.74,0.15,320.0,152.0,-8.16,93.36,75,APPROACHING 52W HIGH,within 10% of 52W high; above 200DMA; above 50DMA; 200DMA rising; healthy RSI,,,,0,0,NOT A RECOVERY,False,,245.09,2024-12-16,19.92,True,False,90,PRIOR HIGH BREAKOUT,above prior high; above 200DMA; above 50DMA; RSI >=50,85,above 200DMA; above 50DMA; 200DMA rising; 50DMA > 200DMA; RSI >=50,False,82.5,318.06,8.22,264.51,0.82,PRIOR HIGH BREAKOUT,16.722488,0.77953583,16.72,50.0,9038451712.0,,,98.96000000000001,86.803,,,,,2.5,2.6,2.6,70.0,77.5,False
399,INDOAMIN,2026-09-30,142.07,120.97,127.96,17.44,True,True,True,True,67.92,1.48,152.65,81.9,-6.93,73.47,85,APPROACHING 52W HIGH,within 10% of 52W high; above 200DMA; above 50DMA; 200DMA rising; healthy RSI; volume confirmation,,,,0,0,NOT A RECOVERY,False,,149.0,2026-05-27,-4.65,False,True,85,NEAR PRIOR HIGH,within 5% of prior high; above 200DMA; above 50DMA; RSI >=50; volume >=1.2x,100,above 200DMA; above 50DMA; 200DMA rising; 50DMA > 200DMA; RSI >=50; volume >=1.2x,False,91.75,156.19,9.94,127.86,0.99,NEAR PRIOR HIGH,12.388385,2.6137736,11.02,35.0,9909653504.0,,,12.4069996,6.516,78.948,,,,30.3,6.1,6.1,56.0,77.45,False
201,AVTNPL,2026-09-30,91.29,70.65,83.23,29.22,True,True,True,True,54.2,0.39,102.0,53.5,-10.5,70.64,65,NORMAL,within 15% of 52W high; above 200DMA; above 50DMA; 200DMA rising; healthy RSI,,,,0,0,NOT A RECOVERY,False,,79.9,2025-10-31,14.26,True,False,90,PRIOR HIGH BREAKOUT,above prior high; above 200DMA; above 50DMA; RSI >=50,85,above 200DMA; above 50DMA; 200DMA rising; 50DMA > 200DMA; RSI >=50,False,79.0,100.79,10.4,82.16,1.04,PRIOR HIGH BREAKOUT,15.972727,2.3918428,5.5,99.0,13378149376.0,,,15.254000000000001,10.193000000000001,20.311,,,,82.19999999999999,155.0,155.0,74.0,77.0,False
213,CPCAP,2026-09-30,141.59,106.38,127.41,33.1,True,True,True,True,53.24,0.35,160.5,73.51,-11.78,92.61,65,NORMAL,within 15% of 52W high; above 200DMA; above 50DMA; 200DMA rising; healthy RSI,,,,0,0,NOT A RECOVERY,False,,133.9,2025-10-23,5.74,True,False,90,PRIOR HIGH BREAKOUT,above prior high; above 200DMA; above 50DMA; RSI >=50,85,above 200DMA; above 50DMA; 200DMA rising; 50DMA > 200DMA; RSI >=50,False,79.0,156.29,10.38,127.43,1.04,PRIOR HIGH BREAKOUT,5.6817265,0.44749093,24.79,,2563330048.0,,,88.744,57.065999999999995,13.476,,,,13.200000000000001,23.400000000000002,23.400000000000002,74.0,77.0,False
229,SANGHVIMOV,2026-09-30,455.2,361.53,455.12,25.91,True,True,True,True,55.2,0.87,528.0,223.8,-13.79,103.4,65,NORMAL,within 15% of 52W high; above 200DMA; above 50DMA; 200DMA rising; healthy RSI,,,,0,0,NOT A RECOVERY,False,,411.9,2025-10-08,10.51,True,False,90,PRIOR HIGH BREAKOUT,above prior high; above 200DMA; above 50DMA; RSI >=50,85,above 200DMA; above 50DMA; 200DMA rising; 50DMA > 200DMA; RSI >=50,False,79.0,491.11,7.89,409.68,0.79,PRIOR HIGH BREAKOUT,18.649588,2.8359945,23.03,44.0,37184393216.0,,,22.884001,16.935,51.403,,,,38.9,30.0,30.0,74.0,77.0,False
38,MOTHERSON,2026-09-30,163.26,136.29,161.68,19.79,True,True,True,True,51.47,1.43,173.27,101.01,-5.78,61.63,85,APPROACHING 52W HIGH,within 10% of 52W high; above 200DMA; above 50DMA; 200DMA rising; healthy RSI; volume confirmation,,,,0,0,NOT A RECOVERY,False,,136.15,2026-02-27,19.91,True,False,100,PRIOR HIGH BREAKOUT,above prior high; above 200DMA; above 50DMA; RSI >=50; volume >=1.2x,100,above 200DMA; above 50DMA; 200DMA rising; 50DMA > 200DMA; RSI >=50; volume >=1.2x,False,94.75,171.28,4.91,146.93,0.49,PRIOR HIGH BREAKOUT,37.747597,4.0355163,4.16,31.0,1653719171072.0,,,4.978,3.3570003,43.908,,,,16.6,104.2,104.2,50.0,76.85,False
125,RGL,2026-09-30,165.02,117.87,137.56,40.0,True,True,True,True,61.79,0.31,173.8,85.0,-5.05,94.14,75,APPROACHING 52W HIGH,within 10% of 52W high; above 200DMA; above 50DMA; 200DMA rising; healthy RSI,,,,0,0,NOT A RECOVERY,False,,147.9,2026-02-26,11.58,True,False,90,PRIOR HIGH BREAKOUT,above prior high; above 200DMA; above 50DMA; RSI >=50,85,above 200DMA; above 50DMA; 200DMA rising; 50DMA > 200DMA; RSI >=50,False,82.5,180.62,9.45,148.52,0.95,PRIOR HIGH BREAKOUT,15.962671,1.1562462,10.18,,17453754368.0,,,5.82,3.562,41.552,,,,47.199999999999996,301.7,301.7,68.0,76.7,False
129,NRAIL,2026-09-30,669.45,475.81,551.19,40.7,True,True,True,True,64.57,0.21,706.4,380.05,-5.23,76.15,75,APPROACHING 52W HIGH,within 10% of 52W high; above 200DMA; above 50DMA; 200DMA rising; healthy RSI,,,,0,0,NOT A RECOVERY,False,,519.0,2026-05-06,28.99,True,False,90,PRIOR HIGH BREAKOUT,above prior high; above 200DMA; above 50DMA; RSI >=50,85,above 200DMA; above 50DMA; 200DMA rising; 50DMA > 200DMA; RSI >=50,False,82.5,756.84,13.05,602.51,1.31,PRIOR HIGH BREAKOUT,18.073444,1.3765222,36.49,30.0,11224096768.0,,,8.723,2.6550000000000002,100.63,,,,43.1,111.4,111.4,68.0,76.7,False
141,ASAHISONG,2026-09-30,389.15,272.68,368.02,42.71,True,True,True,True,56.95,0.76,413.95,179.64,-5.99,116.63,75,APPROACHING 52W HIGH,within 10% of 52W high; above 200DMA; above 50DMA; 200DMA rising; healthy RSI,,,,0,0,NOT A RECOVERY,False,,338.6,2025-12-17,14.93,True,False,90,PRIOR HIGH BREAKOUT,above prior high; above 200DMA; above 50DMA; RSI >=50,85,above 200DMA; above 50DMA; 200DMA rising; 50DMA > 200DMA; RSI >=50,False,82.5,425.34,9.3,350.23,0.93,PRIOR HIGH BREAKOUT,12.55071,1.6128472,29.58,39.0,4376020992.0,,,14.366999999999999,6.064,48.076,,,,26.0,509.0,509.0,68.0,76.7,False
157,SHANTIGOLD,2026-09-30,308.6,216.88,249.3,42.29,True,True,True,True,66.54,0.75,333.09,155.0,-7.35,99.1,75,APPROACHING 52W HIGH,within 10% of 52W high; above 200DMA; above 50DMA; 200DMA rising; healthy RSI,,,,0,0,NOT A RECOVERY,False,,249.0,2025-11-06,23.94,True,False,90,PRIOR HIGH BREAKOUT,above prior high; above 200DMA; above 50DMA; RSI >=50,85,above 200DMA; above 50DMA; 200DMA rising; 50DMA > 200DMA; RSI >=50,False,82.5,344.45,11.62,277.74,1.16,PRIOR HIGH BREAKOUT,12.944562,3.3504415,23.45,,23294265344.0,,,9.902000399999999,6.3990004,36.138,,,,144.70000000000002,53.5,53.5,68.0,76.7,False
162,FCL,2026-09-30,57.45,33.47,48.7,71.63,True,True,True,True,58.36,0.62,62.4,19.1,-7.93,200.79,75,APPROACHING 52W HIGH,within 10% of 52W high; above 200DMA; above 50DMA; 200DMA rising; healthy RSI,,,,0,0,NOT A RECOVERY,False,,35.79,2025-11-03,60.52,True,False,90,PRIOR HIGH BREAKOUT,above prior high; above 200DMA; above 50DMA; RSI >=50,85,above 200DMA; above 50DMA; 200DMA rising; 50DMA > 200DMA; RSI >=50,False,82.5,64.05,11.49,51.71,1.15,PRIOR HIGH BREAKOUT,206.37036,5.2521443,0.27,23.0,64885989376.0,,,14.538,12.091000000000001,0.872,,,,174.8,88.1,88.1,68.0,76.7,False
163,ACMESOLAR,2026-09-30,439.0,309.53,397.66,41.83,True,True,True,True,60.71,0.41,476.9,195.9,-7.95,124.09,75,APPROACHING 52W HIGH,within 10% of 52W high; above 200DMA; above 50DMA; 200DMA rising; healthy RSI,,,,0,0,NOT A RECOVERY,False,,324.3,2025-09-15,35.37,True,False,90,PRIOR HIGH BREAKOUT,above prior high; above 200DMA; above 50DMA; RSI >=50,85,above 200DMA; above 50DMA; 200DMA rising; 50DMA > 200DMA; RSI >=50,False,82.5,477.81,8.84,395.1,0.88,PRIOR HIGH BREAKOUT,44.592785,5.176458,9.7,5.0,305506353152.0,,,67.57600000000001,21.146,393.194,,,,46.800000000000004,71.5,71.5,68.0,76.7,False
164,GANDHAR,2026-09-30,278.85,179.78,255.76,55.11,True,True,True,True,63.64,1.15,303.17,115.0,-8.02,142.48,75,APPROACHING 52W HIGH,within 10% of 52W high; above 200DMA; above 50DMA; 200DMA rising; healthy RSI,,,,0,0,NOT A RECOVERY,False,,178.95,2026-01-06,55.83,True,False,90,PRIOR HIGH BREAKOUT,above prior high; above 200DMA; above 50DMA; RSI >=50,85,above 200DMA; above 50DMA; 200DMA rising; 50DMA > 200DMA; RSI >=50,False,82.5,298.43,7.02,250.97,0.7,PRIOR HIGH BREAKOUT,9.172347,2.043443,30.81,117.0,27660754944.0,,,15.790000000000001,5.945,22.511,,,,91.8,633.1999999999999,633.1999999999999,68.0,76.7,False
173,VETO,2026-09-30,142.72,115.8,128.05,23.25,True,True,True,True,60.31,1.12,155.9,82.32,-8.45,73.37,75,APPROACHING 52W HIGH,within 10% of 52W high; above 200DMA; above 50DMA; 200DMA rising; healthy RSI,,,,0,0,NOT A RECOVERY,False,,131.38,2025-09-18,8.63,True,False,90,PRIOR HIGH BREAKOUT,above prior high; above 200DMA; above 50DMA; RSI >=50,85,above 200DMA; above 50DMA; 200DMA rising; 50DMA > 200DMA; RSI >=50,False,82.5,156.87,9.91,128.45,0.99,PRIOR HIGH BREAKOUT,9.559049,0.9034767,14.31,70.0,2614734592.0,,,10.029,6.6539995,7.386,,,,37.7,72.2,72.2,68.0,76.7,False
177,MANAKSTEEL,2026-09-30,110.33,71.79,92.72,53.68,True,True,True,True,59.11,0.17,120.76,45.11,-8.64,144.58,75,APPROACHING 52W HIGH,within 10% of 52W high; above 200DMA; above 50DMA; 200DMA rising; healthy RSI,,,,0,0,NOT A RECOVERY,False,,77.78,2025-12-23,41.85,True,False,90,PRIOR HIGH BREAKOUT,above prior high; above 200DMA; above 50DMA; RSI >=50,85,above 200DMA; above 50DMA; 200DMA rising; 50DMA > 200DMA; RSI >=50,False,82.5,122.79,11.29,99.3,1.13,PRIOR HIGH BREAKOUT,12.720794,2.187952,8.56,,7136002560.0,,,9.277000000000001,4.518,46.44,,,,50.6,249.5,249.5,68.0,76.7,False
181,ALEMBICLTD,2026-09-30,107.23,92.4,96.93,16.04,True,True,True,True,60.29,0.29,117.72,70.46,-8.91,52.19,75,APPROACHING 52W HIGH,within 10% of 52W high; above 200DMA; above 50DMA; 200DMA rising; healthy RSI,,,,0,0,NOT A RECOVERY,False,,105.0,2026-01-05,2.12,True,False,90,PRIOR HIGH BREAKOUT,above prior high; above 200DMA; above 50DMA; RSI >=50,85,above 200DMA; above 50DMA; 200DMA rising; 50DMA > 200DMA; RSI >=50,False,82.5,115.43,7.65,96.51,0.76,PRIOR HIGH BREAKOUT,8.335468,1.0933627,12.49,224.00000000000003,26733555712.0,,,24.573999999999998,134.16001,0.435,,,,-2.0,5.4,5.4,68.0,76.7,False
182,TBZ,2026-09-30,635.05,221.81,399.81,186.31,True,True,True,True,70.36,0.11,698.6,110.5,-9.1,474.71,75,APPROACHING 52W HIGH,within 10% of 52W high; above 200DMA; above 50DMA; 200DMA rising; healthy RSI,,,,0,0,NOT A RECOVERY,False,,199.45,2025-11-10,218.4,True,False,90,PRIOR HIGH BREAKOUT,above prior high; above 200DMA; above 50DMA; RSI >=50,85,above 200DMA; above 50DMA; 200DMA rising; 50DMA > 200DMA; RSI >=50,False,82.5,707.91,11.47,571.54,1.15,PRIOR HIGH BREAKOUT,19.476727,4.9621544,32.01,39.0,41603207168.0,,,7.5780004,6.249,105.734,,,,34.8,61.8,61.8,68.0,76.7,False
51,MTARTECH,2026-09-30,7797.0,5402.14,6859.5,44.33,True,True,True,True,62.62,1.54,8714.0,1824.5,-10.52,327.35,75,NORMAL,within 15% of 52W high; above 200DMA; above 50DMA; 200DMA rising; healthy RSI; volume confirmation,,,,0,0,NOT A RECOVERY,False,,1824.5,2024-12-03,327.35,True,False,100,PRIOR HIGH BREAKOUT,above prior high; above 200DMA; above 50DMA; RSI >=50; volume >=1.2x,100,above 200DMA; above 50DMA; 200DMA rising; 50DMA > 200DMA; RSI >=50; volume >=1.2x,False,91.25,8436.79,8.21,7017.3,0.82,PRIOR HIGH BREAKOUT,178.58452,29.148754,43.66,,239832530944.0,,,20.892,12.352,45.778,,,,130.4,363.9,363.9,54.0,76.35,False
304,PAR,2026-09-30,126.64,98.83,117.21,28.14,True,True,True,True,48.45,0.15,180.0,78.05,-29.64,62.25,45,NORMAL,above 200DMA; above 50DMA; 200DMA rising,,,,0,0,NOT A RECOVERY,False,,114.0,2025-12-19,11.09,True,False,80,PRIOR HIGH BREAKOUT,above prior high; above 200DMA; above 50DMA,75,above 200DMA; above 50DMA; 200DMA rising; 50DMA > 200DMA,False,65.5,141.11,11.42,113.98,1.14,PRIOR HIGH BREAKOUT,11.638497,1.3692803,10.65,,1525159552.0,,,17.315,13.309999999999999,,,,,20.1,41.9,41.9,92.0,76.1,False
34,ICIL,2026-09-30,460.4,332.45,429.7,38.49,True,True,True,True,56.45,1.86,485.95,216.9,-5.26,112.26,85,APPROACHING 52W HIGH,within 10% of 52W high; above 200DMA; above 50DMA; 200DMA rising; healthy RSI; volume confirmation,,,,0,0,NOT A RECOVERY,False,,343.0,2026-02-04,34.23,True,False,100,PRIOR HIGH BREAKOUT,above prior high; above 200DMA; above 50DMA; RSI >=50; volume >=1.2x,100,above 200DMA; above 50DMA; 200DMA rising; 50DMA > 200DMA; RSI >=50; volume >=1.2x,False,94.75,499.84,8.57,414.36,0.86,PRIOR HIGH BREAKOUT,58.06937,3.7305965,7.64,33.0,87866802176.0,,,8.121,3.437,56.992,,,,25.900000000000002,67.0,67.0,48.0,76.05,False
311,MAYURUNIQ,2026-09-30,734.35,649.72,752.77,13.02,True,False,True,True,47.76,1.38,907.0,471.2,-19.04,55.85,40,NORMAL,above 200DMA; 200DMA rising; volume confirmation,,,,0,0,NOT A RECOVERY,False,,629.9,2025-07-22,16.58,True,False,80,PRIOR HIGH BREAKOUT,above prior high; above 200DMA; volume >=1.2x,75,above 200DMA; 200DMA rising; 50DMA > 200DMA; volume >=1.2x,False,63.75,784.82,6.87,660.91,0.69,PRIOR HIGH BREAKOUT,14.92971,2.729728,47.66,82.0,30918696960.0,,,19.098000000000003,20.299,0.687,,,,24.7,37.9,37.9,94.0,75.85,False
116,IPCALAB,2026-09-30,1927.0,1631.1,1883.56,18.14,True,True,True,True,47.46,1.37,2038.0,1251.6,-5.45,53.96,75,APPROACHING 52W HIGH,within 10% of 52W high; above 200DMA; above 50DMA; 200DMA rising; volume confirmation,,,,0,0,NOT A RECOVERY,False,,1595.0,2025-07-25,20.82,True,False,90,PRIOR HIGH BREAKOUT,above prior high; above 200DMA; above 50DMA; volume >=1.2x,90,above 200DMA; above 50DMA; 200DMA rising; 50DMA > 200DMA; volume >=1.2x,False,84.75,2040.1,5.87,1734.3,0.59,PRIOR HIGH BREAKOUT,37.629745,6.1137104,51.64,31.0,492998033408.0,,,20.039,12.934999999999999,8.492,,,,20.8,72.39999999999999,72.39999999999999,62.0,75.65,False
726,RPTECH,2026-09-30,953.5,567.28,839.28,68.08,True,True,True,True,69.19,4.29,1004.7,313.05,-5.1,204.58,85,APPROACHING 52W HIGH,within 10% of 52W high; above 200DMA; above 50DMA; 200DMA rising; healthy RSI; volume confirmation,,,,0,0,NOT A RECOVERY,False,,,,,False,False,50,ABOVE 200DMA,above 200DMA; above 50DMA; RSI >=50; volume >=1.2x,100,above 200DMA; above 50DMA; 200DMA rising; 50DMA > 200DMA; RSI >=50; volume >=1.2x,False,84.75,1032.82,8.32,858.15,0.83,HIGH LEVEL,20.236732,3.1013288,47.1,21.0,63294636032.0,,,2.92,1.7950000000000002,48.65,,,,61.9,64.0,64.0,62.0,75.65,False
55,AURUM,2026-09-30,232.37,195.8,224.67,18.68,True,True,True,True,60.63,4.15,264.64,151.9,-12.19,52.98,75,NORMAL,within 15% of 52W high; above 200DMA; above 50DMA; 200DMA rising; healthy RSI; volume confirmation,,,,0,0,NOT A RECOVERY,False,,209.8,2026-01-19,10.76,True,False,100,PRIOR HIGH BREAKOUT,above prior high; above 200DMA; above 50DMA; RSI >=50; volume >=1.2x,100,above 200DMA; above 50DMA; 200DMA rising; 50DMA > 200DMA; RSI >=50; volume >=1.2x,False,91.25,245.32,5.57,209.13,0.56,PRIOR HIGH BREAKOUT,39.82353,2.719736,5.61,,21572134912.0,,,1.833,10.419,44.065,,,,63.5,,,52.0,75.55,False
761,MCX,2026-09-30,3300.4,2758.53,3082.31,19.64,True,True,True,True,54.28,1.11,3481.4,1545.1,-5.2,113.6,75,APPROACHING 52W HIGH,within 10% of 52W high; above 200DMA; above 50DMA; 200DMA rising; healthy RSI,,,,0,0,NOT A RECOVERY,False,,,,,False,False,40,ABOVE 200DMA,above 200DMA; above 50DMA; RSI >=50,85,above 200DMA; above 50DMA; 200DMA rising; 50DMA > 200DMA; RSI >=50,False,72.5,3523.73,6.77,2970.36,0.68,HIGH LEVEL,53.046356,19.378134,60.4,24.0,,,,69.577,55.559999999999995,0.113,,,,85.3,103.4,103.4,80.0,75.5,False
72,SONAMLTD,2026-09-30,68.15,53.15,63.45,28.22,True,True,True,True,50.95,1.52,80.32,37.4,-15.15,82.22,65,NORMAL,above 200DMA; above 50DMA; 200DMA rising; healthy RSI; volume confirmation,,,,0,0,NOT A RECOVERY,False,,54.9,2025-08-21,24.13,True,False,100,PRIOR HIGH BREAKOUT,above prior high; above 200DMA; above 50DMA; RSI >=50; volume >=1.2x,100,above 200DMA; above 50DMA; 200DMA rising; 50DMA > 200DMA; RSI >=50; volume >=1.2x,False,87.75,75.63,10.98,61.34,1.1,PRIOR HIGH BREAKOUT,37.677593,3.8616633,1.83,88.0,2760206336.0,,,6.554,4.507,29.697,,,,76.0,127.3,127.3,56.0,75.05,False
76,NINSYS,2026-09-30,766.35,565.36,739.42,35.55,True,True,True,True,71.53,3.76,935.0,281.05,-18.04,172.67,65,NORMAL,above 200DMA; above 50DMA; 200DMA rising; healthy RSI; volume confirmation,,,,0,0,NOT A RECOVERY,False,,500.0,2025-09-02,53.27,True,False,100,PRIOR HIGH BREAKOUT,above prior high; above 200DMA; above 50DMA; RSI >=50; volume >=1.2x,100,above 200DMA; above 50DMA; 200DMA rising; 50DMA > 200DMA; RSI >=50; volume >=1.2x,False,87.75,808.47,5.5,689.71,0.55,PRIOR HIGH BREAKOUT,44.480377,16.29935,18.09,,14947178496.0,,,24.962999,18.937,2.061,,,,18.099999999999998,20.1,20.1,56.0,75.05,False
417,MOTISONS,2026-09-30,18.0,14.18,15.98,26.94,True,True,True,True,58.65,0.57,19.78,10.62,-9.0,69.49,75,APPROACHING 52W HIGH,within 10% of 52W high; above 200DMA; above 50DMA; 200DMA rising; healthy RSI,,,,0,0,NOT A RECOVERY,False,,18.12,2025-11-14,-0.66,False,True,75,NEAR PRIOR HIGH,within 5% of prior high; above 200DMA; above 50DMA; RSI >=50,85,above 200DMA; above 50DMA; 200DMA rising; 50DMA > 200DMA; RSI >=50,False,79.5,20.23,12.39,16.2,1.24,NEAR PRIOR HIGH,26.294117,3.7180285,0.68,,20338616320.0,,,14.821000000000002,13.088,7.795,,,,23.3,37.5,37.5,68.0,74.9,False
418,UFLEX,2026-09-30,657.85,478.23,592.57,37.56,True,True,True,True,56.39,0.96,723.5,330.0,-9.07,99.35,75,APPROACHING 52W HIGH,within 10% of 52W high; above 200DMA; above 50DMA; 200DMA rising; healthy RSI,,,,0,0,NOT A RECOVERY,False,,685.6,2025-05-23,-4.05,False,True,75,NEAR PRIOR HIGH,within 5% of prior high; above 200DMA; above 50DMA; RSI >=50,85,above 200DMA; above 50DMA; 200DMA rising; 50DMA > 200DMA; RSI >=50,False,79.5,708.13,7.64,592.06,0.76,NEAR PRIOR HIGH,6.878903,0.57832354,94.47,46.0,46926635008.0,,,12.989999999999998,4.138,124.991,,,,35.5,630.0,630.0,68.0,74.9,False
237,MODISONLTD,2026-09-30,462.95,240.23,390.5,92.71,True,True,True,True,55.45,0.32,546.0,114.0,-15.21,306.1,55,NORMAL,above 200DMA; above 50DMA; 200DMA rising; healthy RSI,,,,0,0,NOT A RECOVERY,False,,197.45,2025-07-21,134.46,True,False,90,PRIOR HIGH BREAKOUT,above prior high; above 200DMA; above 50DMA; RSI >=50,85,above 200DMA; above 50DMA; 200DMA rising; 50DMA > 200DMA; RSI >=50,False,75.5,514.13,11.05,416.66,1.11,PRIOR HIGH BREAKOUT,15.528754,5.7425566,31.3,130.0,15772321792.0,,,17.668,11.9969994,63.523,,,,101.6,604.6999999999999,604.6999999999999,74.0,74.9,False
242,PANAMAPET,2026-09-30,484.25,357.53,480.11,35.44,True,True,True,True,53.75,1.08,599.6,229.0,-19.24,111.46,55,NORMAL,above 200DMA; above 50DMA; 200DMA rising; healthy RSI,,,,0,0,NOT A RECOVERY,False,,342.2,2025-08-21,41.51,True,False,90,PRIOR HIGH BREAKOUT,above prior high; above 200DMA; above 50DMA; RSI >=50,85,above 200DMA; above 50DMA; 200DMA rising; 50DMA > 200DMA; RSI >=50,False,75.5,519.27,7.23,435.82,0.72,PRIOR HIGH BREAKOUT,6.1556935,2.0063183,79.13,62.0,29466433536.0,,,22.365999,11.66,7.548,,,,150.29999999999998,625.3,625.3,74.0,74.9,False
52,PKTEA,2026-09-30,1043.35,790.72,823.73,31.95,True,True,True,True,64.21,1.6,1169.0,605.0,-10.75,72.45,75,NORMAL,within 15% of 52W high; above 200DMA; above 50DMA; 200DMA rising; healthy RSI; volume confirmation,,,,0,0,NOT A RECOVERY,False,,998.0,2025-12-26,4.54,True,False,100,PRIOR HIGH BREAKOUT,above prior high; above 200DMA; above 50DMA; RSI >=50; volume >=1.2x,100,above 200DMA; above 50DMA; 200DMA rising; 50DMA > 200DMA; RSI >=50; volume >=1.2x,False,91.25,1176.25,12.74,939.01,1.27,PRIOR HIGH BREAKOUT,,0.71477133,-14.92,7.000000000000001,3212593408.0,,,54.625,-6.1750001999999995,10.135,,,,23.5,26.200000000000003,26.200000000000003,50.0,74.75,False
307,OFSS,2026-09-30,10630.0,9269.39,11542.96,14.68,True,False,True,True,36.21,1.26,12540.0,6234.5,-15.23,70.5,40,NORMAL,above 200DMA; 200DMA rising; volume confirmation,,,,0,0,NOT A RECOVERY,False,,9950.0,2025-09-11,6.83,True,False,80,PRIOR HIGH BREAKOUT,above prior high; above 200DMA; volume >=1.2x,75,above 200DMA; 200DMA rising; 50DMA > 200DMA; volume >=1.2x,False,63.75,11434.14,7.56,9567.0,0.76,PRIOR HIGH BREAKOUT,26.637354,13.09733,391.18,626.0,907603017728.0,49.897000000000006,,59.574000000000005,38.153999999999996,0.567,4.413,3.946,,68.7,120.19999999999999,120.19999999999999,91.0,74.65,False
203,EMAMIPAP,2026-09-30,119.56,89.69,114.16,33.3,True,True,True,True,58.51,1.18,133.7,55.0,-10.58,117.38,65,NORMAL,within 15% of 52W high; above 200DMA; above 50DMA; 200DMA rising; healthy RSI,,,,0,0,NOT A RECOVERY,False,,103.56,2025-10-14,15.45,True,False,90,PRIOR HIGH BREAKOUT,above prior high; above 200DMA; above 50DMA; RSI >=50,85,above 200DMA; above 50DMA; 200DMA rising; 50DMA > 200DMA; RSI >=50,False,79.0,130.78,9.38,107.6,0.94,PRIOR HIGH BREAKOUT,8.610169,1.4730577,13.57,268.0,7068708352.0,,,12.498,4.666,142.073,,,,21.8,602.5,602.5,68.0,74.6,False
218,SUPRIYA,2026-09-30,950.25,774.72,870.03,22.66,True,True,True,True,57.15,0.66,1085.0,545.5,-12.42,74.2,65,NORMAL,within 15% of 52W high; above 200DMA; above 50DMA; 200DMA rising; healthy RSI,,,,0,0,NOT A RECOVERY,False,,832.4,2025-11-04,14.16,True,False,90,PRIOR HIGH BREAKOUT,above prior high; above 200DMA; above 50DMA; RSI >=50,85,above 200DMA; above 50DMA; 200DMA rising; 50DMA > 200DMA; RSI >=50,False,79.0,1032.15,8.62,855.23,0.86,PRIOR HIGH BREAKOUT,37.83015,6.2579403,24.61,11.0,74929487872.0,,,21.396999,22.736,0.454,,,,32.6,-30.8,-30.8,68.0,74.6,False
140,VINCOFE,2026-09-30,179.96,151.04,165.24,19.15,True,True,True,True,56.77,0.41,191.35,120.24,-5.95,49.67,75,APPROACHING 52W HIGH,within 10% of 52W high; above 200DMA; above 50DMA; 200DMA rising; healthy RSI,,,,0,0,NOT A RECOVERY,False,,179.85,2026-01-08,0.06,True,False,90,PRIOR HIGH BREAKOUT,above prior high; above 200DMA; above 50DMA; RSI >=50,85,above 200DMA; above 50DMA; 200DMA rising; 50DMA > 200DMA; RSI >=50,False,82.5,195.28,8.51,161.96,0.85,PRIOR HIGH BREAKOUT,32.301445,4.587403,5.54,8.0,26070941696.0,,,17.868000000000002,12.858,21.719,,,,58.5,31.2,31.2,62.0,74.3,False
142,JTLIND,2026-09-30,88.28,71.18,82.23,24.02,True,True,True,True,53.38,0.61,94.0,40.25,-6.09,119.33,75,APPROACHING 52W HIGH,within 10% of 52W high; above 200DMA; above 50DMA; 200DMA rising; healthy RSI,,,,0,0,NOT A RECOVERY,False,,84.0,2026-05-11,5.1,True,False,90,PRIOR HIGH BREAKOUT,above prior high; above 200DMA; above 50DMA; RSI >=50,85,above 200DMA; above 50DMA; 200DMA rising; 50DMA > 200DMA; RSI >=50,False,82.5,96.67,9.51,79.45,0.95,PRIOR HIGH BREAKOUT,27.816132,2.0792844,3.1,14.000000000000002,33895430144.0,,,6.7909999999999995,4.956,16.038,,,,32.7,143.2,143.2,62.0,74.3,False
146,WELCORP,2026-09-30,2717.0,1368.65,2246.09,98.52,True,True,True,True,57.47,0.81,2900.0,710.0,-6.31,282.68,75,APPROACHING 52W HIGH,within 10% of 52W high; above 200DMA; above 50DMA; 200DMA rising; healthy RSI,,,,0,0,NOT A RECOVERY,False,,994.0,2025-06-10,173.34,True,False,90,PRIOR HIGH BREAKOUT,above prior high; above 200DMA; above 50DMA; RSI >=50,85,above 200DMA; above 50DMA; 200DMA rising; 50DMA > 200DMA; RSI >=50,False,82.5,3022.96,11.26,2445.3,1.13,PRIOR HIGH BREAKOUT,29.783978,7.5078444,87.49,18.0,687159705600.0,,,13.911999999999999,13.347999999999999,25.042,,,,14.899999999999999,198.3,198.3,62.0,74.3,False
153,KROSS,2026-09-30,263.05,198.84,219.47,32.29,True,True,True,True,65.15,0.37,283.0,150.52,-7.05,74.76,75,APPROACHING 52W HIGH,within 10% of 52W high; above 200DMA; above 50DMA; 200DMA rising; healthy RSI,,,,0,0,NOT A RECOVERY,False,,231.0,2026-05-13,13.87,True,False,90,PRIOR HIGH BREAKOUT,above prior high; above 200DMA; above 50DMA; RSI >=50,85,above 200DMA; above 50DMA; 200DMA rising; 50DMA > 200DMA; RSI >=50,False,82.5,291.12,10.67,236.74,1.07,PRIOR HIGH BREAKOUT,28.807133,3.4036276,8.97,,17056834560.0,,,10.602999500000001,8.0520004,10.969,,,,32.300000000000004,24.099999999999998,24.099999999999998,62.0,74.3,False
155,GLOBAL,2026-09-30,132.8,102.1,114.73,30.07,True,True,True,True,63.12,0.6,143.0,55.3,-7.13,140.14,75,APPROACHING 52W HIGH,within 10% of 52W high; above 200DMA; above 50DMA; 200DMA rising; healthy RSI,,,,0,0,NOT A RECOVERY,False,,73.5,2025-10-06,80.68,True,False,90,PRIOR HIGH BREAKOUT,above prior high; above 200DMA; above 50DMA; RSI >=50,85,above 200DMA; above 50DMA; 200DMA rising; 50DMA > 200DMA; RSI >=50,False,82.5,144.62,8.9,119.52,0.89,PRIOR HIGH BREAKOUT,26.610134,5.137556,5.13,75.0,6948563456.0,20.906,,34.654,28.014,,8.357,6.458,,-5.3,-10.6,-10.6,62.0,74.3,False
158,PLASTIBLEN,2026-09-30,200.29,168.41,191.22,18.93,True,True,True,True,59.7,1.03,216.29,121.01,-7.4,65.52,75,APPROACHING 52W HIGH,within 10% of 52W high; above 200DMA; above 50DMA; 200DMA rising; healthy RSI,,,,0,0,NOT A RECOVERY,False,,199.7,2025-09-08,0.3,True,False,90,PRIOR HIGH BREAKOUT,above prior high; above 200DMA; above 50DMA; RSI >=50,85,above 200DMA; above 50DMA; 200DMA rising; 50DMA > 200DMA; RSI >=50,False,82.5,216.43,8.06,180.26,0.81,PRIOR HIGH BREAKOUT,11.777371,1.1214596,16.44,150.0,5032028672.0,,,8.238,5.269,4.968,,,,11.0,67.60000000000001,67.60000000000001,62.0,74.3,False
166,AEROFLEX,2026-09-30,536.6,347.99,494.04,54.2,True,True,True,True,55.64,0.78,584.15,158.0,-8.14,239.62,75,APPROACHING 52W HIGH,within 10% of 52W high; above 200DMA; above 50DMA; 200DMA rising; healthy RSI,,,,0,0,NOT A RECOVERY,False,,227.0,2025-07-22,136.39,True,False,90,PRIOR HIGH BREAKOUT,above prior high; above 200DMA; above 50DMA; RSI >=50,85,above 200DMA; above 50DMA; 200DMA rising; 50DMA > 200DMA; RSI >=50,False,82.5,590.66,10.07,482.94,1.01,PRIOR HIGH BREAKOUT,101.233,15.424556,5.15,7.000000000000001,68990640128.0,,,17.643,13.350999999999999,1.988,,,,72.39999999999999,158.20000000000002,158.20000000000002,62.0,74.3,False
172,ARIES,2026-09-30,480.55,362.47,428.24,32.58,True,True,True,True,59.37,0.21,524.75,285.35,-8.42,68.41,75,APPROACHING 52W HIGH,within 10% of 52W high; above 200DMA; above 50DMA; 200DMA rising; healthy RSI,,,,0,0,NOT A RECOVERY,False,,445.0,2025-09-16,7.99,True,False,90,PRIOR HIGH BREAKOUT,above prior high; above 200DMA; above 50DMA; RSI >=50,85,above 200DMA; above 50DMA; 200DMA rising; 50DMA > 200DMA; RSI >=50,False,82.5,518.77,7.95,432.49,0.8,PRIOR HIGH BREAKOUT,13.004631,1.8556957,36.71,31.0,6208271360.0,,,12.225999999999999,6.2319998000000005,16.482,,,,16.3,48.8,48.8,62.0,74.3,False
179,GOODLUCK,2026-09-30,508.05,428.75,490.51,18.5,True,True,True,True,50.49,0.51,557.37,305.0,-8.85,66.57,75,APPROACHING 52W HIGH,within 10% of 52W high; above 200DMA; above 50DMA; 200DMA rising; healthy RSI,,,,0,0,NOT A RECOVERY,False,,449.67,2025-10-03,12.98,True,False,90,PRIOR HIGH BREAKOUT,above prior high; above 200DMA; above 50DMA; RSI >=50,85,above 200DMA; above 50DMA; 200DMA rising; 50DMA > 200DMA; RSI >=50,False,82.5,541.61,6.61,457.24,0.66,PRIOR HIGH BREAKOUT,24.574312,3.011525,20.32,39.0,49792950272.0,,,9.222999,4.642,73.233,,,,30.9,51.6,51.6,62.0,74.3,False
189,AEGISLOG,2026-09-30,1380.1,926.21,1328.89,49.01,True,True,True,True,53.69,1.19,1528.7,576.1,-9.72,139.56,75,APPROACHING 52W HIGH,within 10% of 52W high; above 200DMA; above 50DMA; 200DMA rising; healthy RSI,,,,0,0,NOT A RECOVERY,False,,944.6,2025-10-03,46.1,True,False,90,PRIOR HIGH BREAKOUT,above prior high; above 200DMA; above 50DMA; RSI >=50,85,above 200DMA; above 50DMA; 200DMA rising; 50DMA > 200DMA; RSI >=50,False,82.5,1515.24,9.79,1242.09,0.98,PRIOR HIGH BREAKOUT,39.345688,8.1219425,35.61,97.0,491786076160.0,,,28.032,13.949000999999999,47.243,,,,37.1,269.0,269.0,62.0,74.3,False
397,BOSCH-HCIL,2026-09-30,1876.7,1438.17,1658.85,30.49,True,True,True,True,63.33,1.41,1979.0,1021.3,-5.17,83.76,85,APPROACHING 52W HIGH,within 10% of 52W high; above 200DMA; above 50DMA; 200DMA rising; healthy RSI; volume confirmation,,,,0,0,NOT A RECOVERY,False,,1893.0,2025-03-13,-0.86,False,True,85,NEAR PRIOR HIGH,within 5% of prior high; above 200DMA; above 50DMA; RSI >=50; volume >=1.2x,100,above 200DMA; above 50DMA; 200DMA rising; 50DMA > 200DMA; RSI >=50; volume >=1.2x,False,91.75,2022.37,7.76,1689.03,0.78,NEAR PRIOR HIGH,1164.0236,10.708998,1.69,381.0,53489905664.0,,,2.54,0.159,16.319,,,,28.499999999999996,48.199999999999996,48.199999999999996,48.0,74.25,False
50,ADROITINFO,2026-09-30,14.67,9.81,10.68,49.62,True,True,True,True,81.22,8.22,15.84,7.55,-7.39,94.3,75,APPROACHING 52W HIGH,within 10% of 52W high; above 200DMA; above 50DMA; 200DMA rising; volume confirmation,,,,0,0,NOT A RECOVERY,False,,12.2,2025-09-19,20.25,True,False,100,PRIOR HIGH BREAKOUT,above prior high; above 200DMA; above 50DMA; RSI >=50; volume >=1.2x,100,above 200DMA; above 50DMA; 200DMA rising; 50DMA > 200DMA; RSI >=50; volume >=1.2x,False,91.25,16.6,13.14,13.2,1.31,PRIOR HIGH BREAKOUT,17.645569,0.9738037,0.79,,761521536.0,,,3.7159999999999997,5.7290003,34.111,,,,52.7,-25.0,-25.0,48.0,73.95,False
57,AVALON,2026-09-30,2296.7,1428.27,2118.14,60.8,True,True,True,True,52.15,2.71,2618.0,777.3,-12.27,195.47,75,NORMAL,within 15% of 52W high; above 200DMA; above 50DMA; 200DMA rising; healthy RSI; volume confirmation,,,,0,0,NOT A RECOVERY,False,,1318.0,2025-10-07,74.26,True,False,100,PRIOR HIGH BREAKOUT,above prior high; above 200DMA; above 50DMA; RSI >=50; volume >=1.2x,100,above 200DMA; above 50DMA; 200DMA rising; 50DMA > 200DMA; RSI >=50; volume >=1.2x,False,91.25,2582.33,12.44,2067.03,1.24,PRIOR HIGH BREAKOUT,114.12412,21.10632,19.98,,152505024512.0,,,10.1940006,7.571999999999999,29.503,,,,49.8,145.3,145.3,48.0,73.95,False
159,GNA,2026-09-30,598.35,438.1,549.07,36.58,True,True,True,True,62.16,0.57,648.0,295.0,-7.66,102.83,75,APPROACHING 52W HIGH,within 10% of 52W high; above 200DMA; above 50DMA; 200DMA rising; healthy RSI,,,,0,0,NOT A RECOVERY,False,,470.0,2026-02-09,27.31,True,False,90,PRIOR HIGH BREAKOUT,above prior high; above 200DMA; above 50DMA; RSI >=50,85,above 200DMA; above 50DMA; 200DMA rising; 50DMA > 200DMA; RSI >=50,False,82.5,655.91,9.62,538.51,0.96,PRIOR HIGH BREAKOUT,18.841661,2.4827805,30.82,50.0,24929916928.0,12.285,,5.511,8.0790006,21.719,2.373,1.753,,7.3999999999999995,21.2,21.2,61.0,73.9,False
744,ARCHIDPLY,2026-09-30,103.5,85.88,97.47,20.51,True,True,True,True,52.26,1.96,124.78,60.0,-17.05,72.5,65,NORMAL,above 200DMA; above 50DMA; 200DMA rising; healthy RSI; volume confirmation,,,,0,0,NOT A RECOVERY,False,,120.4,2025-07-28,-14.04,False,False,50,ABOVE 200DMA,above 200DMA; above 50DMA; RSI >=50; volume >=1.2x,100,above 200DMA; above 50DMA; 200DMA rising; 50DMA > 200DMA; RSI >=50; volume >=1.2x,False,77.75,112.5,8.69,93.15,0.87,ABOVE 200DMA,15.516768,1.8017205,6.56,,2036102144.0,,,5.748,1.83,163.098,,,,27.800000000000004,875.9000000000001,875.9000000000001,68.0,73.85,False
747,PRITIKAUTO,2026-09-30,17.08,14.79,16.95,15.52,True,True,True,True,54.5,1.3,20.99,10.41,-18.63,64.07,65,NORMAL,above 200DMA; above 50DMA; 200DMA rising; healthy RSI; volume confirmation,,,,0,0,NOT A RECOVERY,False,,20.99,2026-06-22,-18.63,False,False,50,ABOVE 200DMA,above 200DMA; above 50DMA; RSI >=50; volume >=1.2x,100,above 200DMA; above 50DMA; 200DMA rising; 50DMA > 200DMA; RSI >=50; volume >=1.2x,False,77.75,19.12,11.94,15.37,1.19,ABOVE 200DMA,12.392308,1.074,1.3,,2682519296.0,,,9.286999999999999,4.247,70.81,,,,26.5,42.3,42.3,68.0,73.85,False
748,ARIS,2026-09-30,143.88,120.83,133.5,19.07,True,True,True,True,59.3,2.52,178.3,82.18,-19.3,75.08,65,NORMAL,above 200DMA; above 50DMA; 200DMA rising; healthy RSI; volume confirmation,,,,0,0,NOT A RECOVERY,False,,159.0,2026-05-11,-9.51,False,False,50,ABOVE 200DMA,above 200DMA; above 50DMA; RSI >=50; volume >=1.2x,100,above 200DMA; above 50DMA; 200DMA rising; 50DMA > 200DMA; RSI >=50; volume >=1.2x,False,77.75,158.45,10.13,129.49,1.01,ABOVE 200DMA,16.605988,1.5337987,8.35,,11341535232.0,,,9.8500006,5.783,9.356,,,,37.1,279.59999999999997,279.59999999999997,68.0,73.85,False
33,LOKESHMACH,2026-09-30,365.9,255.9,339.59,42.99,True,True,True,True,58.82,1.66,385.8,138.96,-5.16,163.31,85,APPROACHING 52W HIGH,within 10% of 52W high; above 200DMA; above 50DMA; 200DMA rising; healthy RSI; volume confirmation,,,,0,0,NOT A RECOVERY,False,,255.87,2025-07-08,43.0,True,False,100,PRIOR HIGH BREAKOUT,above prior high; above 200DMA; above 50DMA; RSI >=50; volume >=1.2x,100,above 200DMA; above 50DMA; 200DMA rising; 50DMA > 200DMA; RSI >=50; volume >=1.2x,False,94.75,404.11,10.44,329.31,1.04,PRIOR HIGH BREAKOUT,182.18181,3.5012317,2.2,,8736145408.0,,,10.3590004,2.0450002,74.215,,,,15.4,112.99999999999999,112.99999999999999,42.0,73.65,False
41,GUFICBIO,2026-09-30,432.0,345.57,417.29,25.01,True,True,True,True,53.36,1.21,467.8,268.0,-7.65,61.19,85,APPROACHING 52W HIGH,within 10% of 52W high; above 200DMA; above 50DMA; 200DMA rising; healthy RSI; volume confirmation,,,,0,0,NOT A RECOVERY,False,,407.85,2025-07-30,5.92,True,False,100,PRIOR HIGH BREAKOUT,above prior high; above 200DMA; above 50DMA; RSI >=50; volume >=1.2x,100,above 200DMA; above 50DMA; 200DMA rising; 50DMA > 200DMA; RSI >=50; volume >=1.2x,False,94.75,465.31,7.71,388.8,0.77,PRIOR HIGH BREAKOUT,57.08049,6.3099475,7.33,2.0,41958199296.0,,,14.915000000000001,7.487000000000001,60.866,,,,16.6,70.8,70.8,42.0,73.65,False
48,SOFTTECH,2026-09-30,493.5,370.45,439.28,33.22,True,True,True,True,60.88,2.01,545.0,215.0,-9.45,129.53,85,APPROACHING 52W HIGH,within 10% of 52W high; above 200DMA; above 50DMA; 200DMA rising; healthy RSI; volume confirmation,,,,0,0,NOT A RECOVERY,False,,480.0,2025-01-20,2.81,True,False,100,PRIOR HIGH BREAKOUT,above prior high; above 200DMA; above 50DMA; RSI >=50; volume >=1.2x,100,above 200DMA; above 50DMA; 200DMA rising; 50DMA > 200DMA; RSI >=50; volume >=1.2x,False,94.75,550.35,11.52,444.15,1.15,PRIOR HIGH BREAKOUT,129.9452,3.8263884,3.65,,6565325824.0,,,6.669,3.6189999999999998,22.788,,,,23.200000000000003,10.299999999999999,10.299999999999999,42.0,73.65,False
736,TRUALT,2026-09-30,468.65,433.52,440.77,8.1,True,True,True,True,67.13,1.39,542.0,310.2,-13.53,51.08,75,NORMAL,within 15% of 52W high; above 200DMA; above 50DMA; 200DMA rising; healthy RSI; volume confirmation,,,,0,0,NOT A RECOVERY,False,,542.0,2026-06-10,-13.53,False,False,50,ABOVE 200DMA,above 200DMA; above 50DMA; RSI >=50; volume >=1.2x,100,above 200DMA; above 50DMA; 200DMA rising; 50DMA > 200DMA; RSI >=50; volume >=1.2x,False,81.25,505.41,7.84,421.78,0.78,ABOVE 200DMA,25.696932,2.503677,17.29,,38099873792.0,,,17.221001,7.236,104.636,,,,106.3,895.5,895.5,62.0,73.55,False
152,RPEL,2026-09-30,1809.0,1051.62,1560.47,72.02,True,True,True,True,60.64,1.2,1943.7,561.3,-6.93,222.29,75,APPROACHING 52W HIGH,within 10% of 52W high; above 200DMA; above 50DMA; 200DMA rising; healthy RSI,,,,0,0,NOT A RECOVERY,False,,1065.5,2025-12-02,69.78,True,False,90,PRIOR HIGH BREAKOUT,above prior high; above 200DMA; above 50DMA; RSI >=50,85,above 200DMA; above 50DMA; 200DMA rising; 50DMA > 200DMA; RSI >=50,False,82.5,2002.77,10.71,1628.1,1.07,PRIOR HIGH BREAKOUT,132.28365,34.152615,13.75,6.0,83527442432.0,,,27.523002,21.957001,2.213,,,,48.699999999999996,67.7,67.7,60.0,73.5,False
161,UNIMECH,2026-09-30,1724.0,1096.07,1480.19,57.29,True,True,True,True,64.04,0.83,1868.2,695.0,-7.72,148.06,75,APPROACHING 52W HIGH,within 10% of 52W high; above 200DMA; above 50DMA; 200DMA rising; healthy RSI,,,,0,0,NOT A RECOVERY,False,,1157.4,2025-09-17,48.95,True,False,90,PRIOR HIGH BREAKOUT,above prior high; above 200DMA; above 50DMA; RSI >=50,85,above 200DMA; above 50DMA; 200DMA rising; 50DMA > 200DMA; RSI >=50,False,82.5,1901.41,10.29,1551.6,1.03,PRIOR HIGH BREAKOUT,125.38896,12.233913,14.14,,90249240576.0,,,29.081000000000003,25.259999999999998,17.186,,,,70.89999999999999,45.5,45.5,60.0,73.5,False
730,UNITEDPOLY,2026-09-30,47.47,31.29,37.32,51.71,True,True,True,True,72.39,2.03,51.16,20.6,-7.21,130.44,85,APPROACHING 52W HIGH,within 10% of 52W high; above 200DMA; above 50DMA; 200DMA rising; healthy RSI; volume confirmation,,,,0,0,NOT A RECOVERY,False,,51.16,2025-09-26,-7.21,False,False,50,ABOVE 200DMA,above 200DMA; above 50DMA; RSI >=50; volume >=1.2x,100,above 200DMA; above 50DMA; 200DMA rising; 50DMA > 200DMA; RSI >=50; volume >=1.2x,False,84.75,52.33,10.24,42.72,1.02,HIGH LEVEL,41.27193,8.077253,1.14,,10798704640.0,,,5.6810003,3.6580000000000004,80.156,,,,23.0,30.8,30.8,56.0,73.25,False
347,FEDERALBNK,2026-09-30,317.4,304.57,347.25,4.21,True,False,True,True,29.15,1.02,371.7,190.56,-14.61,66.56,40,NORMAL,within 15% of 52W high; above 200DMA; 200DMA rising,,,,0,0,NOT A RECOVERY,False,,220.0,2025-07-02,44.27,True,False,70,PRIOR HIGH BREAKOUT,above prior high; above 200DMA,60,above 200DMA; 200DMA rising; 50DMA > 200DMA,False,55.0,331.56,4.46,285.66,0.45,PRIOR HIGH BREAKOUT,17.025146,1.9588168,18.69,38.0,786042454016.0,,,42.963,30.720999999999997,,,,,21.4,32.7,32.7,100.0,73.0,False
426,MVGJL,2026-09-30,207.16,167.18,179.0,23.92,True,True,True,True,55.95,0.18,233.99,129.1,-11.47,60.46,65,NORMAL,within 15% of 52W high; above 200DMA; above 50DMA; 200DMA rising; healthy RSI,,,,0,0,NOT A RECOVERY,False,,208.5,2025-11-20,-0.64,False,True,75,NEAR PRIOR HIGH,within 5% of prior high; above 200DMA; above 50DMA; RSI >=50,85,above 200DMA; above 50DMA; 200DMA rising; 50DMA > 200DMA; RSI >=50,False,76.0,232.28,12.13,186.44,1.21,NEAR PRIOR HIGH,8.280849,1.2125425,24.96,,10096277504.0,,,5.914,4.1929998,58.923,,,,30.099999999999998,33.6,33.6,68.0,72.8,False
413,VIDHIING,2026-09-30,357.6,313.24,333.84,14.16,True,True,True,True,57.52,0.75,387.85,258.6,-7.8,38.28,75,APPROACHING 52W HIGH,within 10% of 52W high; above 200DMA; above 50DMA; 200DMA rising; healthy RSI,,,,0,0,NOT A RECOVERY,False,,374.7,2025-11-21,-4.56,False,True,75,NEAR PRIOR HIGH,within 5% of prior high; above 200DMA; above 50DMA; RSI >=50,85,above 200DMA; above 50DMA; 200DMA rising; 50DMA > 200DMA; RSI >=50,False,79.5,389.33,8.87,321.84,0.89,NEAR PRIOR HIGH,32.764267,5.3417826,10.69,196.0,17493235712.0,,,16.298000000000002,12.174,17.578,,,,66.4,35.0,35.0,62.0,72.5,False
245,OMAXAUTO,2026-09-30,200.32,162.45,191.94,23.31,True,True,True,True,57.89,0.66,263.4,84.5,-23.95,137.07,55,NORMAL,above 200DMA; above 50DMA; 200DMA rising; healthy RSI,,,,0,0,NOT A RECOVERY,False,,165.8,2025-07-31,20.82,True,False,90,PRIOR HIGH BREAKOUT,above prior high; above 200DMA; above 50DMA; RSI >=50,85,above 200DMA; above 50DMA; 200DMA rising; 50DMA > 200DMA; RSI >=50,False,75.5,224.08,11.86,180.29,1.19,PRIOR HIGH BREAKOUT,10.625462,1.2404717,18.93,374.0,4312683520.0,,,14.074998999999998,7.991,15.23,,,,22.400000000000002,48.5,48.5,68.0,72.5,False
731,GANESHBE,2026-09-30,130.94,97.25,121.74,34.65,True,True,True,True,54.8,2.34,143.0,68.4,-8.43,91.43,85,APPROACHING 52W HIGH,within 10% of 52W high; above 200DMA; above 50DMA; 200DMA rising; healthy RSI; volume confirmation,,,,0,0,NOT A RECOVERY,False,,,,,False,False,50,ABOVE 200DMA,above 200DMA; above 50DMA; RSI >=50; volume >=1.2x,100,above 200DMA; above 50DMA; 200DMA rising; 50DMA > 200DMA; RSI >=50; volume >=1.2x,False,84.75,145.2,10.89,117.85,1.09,HIGH LEVEL,12.41517,1.4689386,10.02,,8955484160.0,,,17.711,16.798,12.271,,,,22.900000000000002,-3.2,-3.2,54.0,72.45,False
199,MENONBE,2026-09-30,296.2,167.75,269.17,76.57,True,True,True,True,53.59,0.92,330.0,101.5,-10.24,191.82,65,NORMAL,within 15% of 52W high; above 200DMA; above 50DMA; 200DMA rising; healthy RSI,,,,0,0,NOT A RECOVERY,False,,145.9,2025-07-30,103.02,True,False,90,PRIOR HIGH BREAKOUT,above prior high; above 200DMA; above 50DMA; RSI >=50,85,above 200DMA; above 50DMA; 200DMA rising; 50DMA > 200DMA; RSI >=50,False,79.0,334.31,12.87,266.58,1.29,PRIOR HIGH BREAKOUT,36.692112,8.71984,7.86,135.0,16161935360.0,,,18.916,13.758000000000001,25.279,,,,36.6,68.0,68.0,62.0,72.2,False
202,PASUPTAC,2026-09-30,72.73,56.44,64.88,28.85,True,True,True,True,56.24,0.69,81.29,40.41,-10.53,79.98,65,NORMAL,within 15% of 52W high; above 200DMA; above 50DMA; 200DMA rising; healthy RSI,,,,0,0,NOT A RECOVERY,False,,63.5,2025-11-27,14.54,True,False,90,PRIOR HIGH BREAKOUT,above prior high; above 200DMA; above 50DMA; RSI >=50,85,above 200DMA; above 50DMA; 200DMA rising; 50DMA > 200DMA; RSI >=50,False,79.0,81.29,11.77,65.46,1.18,PRIOR HIGH BREAKOUT,6.502334,1.424801,10.71,,6207230464.0,,,15.059000000000001,9.255999,24.599,,,,10.299999999999999,1435.0,1435.0,62.0,72.2,False
216,BALPHARMA,2026-09-30,109.53,80.86,93.32,35.45,True,True,True,True,60.8,0.26,124.6,60.0,-12.09,82.55,65,NORMAL,within 15% of 52W high; above 200DMA; above 50DMA; 200DMA rising; healthy RSI,,,,0,0,NOT A RECOVERY,False,,98.85,2026-05-27,10.8,True,False,90,PRIOR HIGH BREAKOUT,above prior high; above 200DMA; above 50DMA; RSI >=50,85,above 200DMA; above 50DMA; 200DMA rising; 50DMA > 200DMA; RSI >=50,False,79.0,126.18,15.2,98.58,1.52,PRIOR HIGH BREAKOUT,23.342161,2.0447073,4.53,110.00000000000001,1683473024.0,,,5.829,2.155,193.935,,,,34.5,446.2,446.2,62.0,72.2,False
219,PREMIERPOL,2026-09-30,92.76,62.22,83.93,49.08,True,True,True,True,55.7,0.22,106.0,38.0,-12.49,144.11,65,NORMAL,within 15% of 52W high; above 200DMA; above 50DMA; 200DMA rising; healthy RSI,,,,0,0,NOT A RECOVERY,False,,62.02,2025-05-14,49.56,True,False,90,PRIOR HIGH BREAKOUT,above prior high; above 200DMA; above 50DMA; RSI >=50,85,above 200DMA; above 50DMA; 200DMA rising; 50DMA > 200DMA; RSI >=50,False,79.0,104.8,12.98,83.48,1.3,PRIOR HIGH BREAKOUT,27.137726,6.4429913,3.34,16.0,9493857280.0,,,11.743,9.591,16.692,,,,34.4,52.6,52.6,62.0,72.2,False
232,TEXMOPIPES,2026-09-30,55.08,46.29,49.32,19.0,True,True,True,True,51.75,0.42,64.5,33.0,-14.6,66.91,65,NORMAL,within 15% of 52W high; above 200DMA; above 50DMA; 200DMA rising; healthy RSI,,,,0,0,NOT A RECOVERY,False,,54.4,2026-02-11,1.25,True,False,90,PRIOR HIGH BREAKOUT,above prior high; above 200DMA; above 50DMA; RSI >=50,85,above 200DMA; above 50DMA; 200DMA rising; 50DMA > 200DMA; RSI >=50,False,79.0,62.2,12.93,49.57,1.29,PRIOR HIGH BREAKOUT,10.366796,0.58441985,5.18,,1567771520.0,,,7.403,3.895,23.807,,,,11.600000000000001,23.599999999999998,23.599999999999998,62.0,72.2,False
127,LUMAXTECH,2026-09-30,2076.7,1667.44,1899.07,24.54,True,True,True,True,58.06,1.12,2190.0,1120.0,-5.17,85.42,75,APPROACHING 52W HIGH,within 10% of 52W high; above 200DMA; above 50DMA; 200DMA rising; healthy RSI,,,,0,0,NOT A RECOVERY,False,,1898.0,2026-04-15,9.42,True,False,90,PRIOR HIGH BREAKOUT,above prior high; above 200DMA; above 50DMA; RSI >=50,85,above 200DMA; above 50DMA; 200DMA rising; 50DMA > 200DMA; RSI >=50,False,82.5,2239.27,7.83,1869.03,0.78,PRIOR HIGH BREAKOUT,41.608494,11.144902,47.56,26.0,134877282304.0,,,10.384,6.2230001999999995,83.409,,,,32.9,109.00000000000001,109.00000000000001,56.0,71.9,False
128,WSTCSTPAPR,2026-09-30,736.6,505.19,645.05,45.81,True,True,True,True,61.44,0.97,777.0,375.0,-5.2,96.43,75,APPROACHING 52W HIGH,within 10% of 52W high; above 200DMA; above 50DMA; 200DMA rising; healthy RSI,,,,0,0,NOT A RECOVERY,False,,583.0,2025-07-18,26.35,True,False,90,PRIOR HIGH BREAKOUT,above prior high; above 200DMA; above 50DMA; RSI >=50,85,above 200DMA; above 50DMA; 200DMA rising; 50DMA > 200DMA; RSI >=50,False,82.5,797.25,8.23,662.94,0.82,PRIOR HIGH BREAKOUT,20.927525,1.3321288,34.77,41.0,48060489728.0,,,13.722999999999999,5.25,8.243,,,,10.100000000000001,145.3,145.3,56.0,71.9,False
133,IOLCP,2026-09-30,207.08,119.24,179.54,73.66,True,True,True,True,59.35,0.81,219.04,67.19,-5.46,208.2,75,APPROACHING 52W HIGH,within 10% of 52W high; above 200DMA; above 50DMA; 200DMA rising; healthy RSI,,,,0,0,NOT A RECOVERY,False,,126.66,2025-09-19,63.49,True,False,90,PRIOR HIGH BREAKOUT,above prior high; above 200DMA; above 50DMA; RSI >=50,85,above 200DMA; above 50DMA; 200DMA rising; 50DMA > 200DMA; RSI >=50,False,82.5,230.47,11.29,186.37,1.13,PRIOR HIGH BREAKOUT,36.606644,3.4172733,5.72,48.0,61461729280.0,,,10.863,6.6610000000000005,7.529,,,,37.1,89.7,89.7,56.0,71.9,False
134,PGIL,2026-09-30,1282.1,905.12,1161.45,41.65,True,True,True,True,59.77,0.37,1357.9,600.0,-5.58,113.68,75,APPROACHING 52W HIGH,within 10% of 52W high; above 200DMA; above 50DMA; 200DMA rising; healthy RSI,,,,0,0,NOT A RECOVERY,False,,996.65,2025-11-13,28.64,True,False,90,PRIOR HIGH BREAKOUT,above prior high; above 200DMA; above 50DMA; RSI >=50,85,above 200DMA; above 50DMA; 200DMA rising; 50DMA > 200DMA; RSI >=50,False,82.5,1409.67,9.95,1153.89,1.0,PRIOR HIGH BREAKOUT,37.600475,7.9849277,33.59,82.0,116677312512.0,,,9.04,5.8280002,65.567,,,,24.5,48.5,48.5,56.0,71.9,False
135,CEIGALL,2026-09-30,382.75,320.64,348.89,19.37,True,True,True,True,60.65,0.58,405.7,222.61,-5.66,71.94,75,APPROACHING 52W HIGH,within 10% of 52W high; above 200DMA; above 50DMA; 200DMA rising; healthy RSI,,,,0,0,NOT A RECOVERY,False,,351.0,2025-01-03,9.05,True,False,90,PRIOR HIGH BREAKOUT,above prior high; above 200DMA; above 50DMA; RSI >=50,85,above 200DMA; above 50DMA; 200DMA rising; 50DMA > 200DMA; RSI >=50,False,82.5,408.03,6.6,344.48,0.66,PRIOR HIGH BREAKOUT,20.435484,3.0373497,18.6,13.0,66215268352.0,,,13.442999,7.704,61.085,,,,15.7,24.099999999999998,24.099999999999998,56.0,71.9,False
144,BLISSGVS,2026-09-30,694.45,364.1,591.24,90.73,True,True,True,True,56.82,0.52,739.9,118.0,-6.14,488.52,75,APPROACHING 52W HIGH,within 10% of 52W high; above 200DMA; above 50DMA; 200DMA rising; healthy RSI,,,,0,0,NOT A RECOVERY,False,,190.97,2025-07-31,263.64,True,False,90,PRIOR HIGH BREAKOUT,above prior high; above 200DMA; above 50DMA; RSI >=50,85,above 200DMA; above 50DMA; 200DMA rising; 50DMA > 200DMA; RSI >=50,False,82.5,761.78,9.7,625.01,0.97,PRIOR HIGH BREAKOUT,54.082275,6.0623255,12.64,28.999999999999996,72687509504.0,,,23.273,13.547999999999998,1.766,,,,37.6,15.1,15.1,56.0,71.9,False
147,VSSL,2026-09-30,401.05,289.27,357.65,38.64,True,True,True,True,60.15,0.18,428.25,206.4,-6.35,94.31,75,APPROACHING 52W HIGH,within 10% of 52W high; above 200DMA; above 50DMA; 200DMA rising; healthy RSI,,,,0,0,NOT A RECOVERY,False,,324.0,2025-10-28,23.78,True,False,90,PRIOR HIGH BREAKOUT,above prior high; above 200DMA; above 50DMA; RSI >=50,85,above 200DMA; above 50DMA; 200DMA rising; 50DMA > 200DMA; RSI >=50,False,82.5,434.41,8.32,360.94,0.83,PRIOR HIGH BREAKOUT,25.621656,3.0376997,14.96,87.0,37059620864.0,,,12.081,7.932,7.281,,,,12.1,74.9,74.9,56.0,71.9,False
149,SKYGOLD,2026-09-30,810.7,506.85,768.03,59.95,True,True,True,True,55.82,0.9,868.8,259.0,-6.69,213.01,75,APPROACHING 52W HIGH,within 10% of 52W high; above 200DMA; above 50DMA; 200DMA rising; healthy RSI,,,,0,0,NOT A RECOVERY,False,,387.45,2026-02-19,109.24,True,False,90,PRIOR HIGH BREAKOUT,above prior high; above 200DMA; above 50DMA; RSI >=50,85,above 200DMA; above 50DMA; 200DMA rising; 50DMA > 200DMA; RSI >=50,False,82.5,871.12,7.45,729.63,0.75,PRIOR HIGH BREAKOUT,37.30557,10.478794,21.73,,125548519424.0,,,7.561999599999999,4.6680003,72.072,,,,77.9,124.2,124.2,56.0,71.9,False
174,INDSWFTLAB,2026-09-30,388.75,190.0,327.43,104.6,True,True,True,True,56.86,1.07,424.75,87.15,-8.48,346.07,75,APPROACHING 52W HIGH,within 10% of 52W high; above 200DMA; above 50DMA; 200DMA rising; healthy RSI,,,,0,0,NOT A RECOVERY,False,,124.0,2025-07-08,213.51,True,False,90,PRIOR HIGH BREAKOUT,above prior high; above 200DMA; above 50DMA; RSI >=50,85,above 200DMA; above 50DMA; 200DMA rising; 50DMA > 200DMA; RSI >=50,False,82.5,435.69,12.08,349.88,1.21,PRIOR HIGH BREAKOUT,59.06577,2.3837676,6.69,,34362859520.0,,,13.502,8.5,1.481,,,,25.4,142.70000000000002,142.70000000000002,56.0,71.9,False
429,SAREGAMA,2026-09-30,506.55,412.2,506.99,22.89,True,False,True,True,53.99,1.6,574.5,307.05,-11.83,64.97,60,NORMAL,within 15% of 52W high; above 200DMA; 200DMA rising; healthy RSI; volume confirmation,,,,0,0,NOT A RECOVERY,False,,517.7,2025-09-18,-2.15,False,True,75,NEAR PRIOR HIGH,within 5% of prior high; above 200DMA; RSI >=50; volume >=1.2x,85,above 200DMA; 200DMA rising; 50DMA > 200DMA; RSI >=50; volume >=1.2x,False,74.25,542.59,7.12,455.89,0.71,NEAR PRIOR HIGH,43.02174,5.708698,11.5,178.0,94971953152.0,,,26.434,21.314,4.281,,,,27.500000000000004,41.6,41.6,68.0,71.75,False
257,ADOR,2026-09-30,1591.8,1200.93,1569.2,32.55,True,True,True,True,49.65,0.5,1766.4,848.0,-9.88,87.71,65,APPROACHING 52W HIGH,within 10% of 52W high; above 200DMA; above 50DMA; 200DMA rising,,,,0,0,NOT A RECOVERY,False,,1260.0,2025-10-16,26.33,True,False,80,PRIOR HIGH BREAKOUT,above prior high; above 200DMA; above 50DMA,75,above 200DMA; above 50DMA; 200DMA rising; 50DMA > 200DMA,False,72.5,1697.54,6.64,1432.62,0.66,PRIOR HIGH BREAKOUT,24.122889,4.9290957,65.1,144.0,27329382400.0,,,9.927,9.4799995,0.532,,,,22.900000000000002,,,70.0,71.5,False
432,SRHHYPOLTD,2026-09-30,563.9,491.43,511.36,14.75,True,True,True,True,55.45,0.32,670.0,382.4,-15.84,47.46,55,NORMAL,above 200DMA; above 50DMA; 200DMA rising; healthy RSI,,,,0,0,NOT A RECOVERY,False,,563.95,2026-05-21,-0.01,False,True,75,NEAR PRIOR HIGH,within 5% of prior high; above 200DMA; above 50DMA; RSI >=50,85,above 200DMA; above 50DMA; 200DMA rising; 50DMA > 200DMA; RSI >=50,False,72.5,638.31,13.2,507.51,1.32,NEAR PRIOR HIGH,9.937842,0.96083987,54.7,53.0,9330795520.0,,,13.297,13.215,1.18,,,,17.0,11.3,11.3,70.0,71.5,False
745,POWERMECH,2026-09-30,2490.5,2372.72,2478.78,4.96,True,True,True,True,55.78,4.63,3007.5,1717.7,-17.19,44.99,65,NORMAL,above 200DMA; above 50DMA; 200DMA rising; healthy RSI; volume confirmation,,,,0,0,NOT A RECOVERY,False,,3007.5,2026-06-22,-17.19,False,False,50,ABOVE 200DMA,above 200DMA; above 50DMA; RSI >=50; volume >=1.2x,100,above 200DMA; above 50DMA; 200DMA rising; 50DMA > 200DMA; RSI >=50; volume >=1.2x,False,77.75,2632.74,5.71,2241.45,0.57,ABOVE 200DMA,20.017784,3.1084805,123.7,6.0,78288257024.0,,,8.887999500000001,6.121,25.632,,,,25.5,51.9,51.9,62.0,71.45,False
750,ELLEN,2026-09-30,356.9,280.69,325.46,27.15,True,True,True,True,52.59,1.42,502.0,175.0,-28.9,103.94,65,NORMAL,above 200DMA; above 50DMA; 200DMA rising; healthy RSI; volume confirmation,,,,0,0,NOT A RECOVERY,False,,,,,False,False,50,ABOVE 200DMA,above 200DMA; above 50DMA; RSI >=50; volume >=1.2x,100,above 200DMA; above 50DMA; 200DMA rising; 50DMA > 200DMA; RSI >=50; volume >=1.2x,False,77.75,403.29,13.0,321.21,1.3,ABOVE 200DMA,39.73256,4.92846,8.6,,48157696000.0,,,31.757997999999997,33.827,18.873,,,,18.0,74.6,74.6,62.0,71.45,False
249,GVPIL,2026-09-30,678.4,601.31,693.83,12.82,True,False,True,True,51.67,1.5,1084.0,270.9,-37.42,150.42,50,NORMAL,above 200DMA; 200DMA rising; healthy RSI; volume confirmation,,,,0,0,NOT A RECOVERY,False,,394.0,2025-08-19,72.18,True,False,90,PRIOR HIGH BREAKOUT,above prior high; above 200DMA; RSI >=50; volume >=1.2x,85,above 200DMA; 200DMA rising; 50DMA > 200DMA; RSI >=50; volume >=1.2x,False,73.75,737.1,8.65,610.56,0.87,PRIOR HIGH BREAKOUT,13.349705,7.8417115,50.9,103.0,45681065984.0,,,13.428001,21.035999,3.02,,,,7.6,54.800000000000004,54.800000000000004,68.0,71.45,False
217,DIACABS,2026-09-30,354.2,208.74,347.83,69.68,True,True,True,True,50.23,0.38,404.0,115.57,-12.33,206.48,65,NORMAL,within 15% of 52W high; above 200DMA; above 50DMA; 200DMA rising; healthy RSI,,,,0,0,NOT A RECOVERY,False,,183.5,2025-07-17,93.02,True,False,90,PRIOR HIGH BREAKOUT,above prior high; above 200DMA; above 50DMA; RSI >=50,85,above 200DMA; above 50DMA; 200DMA rising; 50DMA > 200DMA; RSI >=50,False,79.0,390.91,10.36,318.78,1.04,PRIOR HIGH BREAKOUT,91.02902,-30.08896,3.79,,206334509056.0,,,9.458999,8.712,,,,,127.2,208.3,208.3,60.0,71.4,False
299,CALSOFT,2026-09-30,35.11,20.43,30.91,71.83,True,True,True,True,48.99,0.68,43.13,10.9,-18.59,222.11,45,NORMAL,above 200DMA; above 50DMA; 200DMA rising,,,,0,0,NOT A RECOVERY,False,,21.42,2025-07-08,63.91,True,False,80,PRIOR HIGH BREAKOUT,above prior high; above 200DMA; above 50DMA,75,above 200DMA; above 50DMA; 200DMA rising; 50DMA > 200DMA,False,65.5,39.74,13.2,31.6,1.32,PRIOR HIGH BREAKOUT,15.36287,5.4538646,2.37,,2251172864.0,,,83.403,59.122,3.905,,,,328.79999999999995,2161.1,2161.1,80.0,71.3,False
733,GREENPLY,2026-09-30,299.95,260.46,289.77,15.16,True,True,True,True,56.25,3.43,334.4,176.42,-10.3,70.02,75,NORMAL,within 15% of 52W high; above 200DMA; above 50DMA; 200DMA rising; healthy RSI; volume confirmation,,,,0,0,NOT A RECOVERY,False,,330.0,2025-09-11,-9.11,False,False,50,ABOVE 200DMA,above 200DMA; above 50DMA; RSI >=50; volume >=1.2x,100,above 200DMA; above 50DMA; 200DMA rising; 50DMA > 200DMA; RSI >=50; volume >=1.2x,False,81.25,321.64,7.23,269.96,0.72,ABOVE 200DMA,38.345963,4.204799,7.92,17.0,37932752896.0,,,8.396,3.4450000000000003,57.505,,,,20.7,32.0,32.0,56.0,71.15,False
130,QPOWER,2026-09-30,1584.8,1070.98,1344.42,47.98,True,True,True,True,61.91,0.79,1675.0,581.0,-5.39,172.77,75,APPROACHING 52W HIGH,within 10% of 52W high; above 200DMA; above 50DMA; 200DMA rising; healthy RSI,,,,0,0,NOT A RECOVERY,False,,1082.0,2025-09-30,46.47,True,False,90,PRIOR HIGH BREAKOUT,above prior high; above 200DMA; above 50DMA; RSI >=50,85,above 200DMA; above 50DMA; 200DMA rising; 50DMA > 200DMA; RSI >=50,False,82.5,1736.34,9.56,1426.32,0.96,PRIOR HIGH BREAKOUT,90.596405,22.354622,17.27,6.0,121169027072.0,,,15.945,13.288,5.195,,,,31.7,49.5,49.5,54.0,71.1,False
165,PTCIL,2026-09-30,22190.0,18215.78,20815.4,21.82,True,True,True,True,52.05,0.79,24125.0,14499.0,-8.02,53.05,75,APPROACHING 52W HIGH,within 10% of 52W high; above 200DMA; above 50DMA; 200DMA rising; healthy RSI,,,,0,0,NOT A RECOVERY,False,,19851.0,2026-06-03,11.78,True,False,90,PRIOR HIGH BREAKOUT,above prior high; above 200DMA; above 50DMA; RSI >=50,85,above 200DMA; above 50DMA; 200DMA rising; 50DMA > 200DMA; RSI >=50,False,82.5,23793.57,7.23,19971.0,0.72,PRIOR HIGH BREAKOUT,261.2073,21.91041,84.32,,330210902016.0,,,18.276999999999997,18.008,17.341,,,,97.39999999999999,465.7,465.7,54.0,71.1,False
188,SETL,2026-09-30,422.8,203.43,349.69,107.84,True,True,True,True,60.38,0.43,468.15,104.56,-9.69,304.36,75,APPROACHING 52W HIGH,within 10% of 52W high; above 200DMA; above 50DMA; 200DMA rising; healthy RSI,,,,0,0,NOT A RECOVERY,False,,203.95,2025-09-17,107.31,True,False,90,PRIOR HIGH BREAKOUT,above prior high; above 200DMA; above 50DMA; RSI >=50,85,above 200DMA; above 50DMA; 200DMA rising; 50DMA > 200DMA; RSI >=50,False,82.5,461.82,9.23,380.52,0.92,PRIOR HIGH BREAKOUT,97.64637,10.570415,4.27,,83178053632.0,,,13.994001,10.077,10.365,,,,43.1,25.7,25.7,54.0,71.1,False
794,PROZONER,2026-09-30,56.52,50.09,46.63,12.83,True,True,True,False,74.87,2.71,72.77,39.55,-22.33,42.91,65,NORMAL,above 200DMA; above 50DMA; 200DMA rising; healthy RSI; volume confirmation,,,,0,0,NOT A RECOVERY,False,,72.77,2025-10-29,-22.33,False,False,50,ABOVE 200DMA,above 200DMA; above 50DMA; RSI >=50; volume >=1.2x,85,above 200DMA; above 50DMA; 200DMA rising; RSI >=50; volume >=1.2x,False,71.0,61.77,9.29,50.87,0.93,ABOVE 200DMA,,,,,,,,,,,,,,,,,,71.0,False
268,MSTCLTD,2026-09-30,714.75,542.7,683.98,31.7,True,True,True,True,48.83,0.76,805.0,362.15,-11.21,97.36,55,NORMAL,within 15% of 52W high; above 200DMA; above 50DMA; 200DMA rising,,,,0,0,NOT A RECOVERY,False,,582.45,2025-05-19,22.71,True,False,80,PRIOR HIGH BREAKOUT,above prior high; above 200DMA; above 50DMA,75,above 200DMA; above 50DMA; 200DMA rising; 50DMA > 200DMA,False,69.0,774.81,8.4,643.27,0.84,PRIOR HIGH BREAKOUT,21.188831,5.496542,33.31,220.00000000000003,49688317952.0,,,58.120000000000005,60.627997,16.041,,,,21.7,37.6,37.6,74.0,71.0,False
279,CGCL,2026-09-30,247.45,204.37,247.17,21.08,True,True,True,True,42.83,0.36,287.45,151.1,-13.92,63.77,55,NORMAL,within 15% of 52W high; above 200DMA; above 50DMA; 200DMA rising,,,,0,0,NOT A RECOVERY,False,,214.0,2025-10-30,15.63,True,False,80,PRIOR HIGH BREAKOUT,above prior high; above 200DMA; above 50DMA,75,above 200DMA; above 50DMA; 200DMA rising; 50DMA > 200DMA,False,69.0,264.71,6.98,222.7,0.7,PRIOR HIGH BREAKOUT,21.24723,3.3356085,11.73,8.0,239797633024.0,,,50.395,34.958,334.728,,,,85.8,79.4,79.4,74.0,71.0,False
194,MINDACORP,2026-09-30,692.85,610.97,703.77,13.4,True,False,True,True,50.39,1.63,769.0,468.5,-9.9,47.89,70,APPROACHING 52W HIGH,within 10% of 52W high; above 200DMA; 200DMA rising; healthy RSI; volume confirmation,,,,0,0,NOT A RECOVERY,False,,619.95,2025-11-13,11.76,True,False,90,PRIOR HIGH BREAKOUT,above prior high; above 200DMA; RSI >=50; volume >=1.2x,85,above 200DMA; 200DMA rising; 50DMA > 200DMA; RSI >=50; volume >=1.2x,False,80.75,725.46,4.71,623.56,0.47,PRIOR HIGH BREAKOUT,31.79371,5.9522643,20.99,23.0,157068099584.0,,,7.735,7.539,55.351,,,,33.2,215.79999999999998,215.79999999999998,56.0,70.85,False
253,UNIPARTS,2026-09-30,836.0,605.63,822.82,38.04,True,True,True,True,46.7,0.5,915.95,399.8,-8.73,109.1,65,APPROACHING 52W HIGH,within 10% of 52W high; above 200DMA; above 50DMA; 200DMA rising,,,,0,0,NOT A RECOVERY,False,,543.95,2025-10-16,53.69,True,False,80,PRIOR HIGH BREAKOUT,above prior high; above 200DMA; above 50DMA,75,above 200DMA; above 50DMA; 200DMA rising; 50DMA > 200DMA,False,72.5,900.21,7.68,752.4,0.77,PRIOR HIGH BREAKOUT,20.544132,4.248908,39.88,290.0,36969455616.0,,,20.195,14.505,17.771,,,,26.900000000000002,63.6,63.6,68.0,70.7,False
421,AGI,2026-09-30,804.4,653.7,743.41,23.05,True,True,True,True,57.17,0.55,896.15,465.0,-10.24,72.99,65,NORMAL,within 15% of 52W high; above 200DMA; above 50DMA; 200DMA rising; healthy RSI,,,,0,0,NOT A RECOVERY,False,,840.9,2025-10-30,-4.34,False,True,75,NEAR PRIOR HIGH,within 5% of prior high; above 200DMA; above 50DMA; RSI >=50,85,above 200DMA; above 50DMA; 200DMA rising; 50DMA > 200DMA; RSI >=50,False,76.0,868.79,8.01,723.96,0.8,NEAR PRIOR HIGH,14.12395,2.1257207,55.99,87.0,51162685440.0,,,16.576,13.108,10.126,,,,14.2,11.899999999999999,11.899999999999999,62.0,70.4,False
428,EMUDHRA,2026-09-30,596.5,498.5,543.52,19.66,True,True,True,True,52.33,0.31,690.9,364.55,-13.66,63.63,65,NORMAL,within 15% of 52W high; above 200DMA; above 50DMA; 200DMA rising; healthy RSI,,,,0,0,NOT A RECOVERY,False,,604.9,2025-12-26,-1.39,False,True,75,NEAR PRIOR HIGH,within 5% of prior high; above 200DMA; above 50DMA; RSI >=50,85,above 200DMA; above 50DMA; 200DMA rising; 50DMA > 200DMA; RSI >=50,False,76.0,678.11,13.68,536.85,1.37,NEAR PRIOR HIGH,41.72662,5.2226377,13.9,21.0,47585247232.0,,,19.729,15.443999999999999,3.153,,,,29.5,29.299999999999997,29.299999999999997,62.0,70.4,False
169,SIGIND,2026-09-30,68.73,53.14,65.53,29.35,True,True,True,True,50.27,0.71,74.99,40.66,-8.35,69.04,75,APPROACHING 52W HIGH,within 10% of 52W high; above 200DMA; above 50DMA; 200DMA rising; healthy RSI,,,,0,0,NOT A RECOVERY,False,,62.5,2025-07-24,9.97,True,False,90,PRIOR HIGH BREAKOUT,above prior high; above 200DMA; above 50DMA; RSI >=50,85,above 200DMA; above 50DMA; 200DMA rising; 50DMA > 200DMA; RSI >=50,False,82.5,76.52,11.33,61.86,1.13,PRIOR HIGH BREAKOUT,8.710594,0.8480503,7.74,73.0,1984642432.0,,,8.32,1.688,185.772,,,,17.9,,,52.0,70.3,False
171,ORIENTBELL,2026-09-30,398.55,316.59,368.1,25.89,True,True,True,True,55.73,0.7,434.95,246.55,-8.37,61.65,75,APPROACHING 52W HIGH,within 10% of 52W high; above 200DMA; above 50DMA; 200DMA rising; healthy RSI,,,,0,0,NOT A RECOVERY,False,,339.7,2026-04-15,17.32,True,False,90,PRIOR HIGH BREAKOUT,above prior high; above 200DMA; above 50DMA; RSI >=50,85,above 200DMA; above 50DMA; 200DMA rising; 50DMA > 200DMA; RSI >=50,False,82.5,426.29,6.96,358.69,0.7,PRIOR HIGH BREAKOUT,27.85115,1.7829821,14.31,25.0,5862859776.0,,,5.9499998,2.807,9.489,,,,42.6,,,52.0,70.3,False
480,GPPL,2026-09-30,166.75,162.03,159.12,2.92,True,True,False,False,60.04,1.4,200.09,141.55,-16.66,17.8,55,NORMAL,above 200DMA; above 50DMA; healthy RSI; volume confirmation,2026-09-28,157.66,5.77,80,80,STRONG RETEST,True,at/above 200DMA; recovery >=5%; above 50DMA; volume >=1.2x; RSI >=50,194.69,2026-01-09,-14.35,False,False,50,ABOVE 200DMA,above 200DMA; above 50DMA; RSI >=50; volume >=1.2x,65,above 200DMA; above 50DMA; RSI >=50; volume >=1.2x,False,58.5,174.58,4.69,150.08,0.47,200DMA RECOVERY,14.349481,3.405531,11.56,600.0,80223854592.0,,,55.03,45.058998,1.544,,,,32.5,41.699999999999996,41.699999999999996,88.0,70.3,False
309,IDEA,2026-09-30,12.95,12.27,13.95,5.56,True,False,True,True,34.87,1.6,15.79,8.05,-17.99,60.87,40,NORMAL,above 200DMA; 200DMA rising; volume confirmation,,,,0,0,NOT A RECOVERY,False,,12.8,2025-12-31,1.17,True,False,80,PRIOR HIGH BREAKOUT,above prior high; above 200DMA; volume >=1.2x,75,above 200DMA; 200DMA rising; 50DMA > 200DMA; volume >=1.2x,False,63.75,13.84,6.86,11.65,0.69,PRIOR HIGH BREAKOUT,3.6217766,-3.8303032,3.49,,1369455984640.0,,,-3.766,82.27799999999999,,,,,6.1,,,80.0,70.25,False
314,KERNEX,2026-09-30,1686.0,1548.49,1944.06,8.88,True,False,True,True,41.94,1.23,2580.0,850.0,-34.65,98.35,40,NORMAL,above 200DMA; 200DMA rising; volume confirmation,,,,0,0,NOT A RECOVERY,False,,1425.0,2026-01-16,18.32,True,False,80,PRIOR HIGH BREAKOUT,above prior high; above 200DMA; volume >=1.2x,75,above 200DMA; 200DMA rising; 50DMA > 200DMA; volume >=1.2x,False,63.75,1821.0,8.01,1517.4,0.8,PRIOR HIGH BREAKOUT,14.4623375,11.111412,113.64,,27616753664.0,,,31.947002,21.725,65.52,,,,800.4,1372.3000000000002,1372.3000000000002,80.0,70.25,False
410,KSL,2026-09-30,965.4,804.04,906.79,20.07,True,True,True,True,55.72,0.46,1032.9,574.0,-6.53,68.19,75,APPROACHING 52W HIGH,within 10% of 52W high; above 200DMA; above 50DMA; 200DMA rising; healthy RSI,,,,0,0,NOT A RECOVERY,False,,988.8,2025-07-01,-2.37,False,True,75,NEAR PRIOR HIGH,within 5% of prior high; above 200DMA; above 50DMA; RSI >=50,85,above 200DMA; above 50DMA; 200DMA rising; 50DMA > 200DMA; RSI >=50,False,79.5,1045.86,8.33,868.86,0.83,NEAR PRIOR HIGH,15.08343,1.8934367,60.53,104.0,39952314368.0,,,16.753,14.16,22.567,,,,4.9,11.899999999999999,11.899999999999999,56.0,70.1,False
419,SUNDROP,2026-09-30,745.2,658.94,675.64,13.09,True,True,True,True,70.52,0.17,823.95,556.0,-9.56,34.03,75,APPROACHING 52W HIGH,within 10% of 52W high; above 200DMA; above 50DMA; 200DMA rising; healthy RSI,,,,0,0,NOT A RECOVERY,False,,746.0,2026-01-01,-0.11,False,True,75,NEAR PRIOR HIGH,within 5% of prior high; above 200DMA; above 50DMA; RSI >=50,85,above 200DMA; above 50DMA; 200DMA rising; 50DMA > 200DMA; RSI >=50,False,79.5,809.22,8.59,670.68,0.86,NEAR PRIOR HIGH,102.05285,1.9203067,7.38,,28391385088.0,,,3.8989999999999996,1.7409999999999999,0.909,,,,15.0,125.2,125.2,56.0,70.1,False
238,DIFFNKG,2026-09-30,438.75,338.41,421.41,29.65,True,True,True,True,51.67,0.29,519.9,216.8,-15.61,102.38,55,NORMAL,above 200DMA; above 50DMA; 200DMA rising; healthy RSI,,,,0,0,NOT A RECOVERY,False,,418.2,2025-09-11,4.91,True,False,90,PRIOR HIGH BREAKOUT,above prior high; above 200DMA; above 50DMA; RSI >=50,85,above 200DMA; above 50DMA; 200DMA rising; 50DMA > 200DMA; RSI >=50,False,75.5,476.96,8.71,394.88,0.87,PRIOR HIGH BREAKOUT,31.548912,4.2720337,14.72,34.0,17241434112.0,,,11.1499995,12.553,7.057,,,,36.5,37.1,37.1,62.0,70.1,False
240,AKSHARCHEM,2026-09-30,388.1,245.23,340.14,58.26,True,True,True,True,52.67,0.4,472.0,141.3,-17.78,174.66,55,NORMAL,above 200DMA; above 50DMA; 200DMA rising; healthy RSI,,,,0,0,NOT A RECOVERY,False,,290.0,2025-10-23,33.83,True,False,90,PRIOR HIGH BREAKOUT,above prior high; above 200DMA; above 50DMA; RSI >=50,85,above 200DMA; above 50DMA; 200DMA rising; 50DMA > 200DMA; RSI >=50,False,75.5,431.89,11.28,349.29,1.13,PRIOR HIGH BREAKOUT,21.662857,1.1642154,17.5,13.0,3045347840.0,,,12.953000000000001,3.3779999999999997,41.473,,,,45.300000000000004,2028.1,2028.1,62.0,70.1,False
117,BOSCHLTD,2026-09-30,47100.0,39000.2,46141.8,20.77,True,True,True,True,49.23,1.21,50000.0,28610.0,-5.8,64.63,75,APPROACHING 52W HIGH,within 10% of 52W high; above 200DMA; above 50DMA; 200DMA rising; volume confirmation,,,,0,0,NOT A RECOVERY,False,,40890.0,2025-09-12,15.19,True,False,90,PRIOR HIGH BREAKOUT,above prior high; above 200DMA; above 50DMA; volume >=1.2x,90,above 200DMA; above 50DMA; 200DMA rising; 50DMA > 200DMA; volume >=1.2x,False,84.75,49382.14,4.85,42390.0,0.48,PRIOR HIGH BREAKOUT,56.8003,9.035721,800.7,56.99999999999999,,,,12.362,11.328000000000001,0.8,,,,22.0,-36.7,-36.7,48.0,70.05,False
727,MANKIND,2026-09-30,2503.8,2296.09,2412.24,9.05,True,True,True,True,59.86,2.52,2642.0,1909.7,-5.23,31.11,85,APPROACHING 52W HIGH,within 10% of 52W high; above 200DMA; above 50DMA; 200DMA rising; healthy RSI; volume confirmation,,,,0,0,NOT A RECOVERY,False,,2642.0,2026-07-29,-5.23,False,False,50,ABOVE 200DMA,above 200DMA; above 50DMA; RSI >=50; volume >=1.2x,100,above 200DMA; above 50DMA; 200DMA rising; 50DMA > 200DMA; RSI >=50; volume >=1.2x,False,84.75,2632.23,5.13,2253.42,0.51,HIGH LEVEL,50.558437,6.420241,50.14,8.0,1047069327360.0,,,20.605,13.859999,38.111,,,,12.9,29.599999999999998,29.599999999999998,48.0,70.05,False
207,WABAG,2026-09-30,2061.4,1597.6,2024.58,29.03,True,True,True,True,50.12,0.59,2319.0,1033.0,-11.11,99.55,65,NORMAL,within 15% of 52W high; above 200DMA; above 50DMA; 200DMA rising; healthy RSI,,,,0,0,NOT A RECOVERY,False,,1680.0,2025-05-28,22.7,True,False,90,PRIOR HIGH BREAKOUT,above prior high; above 200DMA; above 50DMA; RSI >=50,85,above 200DMA; above 50DMA; 200DMA rising; 50DMA > 200DMA; RSI >=50,False,79.0,2230.06,8.18,1855.26,0.82,PRIOR HIGH BREAKOUT,34.861763,4.8637123,57.51,24.0,125289349120.0,,,8.7840006,9.636,8.874,,,,20.8,36.8,36.8,56.0,69.8,False
222,MANINDS,2026-09-30,907.35,525.51,719.12,72.66,True,True,True,True,57.78,0.52,1039.7,302.05,-12.73,200.4,65,NORMAL,within 15% of 52W high; above 200DMA; above 50DMA; 200DMA rising; healthy RSI,,,,0,0,NOT A RECOVERY,False,,491.0,2025-11-26,84.8,True,False,90,PRIOR HIGH BREAKOUT,above prior high; above 200DMA; above 50DMA; RSI >=50,85,above 200DMA; above 50DMA; 200DMA rising; 50DMA > 200DMA; RSI >=50,False,79.0,1035.07,14.08,816.61,1.41,PRIOR HIGH BREAKOUT,33.85562,3.208371,27.22,,69125062656.0,,,10.785,5.272,30.097,,,,41.9,95.19999999999999,95.19999999999999,56.0,69.8,False
225,SAIL,2026-09-30,181.49,168.98,178.69,7.41,True,True,True,True,50.07,1.03,209.7,124.0,-13.45,46.36,65,NORMAL,within 15% of 52W high; above 200DMA; above 50DMA; 200DMA rising; healthy RSI,,,,0,0,NOT A RECOVERY,False,,145.9,2025-11-13,24.39,True,False,90,PRIOR HIGH BREAKOUT,above prior high; above 200DMA; above 50DMA; RSI >=50,85,above 200DMA; above 50DMA; 200DMA rising; 50DMA > 200DMA; RSI >=50,False,79.0,192.15,5.88,163.34,0.59,PRIOR HIGH BREAKOUT,16.87621,1.1951972,10.34,129.0,720776658944.0,,,9.876999999999999,3.8440000000000003,52.899,,,,1.3,121.10000000000001,121.10000000000001,56.0,69.8,False
297,VOLTAMP,2026-09-30,10500.0,9329.21,10449.36,12.55,True,True,True,True,45.76,0.84,12863.0,6666.0,-18.37,57.52,45,NORMAL,above 200DMA; above 50DMA; 200DMA rising,,,,0,0,NOT A RECOVERY,False,,10088.0,2025-07-10,4.08,True,False,80,PRIOR HIGH BREAKOUT,above prior high; above 200DMA; above 50DMA,75,above 200DMA; above 50DMA; 200DMA rising; 50DMA > 200DMA,False,65.5,11125.57,5.96,9450.0,0.6,PRIOR HIGH BREAKOUT,33.266327,6.4132886,313.41,95.0,105481093120.0,,,14.112,13.922,0.03,,,,28.4,14.7,14.7,76.0,69.7,False
233,HINDCON,2026-09-30,35.05,22.69,23.8,54.5,True,True,False,True,88.78,4.21,37.75,15.66,-7.15,123.82,65,APPROACHING 52W HIGH,within 10% of 52W high; above 200DMA; above 50DMA; volume confirmation,,,,0,0,NOT A RECOVERY,False,,30.4,2025-12-12,15.3,True,False,100,PRIOR HIGH BREAKOUT,above prior high; above 200DMA; above 50DMA; RSI >=50; volume >=1.2x,80,above 200DMA; above 50DMA; 50DMA > 200DMA; RSI >=50; volume >=1.2x,False,78.75,38.41,9.6,31.54,0.96,PRIOR HIGH BREAKOUT,39.642857,2.9857438,0.84,,1704647680.0,,,13.027,6.0560003,18.593,,,,43.1,80.0,80.0,56.0,69.65,False
143,RML,2026-09-30,1351.9,953.56,1203.85,41.77,True,True,True,True,58.53,0.24,1440.0,608.5,-6.12,122.17,75,APPROACHING 52W HIGH,within 10% of 52W high; above 200DMA; above 50DMA; 200DMA rising; healthy RSI,,,,0,0,NOT A RECOVERY,False,,1034.8,2025-06-18,30.64,True,False,90,PRIOR HIGH BREAKOUT,above prior high; above 200DMA; above 50DMA; RSI >=50,85,above 200DMA; above 50DMA; 200DMA rising; 50DMA > 200DMA; RSI >=50,False,82.5,1481.97,9.62,1216.71,0.96,PRIOR HIGH BREAKOUT,31.339243,4.9459267,42.86,118.0,37122199552.0,,,4.559,2.9590001,100.193,,,,18.3,62.5,62.5,50.0,69.5,False
150,SANGAMIND,2026-09-30,626.9,514.33,592.21,21.89,True,True,True,True,63.14,0.54,672.5,391.2,-6.78,60.25,75,APPROACHING 52W HIGH,within 10% of 52W high; above 200DMA; above 50DMA; 200DMA rising; healthy RSI,,,,0,0,NOT A RECOVERY,False,,524.0,2026-02-03,19.64,True,False,90,PRIOR HIGH BREAKOUT,above prior high; above 200DMA; above 50DMA; RSI >=50,85,above 200DMA; above 50DMA; 200DMA rising; 50DMA > 200DMA; RSI >=50,False,82.5,676.03,7.84,564.21,0.78,PRIOR HIGH BREAKOUT,26.221073,2.962446,24.2,32.0,31289669632.0,,,9.2650004,3.6760002,118.739,,,,8.9,1842.8999999999999,1842.8999999999999,50.0,69.5,False
156,PITTIENG,2026-09-30,1139.5,922.59,1060.34,23.51,True,True,True,True,54.82,0.2,1228.0,675.0,-7.21,68.81,75,APPROACHING 52W HIGH,within 10% of 52W high; above 200DMA; above 50DMA; 200DMA rising; healthy RSI,,,,0,0,NOT A RECOVERY,False,,1044.4,2025-07-22,9.11,True,False,90,PRIOR HIGH BREAKOUT,above prior high; above 200DMA; above 50DMA; RSI >=50,85,above 200DMA; above 50DMA; 200DMA rising; 50DMA > 200DMA; RSI >=50,False,82.5,1223.71,7.39,1025.55,0.74,PRIOR HIGH BREAKOUT,33.436478,4.2032113,33.61,22.0,41483493376.0,,,11.1219995,6.267,82.134,,,,15.9,30.099999999999998,30.099999999999998,50.0,69.5,False
77,BBOX,2026-09-30,804.8,702.91,766.67,14.5,True,True,True,True,54.31,1.7,1103.0,444.3,-27.04,81.14,65,NORMAL,above 200DMA; above 50DMA; 200DMA rising; healthy RSI; volume confirmation,,,,0,0,NOT A RECOVERY,False,,613.8,2025-10-07,31.12,True,False,100,PRIOR HIGH BREAKOUT,above prior high; above 200DMA; above 50DMA; RSI >=50; volume >=1.2x,100,above 200DMA; above 50DMA; 200DMA rising; 50DMA > 200DMA; RSI >=50; volume >=1.2x,False,87.75,890.29,10.62,724.32,1.06,PRIOR HIGH BREAKOUT,61.03144,10.976636,13.04,12.0,141342326784.0,,,6.595,3.3970002,89.594,,,,23.9,12.9,12.9,42.0,69.45,False
273,ANUHPHR,2026-09-30,87.4,79.39,83.7,10.09,True,True,True,True,47.78,0.24,99.5,67.0,-12.16,30.45,55,NORMAL,within 15% of 52W high; above 200DMA; above 50DMA; 200DMA rising,,,,0,0,NOT A RECOVERY,False,,86.81,2026-05-06,0.68,True,False,80,PRIOR HIGH BREAKOUT,above prior high; above 200DMA; above 50DMA,75,above 200DMA; above 50DMA; 200DMA rising; 50DMA > 200DMA,False,69.0,95.59,9.37,78.66,0.94,PRIOR HIGH BREAKOUT,23.980448,2.4428067,3.58,172.0,8604230656.0,,,7.1490005,5.6700002,0.017,,,,3.9,37.3,37.3,70.0,69.4,False
479,BANDHANBNK,2026-09-30,178.23,176.6,173.34,0.92,True,True,True,False,50.57,0.98,220.76,134.25,-19.27,32.76,55,NORMAL,above 200DMA; above 50DMA; 200DMA rising; healthy RSI,2026-09-15,169.33,5.26,90,90,STRONG RETEST,True,at/above 200DMA; moving toward 200DMA; recovery >=5%; above 50DMA; RSI >=50,220.76,2026-07-15,-19.27,False,False,40,ABOVE 200DMA,above 200DMA; above 50DMA; RSI >=50,70,above 200DMA; above 50DMA; 200DMA rising; RSI >=50,False,58.75,190.46,6.86,160.41,0.69,200DMA RECOVERY,20.977354,1.1071689,8.39,84.0,283561951232.0,,,23.771,13.617,,,,,21.6,34.599999999999994,34.599999999999994,85.0,69.25,False
409,FINEORG,2026-09-30,5124.5,4697.63,5089.82,9.09,True,True,True,True,48.77,1.27,5407.0,3856.0,-5.22,32.9,75,APPROACHING 52W HIGH,within 10% of 52W high; above 200DMA; above 50DMA; 200DMA rising; volume confirmation,,,,0,0,NOT A RECOVERY,False,,5144.9,2026-04-22,-0.4,False,True,75,NEAR PRIOR HIGH,within 5% of prior high; above 200DMA; above 50DMA; volume >=1.2x,90,above 200DMA; above 50DMA; 200DMA rising; 50DMA > 200DMA; volume >=1.2x,False,81.75,5345.79,4.32,4612.05,0.43,NEAR PRIOR HIGH,35.88865,5.904107,142.97,21.0,157316333568.0,,,23.356001000000003,17.726,3.464,,,,18.0,18.0,18.0,50.0,69.05,False
742,IIFLCAPS,2026-09-30,346.0,329.94,338.24,4.87,True,True,True,True,57.8,2.26,411.3,240.4,-15.88,43.93,65,NORMAL,above 200DMA; above 50DMA; 200DMA rising; healthy RSI; volume confirmation,,,,0,0,NOT A RECOVERY,False,,411.3,2026-01-07,-15.88,False,False,50,ABOVE 200DMA,above 200DMA; above 50DMA; RSI >=50; volume >=1.2x,100,above 200DMA; above 50DMA; 200DMA rising; 50DMA > 200DMA; RSI >=50; volume >=1.2x,False,77.75,356.1,2.92,311.4,0.29,ABOVE 200DMA,19.97688,3.5052133,17.3,87.0,108985655296.0,,,36.176,24.520001,59.292,,,,3.3000000000000003,4.5,4.5,56.0,69.05,False
749,JNKINDIA,2026-09-30,438.2,350.08,435.96,25.17,True,True,True,True,53.75,1.67,558.0,200.92,-21.47,118.1,65,NORMAL,above 200DMA; above 50DMA; 200DMA rising; healthy RSI; volume confirmation,,,,0,0,NOT A RECOVERY,False,,,,,False,False,50,ABOVE 200DMA,above 200DMA; above 50DMA; RSI >=50; volume >=1.2x,100,above 200DMA; above 50DMA; 200DMA rising; 50DMA > 200DMA; RSI >=50; volume >=1.2x,False,77.75,480.18,9.58,394.38,0.96,ABOVE 200DMA,32.171005,4.2618785,13.45,7.000000000000001,24211259392.0,,,7.242999999999999,8.371,15.97,,,,81.5,925.0,925.0,56.0,69.05,False
228,APOLLO,2026-09-30,403.45,320.81,393.17,25.76,True,True,True,True,53.23,0.55,466.5,179.5,-13.52,124.76,65,NORMAL,within 15% of 52W high; above 200DMA; above 50DMA; 200DMA rising; healthy RSI,,,,0,0,NOT A RECOVERY,False,,354.7,2025-09-17,13.74,True,False,90,PRIOR HIGH BREAKOUT,above prior high; above 200DMA; above 50DMA; RSI >=50,85,above 200DMA; above 50DMA; 200DMA rising; 50DMA > 200DMA; RSI >=50,False,79.0,439.14,8.85,363.11,0.88,PRIOR HIGH BREAKOUT,112.25071,10.355885,3.51,6.0,146410209280.0,,,18.360001,11.8710004,41.527,,,,88.1,38.9,38.9,54.0,69.0,False
796,JAGSNPHARM,2026-09-30,237.74,205.65,233.66,15.6,True,True,True,True,54.06,0.48,264.5,155.0,-10.12,53.38,65,NORMAL,within 15% of 52W high; above 200DMA; above 50DMA; 200DMA rising; healthy RSI,,,,0,0,NOT A RECOVERY,False,,253.25,2025-09-15,-6.12,False,False,40,ABOVE 200DMA,above 200DMA; above 50DMA; RSI >=50,85,above 200DMA; above 50DMA; 200DMA rising; 50DMA > 200DMA; RSI >=50,False,69.0,256.06,7.7,213.97,0.77,ABOVE 200DMA,,,,,,,,,,,,,,,,,,69.0,False
798,BELRISE,2026-09-30,240.36,210.18,237.14,14.36,True,True,True,True,52.81,0.35,268.2,142.59,-10.38,68.57,65,NORMAL,within 15% of 52W high; above 200DMA; above 50DMA; 200DMA rising; healthy RSI,,,,0,0,NOT A RECOVERY,False,,,,,False,False,40,ABOVE 200DMA,above 200DMA; above 50DMA; RSI >=50,85,above 200DMA; above 50DMA; 200DMA rising; 50DMA > 200DMA; RSI >=50,False,69.0,253.77,5.58,216.32,0.56,ABOVE 200DMA,,,,,,,,,,,,,,,,,,69.0,False
799,PLAZACABLE,2026-09-30,59.15,44.81,54.03,32.0,True,True,True,True,51.49,0.47,66.0,27.0,-10.38,119.07,65,NORMAL,within 15% of 52W high; above 200DMA; above 50DMA; 200DMA rising; healthy RSI,,,,0,0,NOT A RECOVERY,False,,65.0,2026-05-08,-9.0,False,False,40,ABOVE 200DMA,above 200DMA; above 50DMA; RSI >=50,85,above 200DMA; above 50DMA; 200DMA rising; 50DMA > 200DMA; RSI >=50,False,69.0,65.51,10.76,53.24,1.08,ABOVE 200DMA,,,,,,,,,,,,,,,,,,69.0,False
800,JAMNAAUTO,2026-09-30,136.35,127.52,129.09,6.92,True,True,True,True,59.61,0.86,152.6,89.74,-10.65,51.94,65,NORMAL,within 15% of 52W high; above 200DMA; above 50DMA; 200DMA rising; healthy RSI,,,,0,0,NOT A RECOVERY,False,,152.6,2026-02-16,-10.65,False,False,40,ABOVE 200DMA,above 200DMA; above 50DMA; RSI >=50,85,above 200DMA; above 50DMA; 200DMA rising; 50DMA > 200DMA; RSI >=50,False,69.0,148.2,8.69,122.72,0.87,ABOVE 200DMA,,,,,,,,,,,,,,,,,,69.0,False
801,TVSSCS,2026-09-30,130.57,119.15,129.98,9.58,True,True,True,True,51.22,0.63,146.5,90.32,-10.87,44.56,65,NORMAL,within 15% of 52W high; above 200DMA; above 50DMA; 200DMA rising; healthy RSI,,,,0,0,NOT A RECOVERY,False,,138.0,2025-09-16,-5.38,False,False,40,ABOVE 200DMA,above 200DMA; above 50DMA; RSI >=50,85,above 200DMA; above 50DMA; 200DMA rising; 50DMA > 200DMA; RSI >=50,False,69.0,139.13,6.56,117.51,0.66,ABOVE 200DMA,,,,,,,,,,,,,,,,,,69.0,False
802,NGIL,2026-09-30,39.11,34.17,39.0,14.45,True,True,True,True,52.66,1.11,43.89,22.01,-10.89,77.69,65,NORMAL,within 15% of 52W high; above 200DMA; above 50DMA; 200DMA rising; healthy RSI,,,,0,0,NOT A RECOVERY,False,,43.89,2026-05-29,-10.89,False,False,40,ABOVE 200DMA,above 200DMA; above 50DMA; RSI >=50,85,above 200DMA; above 50DMA; 200DMA rising; 50DMA > 200DMA; RSI >=50,False,69.0,44.31,13.29,35.2,1.33,ABOVE 200DMA,,,,,,,,,,,,,,,,,,69.0,False
803,SAKAR,2026-09-30,1093.05,697.39,985.8,56.73,True,True,True,True,52.25,0.39,1229.85,345.5,-11.12,216.37,65,NORMAL,within 15% of 52W high; above 200DMA; above 50DMA; 200DMA rising; healthy RSI,,,,0,0,NOT A RECOVERY,False,,,,,False,False,40,ABOVE 200DMA,above 200DMA; above 50DMA; RSI >=50,85,above 200DMA; above 50DMA; 200DMA rising; 50DMA > 200DMA; RSI >=50,False,69.0,1226.34,12.19,983.75,1.22,ABOVE 200DMA,,,,,,,,,,,,,,,,,,69.0,False
804,NDLVENTURE,2026-09-30,123.95,116.47,123.76,6.42,True,True,True,True,52.21,0.77,140.0,80.0,-11.46,54.94,65,NORMAL,within 15% of 52W high; above 200DMA; above 50DMA; 200DMA rising; healthy RSI,,,,0,0,NOT A RECOVERY,False,,,,,False,False,40,ABOVE 200DMA,above 200DMA; above 50DMA; RSI >=50,85,above 200DMA; above 50DMA; 200DMA rising; 50DMA > 200DMA; RSI >=50,False,69.0,135.07,8.97,111.55,0.9,ABOVE 200DMA,,,,,,,,,,,,,,,,,,69.0,False
805,MAWANASUG,2026-09-30,145.01,103.1,129.56,40.65,True,True,True,True,59.77,0.71,164.0,75.08,-11.58,93.14,65,NORMAL,within 15% of 52W high; above 200DMA; above 50DMA; 200DMA rising; healthy RSI,,,,0,0,NOT A RECOVERY,False,,,,,False,False,40,ABOVE 200DMA,above 200DMA; above 50DMA; RSI >=50,85,above 200DMA; above 50DMA; 200DMA rising; 50DMA > 200DMA; RSI >=50,False,69.0,160.03,10.36,130.51,1.04,ABOVE 200DMA,,,,,,,,,,,,,,,,,,69.0,False
806,VENUSREM,2026-09-30,1796.1,1213.34,1637.25,48.03,True,True,True,True,64.71,1.03,2044.3,428.0,-12.14,319.65,65,NORMAL,within 15% of 52W high; above 200DMA; above 50DMA; 200DMA rising; healthy RSI,,,,0,0,NOT A RECOVERY,False,,,,,False,False,40,ABOVE 200DMA,above 200DMA; above 50DMA; RSI >=50,85,above 200DMA; above 50DMA; 200DMA rising; 50DMA > 200DMA; RSI >=50,False,69.0,1959.96,9.12,1616.49,0.91,ABOVE 200DMA,,,,,,,,,,,,,,,,,,69.0,False
807,MARALOVER,2026-09-30,60.31,49.92,57.37,20.82,True,True,True,True,53.71,0.53,68.89,34.11,-12.45,76.81,65,NORMAL,within 15% of 52W high; above 200DMA; above 50DMA; 200DMA rising; healthy RSI,,,,0,0,NOT A RECOVERY,False,,97.17,2024-12-18,-37.93,False,False,40,ABOVE 200DMA,above 200DMA; above 50DMA; RSI >=50,85,above 200DMA; above 50DMA; 200DMA rising; 50DMA > 200DMA; RSI >=50,False,69.0,68.79,14.06,54.28,1.41,ABOVE 200DMA,,,,,,,,,,,,,,,,,,69.0,False
808,MGEL,2026-09-30,15.89,13.97,15.25,13.73,True,True,True,True,57.35,0.11,18.17,9.53,-12.55,66.74,65,NORMAL,within 15% of 52W high; above 200DMA; above 50DMA; 200DMA rising; healthy RSI,,,,0,0,NOT A RECOVERY,False,,18.4,2025-09-26,-13.64,False,False,40,ABOVE 200DMA,above 200DMA; above 50DMA; RSI >=50,85,above 200DMA; above 50DMA; 200DMA rising; 50DMA > 200DMA; RSI >=50,False,69.0,17.11,7.67,14.3,0.77,ABOVE 200DMA,,,,,,,,,,,,,,,,,,69.0,False
809,BANSALWIRE,2026-09-30,323.45,300.04,317.79,7.8,True,True,True,True,55.72,1.07,370.0,222.5,-12.58,45.37,65,NORMAL,within 15% of 52W high; above 200DMA; above 50DMA; 200DMA rising; healthy RSI,,,,0,0,NOT A RECOVERY,False,,368.0,2025-09-22,-12.11,False,False,40,ABOVE 200DMA,above 200DMA; above 50DMA; RSI >=50,85,above 200DMA; above 50DMA; 200DMA rising; 50DMA > 200DMA; RSI >=50,False,69.0,346.44,7.11,291.11,0.71,ABOVE 200DMA,,,,,,,,,,,,,,,,,,69.0,False
810,CHEVIOT,2026-09-30,1183.2,1100.2,1163.08,7.54,True,True,True,True,53.52,0.34,1370.5,898.0,-13.67,31.76,65,NORMAL,within 15% of 52W high; above 200DMA; above 50DMA; 200DMA rising; healthy RSI,,,,0,0,NOT A RECOVERY,False,,1370.5,2026-05-07,-13.67,False,False,40,ABOVE 200DMA,above 200DMA; above 50DMA; RSI >=50,85,above 200DMA; above 50DMA; 200DMA rising; 50DMA > 200DMA; RSI >=50,False,69.0,1242.24,4.99,1064.88,0.5,ABOVE 200DMA,,,,,,,,,,,,,,,,,,69.0,False
811,NPST,2026-09-30,1764.8,1389.37,1647.18,27.02,True,True,True,True,53.27,0.5,2058.0,846.6,-14.25,108.46,65,NORMAL,within 15% of 52W high; above 200DMA; above 50DMA; 200DMA rising; healthy RSI,,,,0,0,NOT A RECOVERY,False,,3049.0,2024-12-18,-42.12,False,False,40,ABOVE 200DMA,above 200DMA; above 50DMA; RSI >=50,85,above 200DMA; above 50DMA; 200DMA rising; 50DMA > 200DMA; RSI >=50,False,69.0,1983.64,12.4,1588.32,1.24,ABOVE 200DMA,,,,,,,,,,,,,,,,,,69.0,False
812,TNPL,2026-09-30,150.61,143.74,148.93,4.78,True,True,True,True,52.21,0.15,175.75,121.51,-14.3,23.95,65,NORMAL,within 15% of 52W high; above 200DMA; above 50DMA; 200DMA rising; healthy RSI,,,,0,0,NOT A RECOVERY,False,,166.0,2026-09-07,-9.27,False,False,40,ABOVE 200DMA,above 200DMA; above 50DMA; RSI >=50,85,above 200DMA; above 50DMA; 200DMA rising; 50DMA > 200DMA; RSI >=50,False,69.0,161.45,7.2,135.55,0.72,ABOVE 200DMA,,,,,,,,,,,,,,,,,,69.0,False
813,SHIVALIK,2026-09-30,403.45,283.89,311.97,42.12,True,True,True,True,63.06,0.32,471.0,206.4,-14.34,95.47,65,NORMAL,within 15% of 52W high; above 200DMA; above 50DMA; 200DMA rising; healthy RSI,,,,0,0,NOT A RECOVERY,False,,,,,False,False,40,ABOVE 200DMA,above 200DMA; above 50DMA; RSI >=50,85,above 200DMA; above 50DMA; 200DMA rising; 50DMA > 200DMA; RSI >=50,False,69.0,456.93,13.26,363.11,1.33,ABOVE 200DMA,,,,,,,,,,,,,,,,,,69.0,False
814,CHENNPETRO,2026-09-30,1436.3,1094.49,1378.79,31.23,True,True,True,True,52.89,0.88,1677.5,716.8,-14.38,100.38,65,NORMAL,within 15% of 52W high; above 200DMA; above 50DMA; 200DMA rising; healthy RSI,,,,0,0,NOT A RECOVERY,False,,,,,False,False,40,ABOVE 200DMA,above 200DMA; above 50DMA; RSI >=50,85,above 200DMA; above 50DMA; 200DMA rising; 50DMA > 200DMA; RSI >=50,False,69.0,1571.79,9.43,1292.67,0.94,ABOVE 200DMA,,,,,,,,,,,,,,,,,,69.0,False
815,REGAAL,2026-09-30,88.08,78.07,87.54,12.82,True,True,True,True,50.34,0.14,103.0,57.27,-14.49,53.8,65,NORMAL,within 15% of 52W high; above 200DMA; above 50DMA; 200DMA rising; healthy RSI,,,,0,0,NOT A RECOVERY,False,,99.0,2026-05-11,-11.03,False,False,40,ABOVE 200DMA,above 200DMA; above 50DMA; RSI >=50,85,above 200DMA; above 50DMA; 200DMA rising; 50DMA > 200DMA; RSI >=50,False,69.0,98.4,11.71,79.27,1.17,ABOVE 200DMA,,,,,,,,,,,,,,,,,,69.0,False
816,ALKALI,2026-09-30,91.43,73.52,74.96,24.36,True,True,True,True,58.93,0.08,107.38,46.8,-14.85,95.36,65,NORMAL,within 15% of 52W high; above 200DMA; above 50DMA; 200DMA rising; healthy RSI,,,,0,0,NOT A RECOVERY,False,,103.5,2026-06-01,-11.66,False,False,40,ABOVE 200DMA,above 200DMA; above 50DMA; RSI >=50,85,above 200DMA; above 50DMA; 200DMA rising; 50DMA > 200DMA; RSI >=50,False,69.0,105.87,15.79,82.29,1.58,ABOVE 200DMA,,,,,,,,,,,,,,,,,,69.0,False
817,GTECJAINX,2026-09-30,32.62,24.0,28.77,35.9,True,True,True,True,64.73,0.45,38.35,15.54,-14.94,109.91,65,NORMAL,within 15% of 52W high; above 200DMA; above 50DMA; 200DMA rising; healthy RSI,,,,0,0,NOT A RECOVERY,False,,35.2,2025-03-24,-7.33,False,False,40,ABOVE 200DMA,above 200DMA; above 50DMA; RSI >=50,85,above 200DMA; above 50DMA; 200DMA rising; 50DMA > 200DMA; RSI >=50,False,69.0,37.47,14.86,29.36,1.49,ABOVE 200DMA,,,,,,,,,,,,,,,,,,69.0,False
440,WENDT,2026-09-30,8351.5,7452.9,8280.3,12.06,True,True,True,True,46.86,0.43,9270.5,5841.5,-9.91,42.97,65,APPROACHING 52W HIGH,within 10% of 52W high; above 200DMA; above 50DMA; 200DMA rising,,,,0,0,NOT A RECOVERY,False,,8740.0,2025-11-03,-4.45,False,True,65,NEAR PRIOR HIGH,within 5% of prior high; above 200DMA; above 50DMA,75,above 200DMA; above 50DMA; 200DMA rising; 50DMA > 200DMA,False,69.5,8972.14,7.43,7516.35,0.74,NEAR PRIOR HIGH,96.21814,6.3938236,84.35,24.0,16231999488.0,,,10.424,6.6360004,0.075,,,,36.6,63.2,63.2,68.0,68.9,False
300,PAISALO,2026-09-30,76.41,52.51,75.04,45.5,True,True,True,True,41.75,0.36,94.88,30.0,-19.47,154.7,45,NORMAL,above 200DMA; above 50DMA; 200DMA rising,,,,0,0,NOT A RECOVERY,False,,41.7,2025-09-18,83.24,True,False,80,PRIOR HIGH BREAKOUT,above prior high; above 200DMA; above 50DMA,75,above 200DMA; above 50DMA; 200DMA rising; 50DMA > 200DMA,False,65.5,85.38,11.74,68.77,1.17,PRIOR HIGH BREAKOUT,28.844767,4.023365,2.77,13.0,73040519168.0,,,63.73799999999999,45.757999999999996,243.153,,,,20.7,28.799999999999997,28.799999999999997,74.0,68.9,False
818,JUBLPHARMA,2026-09-30,1028.8,956.62,957.72,7.55,True,True,False,True,56.09,1.43,1184.8,786.05,-13.17,30.88,65,NORMAL,within 15% of 52W high; above 200DMA; above 50DMA; healthy RSI; volume confirmation,,,,0,0,NOT A RECOVERY,False,,1183.0,2025-11-04,-13.03,False,False,50,ABOVE 200DMA,above 200DMA; above 50DMA; RSI >=50; volume >=1.2x,80,above 200DMA; above 50DMA; 50DMA > 200DMA; RSI >=50; volume >=1.2x,False,68.75,1100.98,7.02,925.92,0.7,ABOVE 200DMA,,,,,,,,,,,,,,,,,,68.75,False
819,DLF,2026-09-30,674.0,627.05,662.41,7.49,True,True,False,True,54.44,1.51,786.5,489.4,-14.3,37.72,65,NORMAL,within 15% of 52W high; above 200DMA; above 50DMA; healthy RSI; volume confirmation,,,,0,0,NOT A RECOVERY,False,,715.0,2026-01-06,-5.73,False,False,50,ABOVE 200DMA,above 200DMA; above 50DMA; RSI >=50; volume >=1.2x,80,above 200DMA; above 50DMA; 50DMA > 200DMA; RSI >=50; volume >=1.2x,False,68.75,708.01,5.05,606.6,0.5,ABOVE 200DMA,,,,,,,,,,,,,,,,,,68.75,False
126,TATVA,2026-09-30,1784.2,1359.5,1695.13,31.24,True,True,True,True,58.63,0.78,1880.0,992.3,-5.1,79.8,75,APPROACHING 52W HIGH,within 10% of 52W high; above 200DMA; above 50DMA; 200DMA rising; healthy RSI,,,,0,0,NOT A RECOVERY,False,,1610.0,2025-11-18,10.82,True,False,90,PRIOR HIGH BREAKOUT,above prior high; above 200DMA; above 50DMA; RSI >=50,85,above 200DMA; above 50DMA; 200DMA rising; 50DMA > 200DMA; RSI >=50,False,82.5,1950.84,9.34,1605.78,0.93,PRIOR HIGH BREAKOUT,79.416855,5.218646,21.95,11.0,40777031680.0,,,13.008000000000001,9.241000000000001,15.398,,,,42.9,140.5,140.5,48.0,68.7,False
136,ZYDUSLIFE,2026-09-30,1162.0,1012.55,1140.66,14.76,True,True,True,True,51.49,1.11,1232.1,835.5,-5.69,39.08,75,APPROACHING 52W HIGH,within 10% of 52W high; above 200DMA; above 50DMA; 200DMA rising; healthy RSI,,,,0,0,NOT A RECOVERY,False,,1059.05,2025-09-19,9.72,True,False,90,PRIOR HIGH BREAKOUT,above prior high; above 200DMA; above 50DMA; RSI >=50,85,above 200DMA; above 50DMA; 200DMA rising; 50DMA > 200DMA; RSI >=50,False,82.5,1217.97,4.82,1045.8,0.48,PRIOR HIGH BREAKOUT,25.54515,4.2522473,44.85,9.0,1142840098816.0,,,16.438,15.784,42.304,,,,22.0,-35.9,-35.9,48.0,68.7,False
185,CYIENTDLM,2026-09-30,914.1,498.71,797.89,83.29,True,True,True,True,57.13,0.33,1009.0,265.2,-9.41,244.68,75,APPROACHING 52W HIGH,within 10% of 52W high; above 200DMA; above 50DMA; 200DMA rising; healthy RSI,,,,0,0,NOT A RECOVERY,False,,540.0,2025-04-23,69.28,True,False,90,PRIOR HIGH BREAKOUT,above prior high; above 200DMA; above 50DMA; RSI >=50,85,above 200DMA; above 50DMA; 200DMA rising; 50DMA > 200DMA; RSI >=50,False,82.5,1001.89,9.6,822.69,0.96,PRIOR HIGH BREAKOUT,86.53437,7.009496,10.33,,70943842304.0,,,7.509,6.0510002,17.021,,,,34.300000000000004,118.10000000000001,118.10000000000001,48.0,68.7,False
190,OPTIEMUS,2026-09-30,767.75,477.84,608.71,60.67,True,True,True,True,64.85,0.49,850.65,288.0,-9.75,166.58,75,APPROACHING 52W HIGH,within 10% of 52W high; above 200DMA; above 50DMA; 200DMA rising; healthy RSI,,,,0,0,NOT A RECOVERY,False,,713.0,2025-09-25,7.68,True,False,90,PRIOR HIGH BREAKOUT,above prior high; above 200DMA; above 50DMA; RSI >=50,85,above 200DMA; above 50DMA; 200DMA rising; 50DMA > 200DMA; RSI >=50,False,82.5,873.21,13.74,690.98,1.37,PRIOR HIGH BREAKOUT,99.71464,9.177905,8.06,,72466776064.0,,,2.693,3.279,45.355,,,,102.8,46.0,46.0,48.0,68.7,False
191,VINDHYATEL,2026-09-30,2662.9,1744.58,2491.15,52.64,True,True,True,True,50.67,0.8,2952.6,963.9,-9.81,176.26,75,APPROACHING 52W HIGH,within 10% of 52W high; above 200DMA; above 50DMA; 200DMA rising; healthy RSI,,,,0,0,NOT A RECOVERY,False,,1889.0,2025-06-17,40.97,True,False,90,PRIOR HIGH BREAKOUT,above prior high; above 200DMA; above 50DMA; RSI >=50,85,above 200DMA; above 50DMA; 200DMA rising; 50DMA > 200DMA; RSI >=50,False,82.5,2931.24,10.08,2396.61,1.01,PRIOR HIGH BREAKOUT,13.244597,0.7374951,197.59,23.0,31013707776.0,,,10.774000000000001,6.877999999999999,34.118,,,,-20.8,76.5,76.5,48.0,68.7,False
322,TMB,2026-09-30,871.3,717.3,881.17,21.47,True,False,True,True,45.74,0.83,954.2,420.0,-8.69,107.45,50,APPROACHING 52W HIGH,within 10% of 52W high; above 200DMA; 200DMA rising,,,,0,0,NOT A RECOVERY,False,,513.55,2024-12-09,69.66,True,False,70,PRIOR HIGH BREAKOUT,above prior high; above 200DMA,60,above 200DMA; 200DMA rising; 50DMA > 200DMA,False,58.5,925.61,6.23,784.17,0.62,PRIOR HIGH BREAKOUT,9.558807,1.3658583,91.23,143.0,138090381312.0,14.521,,58.677,41.229,,,,,18.3,35.0,35.0,84.0,68.7,False
265,GHCLTEXTIL,2026-09-30,128.9,95.21,125.67,35.39,True,True,True,True,48.9,1.02,144.59,65.26,-10.85,97.52,55,NORMAL,within 15% of 52W high; above 200DMA; above 50DMA; 200DMA rising,,,,0,0,NOT A RECOVERY,False,,99.0,2025-06-12,30.2,True,False,80,PRIOR HIGH BREAKOUT,above prior high; above 200DMA; above 50DMA,75,above 200DMA; above 50DMA; 200DMA rising; 50DMA > 200DMA,False,69.0,141.82,10.02,116.01,1.0,PRIOR HIGH BREAKOUT,12.832175,0.8220729,10.07,47.0,12351595520.0,,,13.161000000000001,6.59,8.933,,,,52.7,192.2,192.2,68.0,68.6,False
269,SEAMECLTD,2026-09-30,1641.6,1432.16,1619.63,14.62,True,True,True,True,42.14,0.99,1849.0,771.75,-11.22,112.71,55,NORMAL,within 15% of 52W high; above 200DMA; above 50DMA; 200DMA rising,,,,0,0,NOT A RECOVERY,False,,1177.75,2025-01-03,39.38,True,False,80,PRIOR HIGH BREAKOUT,above prior high; above 200DMA; above 50DMA,75,above 200DMA; above 50DMA; 200DMA rising; 50DMA > 200DMA,False,69.0,1766.57,7.61,1477.44,0.76,PRIOR HIGH BREAKOUT,15.795364,3.1152325,100.96,12.0,40687198208.0,,,24.936001,24.733,27.069,,,,40.8,7.199999999999999,7.199999999999999,68.0,68.6,False
276,MANALIPETC,2026-09-30,80.98,62.05,75.96,30.5,True,True,True,True,49.43,0.2,93.0,39.13,-12.92,106.95,55,NORMAL,within 15% of 52W high; above 200DMA; above 50DMA; 200DMA rising,,,,0,0,NOT A RECOVERY,False,,77.6,2025-10-15,4.36,True,False,80,PRIOR HIGH BREAKOUT,above prior high; above 200DMA; above 50DMA,75,above 200DMA; above 50DMA; 200DMA rising; 50DMA > 200DMA,False,69.0,89.13,10.06,72.88,1.01,PRIOR HIGH BREAKOUT,7.4641833,1.0479383,10.47,62.0,13441739776.0,,,26.871002,16.939,10.691,,,,17.1,350.59999999999997,350.59999999999997,68.0,68.6,False
282,DOLPHIN,2026-09-30,637.4,450.06,567.65,41.63,True,True,True,True,49.58,0.86,749.5,322.0,-14.96,97.95,55,NORMAL,within 15% of 52W high; above 200DMA; above 50DMA; 200DMA rising,,,,0,0,NOT A RECOVERY,False,,500.0,2026-01-16,27.48,True,False,80,PRIOR HIGH BREAKOUT,above prior high; above 200DMA; above 50DMA,75,above 200DMA; above 50DMA; 200DMA rising; 50DMA > 200DMA,False,69.0,728.23,14.25,573.66,1.42,PRIOR HIGH BREAKOUT,34.952698,7.1104317,17.97,,25126875136.0,,,47.654,50.425,57.496,,,,160.60000000000002,30.7,30.7,68.0,68.6,False
305,LLOYDSME,2026-09-30,1884.0,1593.27,1894.64,18.25,True,False,True,True,55.64,1.02,2125.0,1042.9,-11.34,80.65,50,NORMAL,within 15% of 52W high; above 200DMA; 200DMA rising; healthy RSI,,,,0,0,NOT A RECOVERY,False,,1612.0,2025-07-01,16.87,True,False,80,PRIOR HIGH BREAKOUT,above prior high; above 200DMA; RSI >=50,70,above 200DMA; 200DMA rising; 50DMA > 200DMA; RSI >=50,False,65.0,1980.77,5.14,1695.6,0.51,PRIOR HIGH BREAKOUT,20.727951,7.2090206,85.72,5.0,999861649408.0,,,34.264,21.511999,145.214,,,,208.6,169.3,169.3,74.0,68.6,False
251,ELGIEQUIP,2026-09-30,608.85,545.11,605.23,11.69,True,True,True,True,49.68,0.85,653.4,408.25,-6.82,49.14,65,APPROACHING 52W HIGH,within 10% of 52W high; above 200DMA; above 50DMA; 200DMA rising,,,,0,0,NOT A RECOVERY,False,,608.4,2025-07-24,0.07,True,False,80,PRIOR HIGH BREAKOUT,above prior high; above 200DMA; above 50DMA,75,above 200DMA; above 50DMA; 200DMA rising; 50DMA > 200DMA,False,72.5,642.32,5.5,547.96,0.55,PRIOR HIGH BREAKOUT,41.201553,8.257769,14.19,44.0,184305926144.0,,,12.295,10.803001,23.885,,,,22.6,21.099999999999998,21.099999999999998,62.0,68.3,False
252,SHYAMMETL,2026-09-30,1065.0,920.22,1044.57,15.73,True,True,True,True,49.07,0.45,1148.0,746.0,-7.23,42.76,65,APPROACHING 52W HIGH,within 10% of 52W high; above 200DMA; above 50DMA; 200DMA rising,,,,0,0,NOT A RECOVERY,False,,988.0,2025-10-06,7.79,True,False,80,PRIOR HIGH BREAKOUT,above prior high; above 200DMA; above 50DMA,75,above 200DMA; above 50DMA; 200DMA rising; 50DMA > 200DMA,False,72.5,1127.97,5.91,958.5,0.59,PRIOR HIGH BREAKOUT,25.877995,2.5906851,40.49,42.0,291630579712.0,,,9.275,5.7350002,8.133,,,,23.5,20.7,20.7,62.0,68.3,False
763,CONFIPET,2026-09-30,88.13,57.89,81.43,52.24,True,True,True,True,55.68,0.49,93.2,28.06,-5.44,214.08,75,APPROACHING 52W HIGH,within 10% of 52W high; above 200DMA; above 50DMA; 200DMA rising; healthy RSI,,,,0,0,NOT A RECOVERY,False,,,,,False,False,40,ABOVE 200DMA,above 200DMA; above 50DMA; RSI >=50,85,above 200DMA; above 50DMA; 200DMA rising; 50DMA > 200DMA; RSI >=50,False,72.5,96.83,9.87,79.32,0.99,HIGH LEVEL,21.246914,2.0231826,4.05,11.0,28589344768.0,,,4.2140003,2.243,49.394,,,,116.6,204.9,204.9,62.0,68.3,False
772,EMCURE,2026-09-30,1943.0,1688.77,1927.41,15.05,True,True,True,True,50.73,0.34,2100.7,1260.0,-7.51,54.21,75,APPROACHING 52W HIGH,within 10% of 52W high; above 200DMA; above 50DMA; 200DMA rising; healthy RSI,,,,0,0,NOT A RECOVERY,False,,,,,False,False,40,ABOVE 200DMA,above 200DMA; above 50DMA; RSI >=50,85,above 200DMA; above 50DMA; 200DMA rising; 50DMA > 200DMA; RSI >=50,False,72.5,2060.77,6.06,1748.7,0.61,HIGH LEVEL,36.395283,7.4470367,53.43,19.0,368911319040.0,,,15.443000000000001,10.4449995,30.567,,,,22.8,41.9,41.9,62.0,68.3,False
230,UGARSUGAR,2026-09-30,57.26,42.64,51.03,34.28,True,True,True,True,54.1,0.15,66.77,33.75,-14.24,69.66,65,NORMAL,within 15% of 52W high; above 200DMA; above 50DMA; 200DMA rising; healthy RSI,,,,0,0,NOT A RECOVERY,False,,46.5,2026-05-07,23.14,True,False,90,PRIOR HIGH BREAKOUT,above prior high; above 200DMA; above 50DMA; RSI >=50,85,above 200DMA; above 50DMA; 200DMA rising; 50DMA > 200DMA; RSI >=50,False,79.0,66.1,15.45,51.53,1.54,PRIOR HIGH BREAKOUT,21.890625,2.6978626,2.56,17.0,6304500224.0,,,3.6630000000000003,1.796,310.587,,,,34.1,,,52.0,68.2,False
423,MITCON,2026-09-30,82.95,71.87,78.65,15.41,True,True,True,True,55.1,0.23,92.84,49.56,-10.65,67.37,65,NORMAL,within 15% of 52W high; above 200DMA; above 50DMA; 200DMA rising; healthy RSI,,,,0,0,NOT A RECOVERY,False,,83.8,2025-10-24,-1.01,False,True,75,NEAR PRIOR HIGH,within 5% of prior high; above 200DMA; above 50DMA; RSI >=50,85,above 200DMA; above 50DMA; 200DMA rising; 50DMA > 200DMA; RSI >=50,False,76.0,93.89,13.18,74.65,1.32,NEAR PRIOR HIGH,14.877777,0.8862365,5.4,,1399395584.0,6.0110003,,21.356001,6.436,56.987,1.54,1.033,,18.6,208.70000000000002,208.70000000000002,56.0,68.0,False
455,DCBBANK,2026-09-30,203.54,188.15,205.13,8.18,True,False,True,True,39.04,0.56,234.8,124.81,-13.31,63.08,40,NORMAL,within 15% of 52W high; above 200DMA; 200DMA rising,,,,0,0,NOT A RECOVERY,False,,205.9,2026-04-27,-1.15,False,True,55,NEAR PRIOR HIGH,within 5% of prior high; above 200DMA,60,above 200DMA; 200DMA rising; 50DMA > 200DMA,False,52.0,215.88,6.06,183.19,0.61,NEAR PRIOR HIGH,8.178133,0.983735,24.42,71.0,64344449024.0,,,34.86,25.283,,,,,17.4,32.4,32.4,92.0,68.0,False
313,MANCREDIT,2026-09-30,220.73,194.48,228.36,13.5,True,False,True,True,46.9,1.22,287.27,152.06,-23.16,45.16,40,NORMAL,above 200DMA; 200DMA rising; volume confirmation,,,,0,0,NOT A RECOVERY,False,,215.75,2025-06-18,2.31,True,False,80,PRIOR HIGH BREAKOUT,above prior high; above 200DMA; volume >=1.2x,75,above 200DMA; 200DMA rising; 50DMA > 200DMA; volume >=1.2x,False,63.75,235.31,6.61,198.66,0.66,PRIOR HIGH BREAKOUT,25.91361,2.6771567,8.45,34.0,4623329792.0,,,79.84100600000001,23.197001,192.098,,,,53.1,80.9,80.9,74.0,67.85,False
820,SMARTWORKS,2026-09-30,519.85,462.05,513.52,12.51,True,True,True,True,46.85,1.36,619.0,361.5,-16.02,43.8,55,NORMAL,above 200DMA; above 50DMA; 200DMA rising; volume confirmation,,,,0,0,NOT A RECOVERY,False,,619.0,2025-11-04,-16.02,False,False,40,ABOVE 200DMA,above 200DMA; above 50DMA; volume >=1.2x,90,above 200DMA; above 50DMA; 200DMA rising; 50DMA > 200DMA; volume >=1.2x,False,67.75,557.92,7.32,467.86,0.73,ABOVE 200DMA,,,,,,,,,,,,,,,,,,67.75,False
414,SPECIALITY,2026-09-30,154.1,117.05,142.14,31.65,True,True,True,True,63.2,0.68,167.46,82.7,-7.98,86.34,75,APPROACHING 52W HIGH,within 10% of 52W high; above 200DMA; above 50DMA; 200DMA rising; healthy RSI,,,,0,0,NOT A RECOVERY,False,,156.45,2025-03-24,-1.5,False,True,75,NEAR PRIOR HIGH,within 5% of prior high; above 200DMA; above 50DMA; RSI >=50,85,above 200DMA; above 50DMA; 200DMA rising; 50DMA > 200DMA; RSI >=50,False,79.5,166.48,8.03,138.69,0.8,NEAR PRIOR HIGH,31.199186,2.1373768,4.92,65.0,7404173312.0,,,7.002999999999999,4.736,39.032,,,,16.8,36.8,36.8,50.0,67.7,False
236,RAIN,2026-09-30,213.94,168.69,213.76,26.82,True,True,True,True,51.43,0.54,252.0,99.9,-15.1,114.15,55,NORMAL,above 200DMA; above 50DMA; 200DMA rising; healthy RSI,,,,0,0,NOT A RECOVERY,False,,176.0,2026-02-10,21.56,True,False,90,PRIOR HIGH BREAKOUT,above prior high; above 200DMA; above 50DMA; RSI >=50,85,above 200DMA; above 50DMA; 200DMA rising; 50DMA > 200DMA; RSI >=50,False,75.5,230.83,7.9,192.55,0.79,PRIOR HIGH BREAKOUT,13.065164,0.87693036,15.96,47.0,70134800384.0,8.547,,13.453999999999999,2.9089997999999997,130.481,1.783,0.778,,17.4,389.40000000000003,389.40000000000003,56.0,67.7,False
241,CORDSCABLE,2026-09-30,332.5,208.55,279.34,59.44,True,True,True,True,52.04,0.08,406.95,127.01,-18.29,161.79,55,NORMAL,above 200DMA; above 50DMA; 200DMA rising; healthy RSI,,,,0,0,NOT A RECOVERY,False,,216.6,2025-12-01,53.51,True,False,90,PRIOR HIGH BREAKOUT,above prior high; above 200DMA; above 50DMA; RSI >=50,85,above 200DMA; above 50DMA; 200DMA rising; 50DMA > 200DMA; RSI >=50,False,75.5,386.02,16.1,299.25,1.61,PRIOR HIGH BREAKOUT,16.766562,2.0486827,19.02,36.0,4122669056.0,,,5.256,2.5190001,55.403,,,,9.5,102.4,102.4,56.0,67.7,False
405,ITDC,2026-09-30,687.65,591.55,682.51,16.25,True,True,True,True,54.32,4.39,822.0,368.0,-16.34,86.86,65,NORMAL,above 200DMA; above 50DMA; 200DMA rising; healthy RSI; volume confirmation,,,,0,0,NOT A RECOVERY,False,,712.8,2025-10-06,-3.53,False,True,85,NEAR PRIOR HIGH,within 5% of prior high; above 200DMA; above 50DMA; RSI >=50; volume >=1.2x,100,above 200DMA; above 50DMA; 200DMA rising; 50DMA > 200DMA; RSI >=50; volume >=1.2x,False,84.75,750.55,9.15,618.89,0.91,NEAR PRIOR HIGH,69.11734,13.504301,9.63,43.0,57088110592.0,,,7.473000000000001,15.381,0.155,,,,2.7,-4.3999999999999995,-4.3999999999999995,42.0,67.65,False
285,ABCAPITAL,2026-09-30,380.6,364.85,401.15,4.32,True,False,True,True,40.72,1.45,430.7,286.5,-11.63,32.84,50,NORMAL,within 15% of 52W high; above 200DMA; 200DMA rising; volume confirmation,,,,0,0,NOT A RECOVERY,False,,369.3,2026-01-06,3.06,True,False,80,PRIOR HIGH BREAKOUT,above prior high; above 200DMA; volume >=1.2x,75,above 200DMA; 200DMA rising; 50DMA > 200DMA; volume >=1.2x,False,67.25,399.69,5.01,342.54,0.5,PRIOR HIGH BREAKOUT,24.27508,2.8541312,15.45,,1026810314752.0,,,17.869,11.9449995,495.936,,,,31.4,39.1,39.1,68.0,67.55,False
286,BAJAJ-AUTO,2026-09-30,10874.0,10227.33,11602.99,6.32,True,False,True,True,32.55,1.61,12470.0,8491.5,-12.8,28.06,50,NORMAL,within 15% of 52W high; above 200DMA; 200DMA rising; volume confirmation,,,,0,0,NOT A RECOVERY,False,,10187.0,2026-02-26,6.74,True,False,80,PRIOR HIGH BREAKOUT,above prior high; above 200DMA; volume >=1.2x,75,above 200DMA; 200DMA rising; 50DMA > 200DMA; volume >=1.2x,False,67.25,11241.14,3.38,9786.6,0.34,PRIOR HIGH BREAKOUT,23.870062,7.23001,420.82,138.0,2760404631552.0,,,21.514,16.250999999999998,56.352,,,,64.0,45.800000000000004,45.800000000000004,68.0,67.55,False
773,AEGISVOPAK,2026-09-30,296.8,235.4,286.93,26.08,True,True,True,True,52.91,0.29,320.95,158.0,-7.52,87.85,75,APPROACHING 52W HIGH,within 10% of 52W high; above 200DMA; above 50DMA; 200DMA rising; healthy RSI,,,,0,0,NOT A RECOVERY,False,,,,,False,False,40,ABOVE 200DMA,above 200DMA; above 50DMA; RSI >=50,85,above 200DMA; above 50DMA; 200DMA rising; 50DMA > 200DMA; RSI >=50,False,72.5,325.4,9.64,267.12,0.96,HIGH LEVEL,105.3442,7.5082636,2.76,7.000000000000001,322148532224.0,,,53.025999999999996,32.126,84.438,,,,42.5,30.4,30.4,60.0,67.5,False
200,VIJIFIN,2026-09-30,15.46,6.12,13.52,152.72,True,True,True,True,55.63,0.74,17.24,2.01,-10.32,669.15,65,NORMAL,within 15% of 52W high; above 200DMA; above 50DMA; 200DMA rising; healthy RSI,,,,0,0,NOT A RECOVERY,False,,4.6,2025-07-22,236.09,True,False,90,PRIOR HIGH BREAKOUT,above prior high; above 200DMA; above 50DMA; RSI >=50,85,above 200DMA; above 50DMA; 200DMA rising; 50DMA > 200DMA; RSI >=50,False,79.0,16.2,4.81,13.91,0.48,PRIOR HIGH BREAKOUT,65.91304,9.283527,0.23,,3501959936.0,,,80.67400500000001,56.130004,31.027,,,,295.5,,,50.0,67.4,False
206,WHEELS,2026-09-30,2221.0,1293.34,1727.62,71.73,True,True,True,True,63.0,0.15,2498.0,705.85,-11.09,214.66,65,NORMAL,within 15% of 52W high; above 200DMA; above 50DMA; 200DMA rising; healthy RSI,,,,0,0,NOT A RECOVERY,False,,978.5,2025-10-23,126.98,True,False,90,PRIOR HIGH BREAKOUT,above prior high; above 200DMA; above 50DMA; RSI >=50,85,above 200DMA; above 50DMA; 200DMA rising; 50DMA > 200DMA; RSI >=50,False,79.0,2459.67,10.75,1998.9,1.07,PRIOR HIGH BREAKOUT,33.5273,5.2571087,66.85,65.0,60206608384.0,,,5.292,2.868,72.812,,,,17.8,28.199999999999996,28.199999999999996,50.0,67.4,False
226,SUBEXLTD,2026-09-30,19.73,11.95,16.86,65.11,True,True,True,True,53.53,0.65,22.8,6.61,-13.46,198.49,65,NORMAL,within 15% of 52W high; above 200DMA; above 50DMA; 200DMA rising; healthy RSI,,,,0,0,NOT A RECOVERY,False,,14.58,2025-10-14,35.32,True,False,90,PRIOR HIGH BREAKOUT,above prior high; above 200DMA; above 50DMA; RSI >=50,85,above 200DMA; above 50DMA; 200DMA rising; 50DMA > 200DMA; RSI >=50,False,79.0,22.46,13.82,17.76,1.38,PRIOR HIGH BREAKOUT,35.814816,3.130463,0.54,,10730901504.0,,,15.607001,10.25,8.247,,,,19.7,13.0,13.0,50.0,67.4,False
821,MODIS,2026-09-30,372.35,346.9,382.56,7.34,True,False,True,True,53.6,1.46,429.05,276.0,-13.22,34.91,60,NORMAL,within 15% of 52W high; above 200DMA; 200DMA rising; healthy RSI; volume confirmation,,,,0,0,NOT A RECOVERY,False,,,,,False,False,40,ABOVE 200DMA,above 200DMA; RSI >=50; volume >=1.2x,85,above 200DMA; 200DMA rising; 50DMA > 200DMA; RSI >=50; volume >=1.2x,False,67.25,396.95,6.61,335.12,0.66,ABOVE 200DMA,,,,,,,,,,,,,,,,,,67.25,False
424,PHOENIXLTD,2026-09-30,1935.0,1821.66,1924.68,6.22,True,True,True,True,51.75,1.11,2169.8,1465.6,-10.82,32.03,65,NORMAL,within 15% of 52W high; above 200DMA; above 50DMA; 200DMA rising; healthy RSI,,,,0,0,NOT A RECOVERY,False,,1993.0,2026-01-12,-2.91,False,True,75,NEAR PRIOR HIGH,within 5% of prior high; above 200DMA; above 50DMA; RSI >=50,85,above 200DMA; above 50DMA; 200DMA rising; 50DMA > 200DMA; RSI >=50,False,76.0,2039.31,5.39,1741.5,0.54,NEAR PRIOR HIGH,54.67422,6.2803645,35.3,13.0,690318278656.0,,,50.796,28.164,37.211,,,,12.8,23.3,23.3,54.0,67.2,False
132,FILATEX,2026-09-30,107.76,56.93,84.07,89.3,True,True,True,True,68.22,0.33,113.94,36.26,-5.42,197.19,75,APPROACHING 52W HIGH,within 10% of 52W high; above 200DMA; above 50DMA; 200DMA rising; healthy RSI,,,,0,0,NOT A RECOVERY,False,,66.1,2025-11-04,63.03,True,False,90,PRIOR HIGH BREAKOUT,above prior high; above 200DMA; above 50DMA; RSI >=50,85,above 200DMA; above 50DMA; 200DMA rising; 50DMA > 200DMA; RSI >=50,False,82.5,122.22,13.42,96.98,1.34,PRIOR HIGH BREAKOUT,24.674417,4.8972993,4.3,28.000000000000004,47114592256.0,,,5.047,4.4899996,9.988,,,,9.1,18.5,18.5,44.0,67.1,False
187,SHREEPUSHK,2026-09-30,492.75,380.1,446.93,29.64,True,True,True,True,54.88,0.66,545.2,272.45,-9.62,80.86,75,APPROACHING 52W HIGH,within 10% of 52W high; above 200DMA; above 50DMA; 200DMA rising; healthy RSI,,,,0,0,NOT A RECOVERY,False,,476.0,2025-09-23,3.52,True,False,90,PRIOR HIGH BREAKOUT,above prior high; above 200DMA; above 50DMA; RSI >=50,85,above 200DMA; above 50DMA; 200DMA rising; 50DMA > 200DMA; RSI >=50,False,82.5,539.81,9.55,443.48,0.96,PRIOR HIGH BREAKOUT,22.361238,2.6043048,21.98,43.0,15893976064.0,,,9.140000500000001,7.191,21.542,,,,10.0,6.9,6.9,44.0,67.1,False
735,GILLANDERS,2026-09-30,114.8,93.77,98.07,22.43,True,True,True,True,72.79,10.08,129.4,76.0,-11.28,51.05,75,NORMAL,within 15% of 52W high; above 200DMA; above 50DMA; 200DMA rising; healthy RSI; volume confirmation,,,,0,0,NOT A RECOVERY,False,,131.89,2025-09-04,-12.96,False,False,50,ABOVE 200DMA,above 200DMA; above 50DMA; RSI >=50; volume >=1.2x,100,above 200DMA; above 50DMA; 200DMA rising; 50DMA > 200DMA; RSI >=50; volume >=1.2x,False,81.25,127.2,10.8,103.32,1.08,ABOVE 200DMA,13.796818,0.93265706,8.17,,2405709312.0,,,4.316,4.02,57.612,,,,3.4000000000000004,,,45.0,66.75,False
746,LYKALABS,2026-09-30,83.21,67.88,73.87,22.58,True,True,True,True,58.17,1.24,100.94,44.1,-17.56,88.68,65,NORMAL,above 200DMA; above 50DMA; 200DMA rising; healthy RSI; volume confirmation,,,,0,0,NOT A RECOVERY,False,,100.94,2025-10-13,-17.56,False,False,50,ABOVE 200DMA,above 200DMA; above 50DMA; RSI >=50; volume >=1.2x,100,above 200DMA; above 50DMA; 200DMA rising; 50DMA > 200DMA; RSI >=50; volume >=1.2x,False,77.75,86.24,3.64,74.89,0.36,ABOVE 200DMA,,3.150108,-2.49,,2948253696.0,,,5.998,-6.635000600000001,53.802,,,,28.1,128.0,128.0,50.0,66.65,False
204,INDORAMA,2026-09-30,100.36,48.57,71.15,106.61,True,True,True,True,67.79,0.4,112.3,29.0,-10.63,246.07,65,NORMAL,within 15% of 52W high; above 200DMA; above 50DMA; 200DMA rising; healthy RSI,,,,0,0,NOT A RECOVERY,False,,75.0,2025-11-03,33.81,True,False,90,PRIOR HIGH BREAKOUT,above prior high; above 200DMA; above 50DMA; RSI >=50,85,above 200DMA; above 50DMA; 200DMA rising; 50DMA > 200DMA; RSI >=50,False,79.0,117.45,17.03,90.32,1.7,PRIOR HIGH BREAKOUT,15.528362,4.810946,6.17,,25017249792.0,,,9.873,3.55,219.556,,,,-28.299999999999997,20.8,20.8,48.0,66.6,False
205,DEEDEV,2026-09-30,676.9,464.16,651.41,45.83,True,True,True,True,54.16,0.44,760.0,183.0,-10.93,269.89,65,NORMAL,within 15% of 52W high; above 200DMA; above 50DMA; 200DMA rising; healthy RSI,,,,0,0,NOT A RECOVERY,False,,336.2,2025-07-02,101.34,True,False,90,PRIOR HIGH BREAKOUT,above prior high; above 200DMA; above 50DMA; RSI >=50,85,above 200DMA; above 50DMA; 200DMA rising; 50DMA > 200DMA; RSI >=50,False,79.0,735.3,8.63,609.21,0.86,PRIOR HIGH BREAKOUT,57.32066,5.2154355,11.57,15.0,49898799104.0,,,11.797,6.622,86.608,,,,31.6,22.1,22.1,48.0,66.6,False
224,YATHARTH,2026-09-30,1032.5,789.49,945.99,30.78,True,True,True,True,50.35,1.04,1184.0,538.25,-12.8,91.83,65,NORMAL,within 15% of 52W high; above 200DMA; above 50DMA; 200DMA rising; healthy RSI,,,,0,0,NOT A RECOVERY,False,,843.7,2025-10-08,22.38,True,False,90,PRIOR HIGH BREAKOUT,above prior high; above 200DMA; above 50DMA; RSI >=50,85,above 200DMA; above 50DMA; 200DMA rising; 50DMA > 200DMA; RSI >=50,False,79.0,1127.44,9.2,929.25,0.92,PRIOR HIGH BREAKOUT,54.867302,5.595855,18.84,10.0,99601498112.0,,,16.158001,13.203000000000001,14.614,,,,52.300000000000004,11.899999999999999,11.899999999999999,48.0,66.6,False
227,BIL,2026-09-30,995.1,783.51,889.16,27.0,True,True,True,True,55.89,0.33,1150.0,602.0,-13.47,65.3,65,NORMAL,within 15% of 52W high; above 200DMA; above 50DMA; 200DMA rising; healthy RSI,,,,0,0,NOT A RECOVERY,False,,980.0,2026-02-10,1.54,True,False,90,PRIOR HIGH BREAKOUT,above prior high; above 200DMA; above 50DMA; RSI >=50,85,above 200DMA; above 50DMA; 200DMA rising; 50DMA > 200DMA; RSI >=50,False,79.0,1101.87,10.73,895.59,1.07,PRIOR HIGH BREAKOUT,51.67713,2.6826923,19.11,,13243451392.0,,,9.016,1.7659999999999998,111.216,,,,33.2,213.0,213.0,48.0,66.6,False
451,SPARC,2026-09-30,197.19,173.88,202.17,13.41,True,False,True,True,46.84,1.44,289.0,108.0,-31.77,82.58,40,NORMAL,above 200DMA; 200DMA rising; volume confirmation,,,,0,0,NOT A RECOVERY,False,,204.4,2025-06-02,-3.53,False,True,65,NEAR PRIOR HIGH,within 5% of prior high; above 200DMA; volume >=1.2x,75,above 200DMA; 200DMA rising; 50DMA > 200DMA; volume >=1.2x,False,60.75,213.71,8.38,177.47,0.84,NEAR PRIOR HIGH,3.9764442,4.705611,48.82,,62999379968.0,,,-90.681,82.97099999999999,41.776,,,,314.1,,,75.0,66.45,False
474,RELIABLE,2026-09-30,144.28,140.72,141.13,2.53,True,True,False,True,55.48,1.83,175.0,104.74,-17.55,37.75,55,NORMAL,above 200DMA; above 50DMA; healthy RSI; volume confirmation,2026-08-26,123.55,16.78,105,105,STRONG RETEST,True,at/above 200DMA; moving toward 200DMA; recovery >=10%; above 50DMA; volume >=1.2x; RSI >=50,175.0,2026-02-04,-17.55,False,False,50,ABOVE 200DMA,above 200DMA; above 50DMA; RSI >=50; volume >=1.2x,80,above 200DMA; above 50DMA; 50DMA > 200DMA; RSI >=50; volume >=1.2x,False,65.25,155.39,7.7,129.85,0.77,200DMA RECOVERY,19.146938,2.0330534,7.35,3.0,1452333568.0,,,6.914,3.7350000000000003,28.764,,,,45.9,42.1,42.1,68.0,66.35,False
137,INDGN,2026-09-30,590.75,515.82,569.22,14.53,True,True,True,True,51.89,0.77,627.0,414.0,-5.78,42.69,75,APPROACHING 52W HIGH,within 10% of 52W high; above 200DMA; above 50DMA; 200DMA rising; healthy RSI,,,,0,0,NOT A RECOVERY,False,,556.4,2025-10-31,6.17,True,False,90,PRIOR HIGH BREAKOUT,above prior high; above 200DMA; above 50DMA; RSI >=50,85,above 200DMA; above 50DMA; 200DMA rising; 50DMA > 200DMA; RSI >=50,False,82.5,627.26,6.18,531.68,0.62,PRIOR HIGH BREAKOUT,35.75301,4.555223,16.6,38.0,142919532544.0,,,12.2379996,10.515001,5.043,,,,39.7,-0.2,-0.2,42.0,66.3,False
145,SOLARA,2026-09-30,725.4,546.88,618.9,32.64,True,True,True,True,58.52,0.31,774.0,422.0,-6.28,71.9,75,APPROACHING 52W HIGH,within 10% of 52W high; above 200DMA; above 50DMA; 200DMA rising; healthy RSI,,,,0,0,NOT A RECOVERY,False,,647.0,2025-11-04,12.12,True,False,90,PRIOR HIGH BREAKOUT,above prior high; above 200DMA; above 50DMA; RSI >=50,85,above 200DMA; above 50DMA; 200DMA rising; 50DMA > 200DMA; RSI >=50,False,82.5,798.89,10.13,652.86,1.01,PRIOR HIGH BREAKOUT,,2.4897428,-0.65,,34491875328.0,,,9.24,-0.11299999999999999,54.682,,,,19.6,43.1,43.1,42.0,66.3,False
148,OAL,2026-09-30,533.25,332.61,441.23,60.32,True,True,True,True,59.64,0.25,570.0,228.0,-6.45,133.88,75,APPROACHING 52W HIGH,within 10% of 52W high; above 200DMA; above 50DMA; 200DMA rising; healthy RSI,,,,0,0,NOT A RECOVERY,False,,374.3,2025-10-27,42.47,True,False,90,PRIOR HIGH BREAKOUT,above prior high; above 200DMA; above 50DMA; RSI >=50,85,above 200DMA; above 50DMA; 200DMA rising; 50DMA > 200DMA; RSI >=50,False,82.5,588.91,10.44,479.93,1.04,PRIOR HIGH BREAKOUT,332.625,2.695202,1.6,9.0,17910433792.0,,,4.649000200000001,0.5,60.585,,,,15.2,400.0,400.0,42.0,66.3,False
400,KMSUGAR,2026-09-30,33.68,27.59,30.02,22.05,True,True,True,True,64.99,2.96,36.5,23.3,-7.73,44.55,85,APPROACHING 52W HIGH,within 10% of 52W high; above 200DMA; above 50DMA; 200DMA rising; healthy RSI; volume confirmation,,,,0,0,NOT A RECOVERY,False,,33.73,2026-05-06,-0.15,False,True,85,NEAR PRIOR HIGH,within 5% of prior high; above 200DMA; above 50DMA; RSI >=50; volume >=1.2x,100,above 200DMA; above 50DMA; 200DMA rising; 50DMA > 200DMA; RSI >=50; volume >=1.2x,False,91.75,36.8,9.26,30.31,0.93,NEAR PRIOR HIGH,5.304015,0.65123487,5.23,,2552084736.0,,,5.46,7.518,63.729,,,,-8.799999999999999,-40.6,-40.6,28.0,66.25,False
261,NITINSPIN,2026-09-30,598.3,466.95,595.35,28.13,True,True,True,True,44.12,0.45,665.5,302.2,-10.1,97.98,55,NORMAL,within 15% of 52W high; above 200DMA; above 50DMA; 200DMA rising,,,,0,0,NOT A RECOVERY,False,,426.8,2026-02-20,40.18,True,False,80,PRIOR HIGH BREAKOUT,above prior high; above 200DMA; above 50DMA,75,above 200DMA; above 50DMA; 200DMA rising; 50DMA > 200DMA,False,69.0,635.04,6.14,538.47,0.61,PRIOR HIGH BREAKOUT,15.776068,2.273683,37.69,50.0,33428410368.0,,,13.479,6.428000000000001,76.458,,,,10.299999999999999,83.7,83.7,62.0,66.2,False
264,VISHNU,2026-09-30,664.5,580.32,654.55,14.51,True,True,True,True,42.63,0.65,744.0,443.7,-10.69,49.76,55,NORMAL,within 15% of 52W high; above 200DMA; above 50DMA; 200DMA rising,,,,0,0,NOT A RECOVERY,False,,595.8,2025-08-01,11.53,True,False,80,PRIOR HIGH BREAKOUT,above prior high; above 200DMA; above 50DMA,75,above 200DMA; above 50DMA; 200DMA rising; 50DMA > 200DMA,False,69.0,708.07,6.56,598.05,0.66,PRIOR HIGH BREAKOUT,29.570978,4.433974,22.26,5.0,44310282240.0,,,12.534,8.825,49.066,,,,24.9,23.0,23.0,62.0,66.2,False
270,TALBROAUTO,2026-09-30,429.85,334.42,422.69,28.53,True,True,True,True,47.53,0.33,485.8,219.9,-11.52,95.48,55,NORMAL,within 15% of 52W high; above 200DMA; above 50DMA; 200DMA rising,,,,0,0,NOT A RECOVERY,False,,326.0,2025-09-25,31.86,True,False,80,PRIOR HIGH BREAKOUT,above prior high; above 200DMA; above 50DMA,75,above 200DMA; above 50DMA; 200DMA rising; 50DMA > 200DMA,False,69.0,473.18,10.08,386.87,1.01,PRIOR HIGH BREAKOUT,23.136717,3.4884882,18.14,17.0,25907306496.0,,,12.839,12.413,11.266,,,,15.299999999999999,35.0,35.0,62.0,66.2,False
272,KANPRPLA,2026-09-30,249.0,203.54,244.68,22.34,True,True,True,True,48.37,0.24,283.14,151.25,-12.06,64.63,55,NORMAL,within 15% of 52W high; above 200DMA; above 50DMA; 200DMA rising,,,,0,0,NOT A RECOVERY,False,,227.0,2026-05-04,9.69,True,False,80,PRIOR HIGH BREAKOUT,above prior high; above 200DMA; above 50DMA,75,above 200DMA; above 50DMA; 200DMA rising; 50DMA > 200DMA,False,69.0,283.05,13.67,224.1,1.37,PRIOR HIGH BREAKOUT,13.012718,2.2389286,18.87,48.0,6010808320.0,,,7.0440000000000005,6.0949995999999995,41.789,,,,13.8,112.3,112.3,62.0,66.2,False
275,KAMDHENU,2026-09-30,38.08,27.51,36.8,38.44,True,True,True,True,47.49,0.54,43.7,16.15,-12.86,135.79,55,NORMAL,within 15% of 52W high; above 200DMA; above 50DMA; 200DMA rising,,,,0,0,NOT A RECOVERY,False,,32.99,2025-10-01,15.43,True,False,80,PRIOR HIGH BREAKOUT,above prior high; above 200DMA; above 50DMA,75,above 200DMA; above 50DMA; 200DMA rising; 50DMA > 200DMA,False,69.0,42.42,11.4,34.27,1.14,PRIOR HIGH BREAKOUT,12.614094,2.6661465,2.98,105.0,10595982336.0,,,9.026,10.963000000000001,2.375,,,,9.0,34.2,34.2,62.0,66.2,False
277,DCMNVL,2026-09-30,172.6,145.12,171.1,18.94,True,True,True,True,44.63,0.38,198.58,95.6,-13.08,80.54,55,NORMAL,within 15% of 52W high; above 200DMA; above 50DMA; 200DMA rising,,,,0,0,NOT A RECOVERY,False,,171.05,2026-05-04,0.91,True,False,80,PRIOR HIGH BREAKOUT,above prior high; above 200DMA; above 50DMA,75,above 200DMA; above 50DMA; 200DMA rising; 50DMA > 200DMA,False,69.0,186.21,7.89,155.34,0.79,PRIOR HIGH BREAKOUT,10.596436,0.9459866,15.71,,3109284608.0,,,14.445,2.7640000000000002,98.359,,,,13.8,1662.3999999999999,1662.3999999999999,62.0,66.2,False
278,MANORAMA,2026-09-30,1852.8,1513.65,1834.27,22.41,True,True,True,True,43.55,0.57,2149.5,1060.6,-13.8,74.69,55,NORMAL,within 15% of 52W high; above 200DMA; above 50DMA; 200DMA rising,,,,0,0,NOT A RECOVERY,False,,1638.0,2026-05-05,13.11,True,False,80,PRIOR HIGH BREAKOUT,above prior high; above 200DMA; above 50DMA,75,above 200DMA; above 50DMA; 200DMA rising; 50DMA > 200DMA,False,69.0,1960.8,5.83,1667.52,0.58,PRIOR HIGH BREAKOUT,43.67712,16.458778,43.05,4.0,118689038336.0,,,24.764,17.326,52.154,,,,39.5,67.80000000000001,67.80000000000001,62.0,66.2,False
303,SHAHALLOYS,2026-09-30,86.77,71.37,83.33,21.58,True,True,True,True,44.43,0.16,116.85,53.1,-25.74,63.41,45,NORMAL,above 200DMA; above 50DMA; 200DMA rising,,,,0,0,NOT A RECOVERY,False,,83.85,2025-11-06,3.48,True,False,80,PRIOR HIGH BREAKOUT,above prior high; above 200DMA; above 50DMA,75,above 200DMA; above 50DMA; 200DMA rising; 50DMA > 200DMA,False,65.5,96.24,10.91,78.09,1.09,PRIOR HIGH BREAKOUT,1.5578468,1.5034959,54.8,,1690116096.0,,,9.097999,795.965,56.061,,,,,,,67.0,66.1,False
254,KDDL,2026-09-30,3886.9,2856.87,3799.65,36.05,True,True,True,True,48.56,0.47,4270.0,1990.0,-8.97,95.32,65,APPROACHING 52W HIGH,within 10% of 52W high; above 200DMA; above 50DMA; 200DMA rising,,,,0,0,NOT A RECOVERY,False,,2754.9,2025-09-19,41.09,True,False,80,PRIOR HIGH BREAKOUT,above prior high; above 200DMA; above 50DMA,75,above 200DMA; above 50DMA; 200DMA rising; 50DMA > 200DMA,False,72.5,4194.56,7.92,3498.21,0.79,PRIOR HIGH BREAKOUT,49.57161,4.452874,78.9,59.0,48104943616.0,,,9.533,4.178,26.688,,,,36.3,43.7,43.7,56.0,65.9,False
255,PAYTM,2026-09-30,1678.0,1273.44,1605.66,31.77,True,True,True,True,48.57,0.57,1855.5,930.6,-9.57,80.31,65,APPROACHING 52W HIGH,within 10% of 52W high; above 200DMA; above 50DMA; 200DMA rising,,,,0,0,NOT A RECOVERY,False,,1381.8,2025-12-02,21.44,True,False,80,PRIOR HIGH BREAKOUT,above prior high; above 200DMA; above 50DMA,75,above 200DMA; above 50DMA; 200DMA rising; 50DMA > 200DMA,False,72.5,1808.51,7.78,1510.2,0.78,PRIOR HIGH BREAKOUT,164.44887,6.6247687,10.07,,1058858991616.0,,,2.9409999,7.249,1.073,,,,27.700000000000003,79.9,79.9,56.0,65.9,False
762,PRIVISCL,2026-09-30,3586.6,3222.15,3524.69,11.31,True,True,True,True,57.66,0.98,3785.3,2339.5,-5.25,53.31,75,APPROACHING 52W HIGH,within 10% of 52W high; above 200DMA; above 50DMA; 200DMA rising; healthy RSI,,,,0,0,NOT A RECOVERY,False,,,,,False,False,40,ABOVE 200DMA,above 200DMA; above 50DMA; RSI >=50,85,above 200DMA; above 50DMA; 200DMA rising; 50DMA > 200DMA; RSI >=50,False,72.5,3794.47,5.8,3227.94,0.58,HIGH LEVEL,41.120956,9.881603,86.89,28.000000000000004,139571036160.0,,,17.247999,13.096,74.399,,,,19.2,36.0,36.0,56.0,65.9,False
776,MATRIMONY,2026-09-30,523.8,468.1,503.95,11.9,True,True,True,True,50.91,0.31,573.0,364.05,-8.59,43.88,75,APPROACHING 52W HIGH,within 10% of 52W high; above 200DMA; above 50DMA; 200DMA rising; healthy RSI,,,,0,0,NOT A RECOVERY,False,,589.8,2025-08-01,-11.19,False,False,40,ABOVE 200DMA,above 200DMA; above 50DMA; RSI >=50,85,above 200DMA; above 50DMA; 200DMA rising; 50DMA > 200DMA; RSI >=50,False,72.5,562.78,7.44,471.42,0.74,HIGH LEVEL,23.366243,4.97637,21.27,95.0,10274675712.0,,,15.101999999999999,9.4390005,23.902,,,,13.200000000000001,137.3,137.3,56.0,65.9,False
778,MOLDTECH,2026-09-30,206.16,145.35,186.24,41.84,True,True,True,True,59.33,0.86,227.0,101.1,-9.18,103.92,75,APPROACHING 52W HIGH,within 10% of 52W high; above 200DMA; above 50DMA; 200DMA rising; healthy RSI,,,,0,0,NOT A RECOVERY,False,,221.0,2025-10-16,-6.71,False,False,40,ABOVE 200DMA,above 200DMA; above 50DMA; RSI >=50,85,above 200DMA; above 50DMA; 200DMA rising; 50DMA > 200DMA; RSI >=50,False,72.5,227.24,10.22,185.54,1.02,HIGH LEVEL,32.046947,4.562936,6.39,97.0,5898712064.0,,,17.62,8.8549994,4.004,,,,78.9,1204.2,1204.2,56.0,65.9,False
234,PVP,2026-09-30,53.12,34.68,49.02,53.15,True,True,True,True,42.7,1.5,72.04,23.0,-26.26,130.96,55,NORMAL,above 200DMA; above 50DMA; 200DMA rising; volume confirmation,,,,0,0,NOT A RECOVERY,False,,39.41,2025-11-25,34.79,True,False,90,PRIOR HIGH BREAKOUT,above prior high; above 200DMA; above 50DMA; volume >=1.2x,90,above 200DMA; above 50DMA; 200DMA rising; 50DMA > 200DMA; volume >=1.2x,False,77.75,59.95,12.86,47.81,1.29,PRIOR HIGH BREAKOUT,265.6316,6.021955,0.19,,13142574080.0,,,15.693999999999999,4.2280003,64.735,,,,165.2,4500.0,4500.0,48.0,65.85,False
741,SHRINGARMS,2026-09-30,224.6,216.85,220.79,3.58,True,True,True,True,62.44,4.9,266.5,166.0,-15.72,35.3,65,NORMAL,above 200DMA; above 50DMA; 200DMA rising; healthy RSI; volume confirmation,,,,0,0,NOT A RECOVERY,False,,266.5,2026-02-19,-15.72,False,False,50,ABOVE 200DMA,above 200DMA; above 50DMA; RSI >=50; volume >=1.2x,100,above 200DMA; above 50DMA; 200DMA rising; 50DMA > 200DMA; RSI >=50; volume >=1.2x,False,77.75,239.25,6.52,202.14,0.65,ABOVE 200DMA,15.66242,3.1453505,14.13,,21341382656.0,,,8.686,4.915,27.898,,,,64.9,-10.6,-10.6,48.0,65.85,False
437,ALICON,2026-09-30,869.8,708.38,712.86,22.79,True,True,False,True,76.27,11.72,1022.0,580.0,-14.89,49.97,55,NORMAL,within 15% of 52W high; above 200DMA; above 50DMA; volume confirmation,,,,0,0,NOT A RECOVERY,False,,874.0,2026-01-02,-0.48,False,True,85,NEAR PRIOR HIGH,within 5% of prior high; above 200DMA; above 50DMA; RSI >=50; volume >=1.2x,80,above 200DMA; above 50DMA; 50DMA > 200DMA; RSI >=50; volume >=1.2x,False,72.25,943.47,8.47,782.82,0.85,NEAR PRIOR HIGH,39.013424,2.2672138,22.35,69.0,14244908032.0,,,4.9239997,1.8900000000000001,56.406,,,,38.3,23.400000000000002,23.400000000000002,56.0,65.75,False
785,MANOMAY,2026-09-30,240.66,208.78,220.85,15.27,True,True,False,True,64.29,2.3,259.88,160.25,-7.4,50.18,75,APPROACHING 52W HIGH,within 10% of 52W high; above 200DMA; above 50DMA; healthy RSI; volume confirmation,,,,0,0,NOT A RECOVERY,False,,259.88,2025-11-28,-7.4,False,False,50,ABOVE 200DMA,above 200DMA; above 50DMA; RSI >=50; volume >=1.2x,80,above 200DMA; above 50DMA; 50DMA > 200DMA; RSI >=50; volume >=1.2x,False,72.25,258.66,7.48,216.59,0.75,HIGH LEVEL,21.512545,2.5333982,11.16,,4333140480.0,,,6.4479999999999995,2.707,203.436,,,,20.5,11.4,11.4,56.0,65.75,False
192,KAPSTON,2026-09-30,550.35,389.6,539.95,41.26,True,True,True,True,48.39,2.39,616.2,244.18,-10.69,125.39,65,NORMAL,within 15% of 52W high; above 200DMA; above 50DMA; 200DMA rising; volume confirmation,,,,0,0,NOT A RECOVERY,False,,433.5,2026-01-27,26.96,True,False,90,PRIOR HIGH BREAKOUT,above prior high; above 200DMA; above 50DMA; volume >=1.2x,90,above 200DMA; above 50DMA; 200DMA rising; 50DMA > 200DMA; volume >=1.2x,False,81.25,606.64,10.23,495.31,1.02,PRIOR HIGH BREAKOUT,54.126743,14.1857605,10.02,,16504894464.0,,,6.059,3.5409999999999995,158.273,,,,16.2,38.6,38.6,42.0,65.55,False
737,LIKHITHA,2026-09-30,234.29,202.28,219.13,15.82,True,True,True,True,61.09,1.92,272.0,131.45,-13.86,78.24,75,NORMAL,within 15% of 52W high; above 200DMA; above 50DMA; 200DMA rising; healthy RSI; volume confirmation,,,,0,0,NOT A RECOVERY,False,,254.29,2025-09-04,-7.87,False,False,50,ABOVE 200DMA,above 200DMA; above 50DMA; RSI >=50; volume >=1.2x,100,above 200DMA; above 50DMA; 200DMA rising; 50DMA > 200DMA; RSI >=50; volume >=1.2x,False,81.25,263.72,12.56,210.86,1.26,ABOVE 200DMA,27.281738,2.1655293,8.27,,8905833472.0,,,11.0089995,7.7909999999999995,0.088,,,,-30.5,-47.3,-47.3,42.0,65.55,False
822,GESHIP,2026-09-30,1560.0,1368.39,1381.05,14.0,True,True,True,True,76.03,0.94,1798.0,979.7,-13.24,59.23,55,NORMAL,within 15% of 52W high; above 200DMA; above 50DMA; 200DMA rising,,,,0,0,NOT A RECOVERY,False,,1798.0,2026-05-19,-13.24,False,False,40,ABOVE 200DMA,above 200DMA; above 50DMA; RSI >=50,85,above 200DMA; above 50DMA; 200DMA rising; 50DMA > 200DMA; RSI >=50,False,65.5,1637.36,4.96,1404.0,0.5,ABOVE 200DMA,,,,,,,,,,,,,,,,,,65.5,False
823,PRABHA,2026-09-30,222.03,171.2,198.15,29.69,True,True,True,True,50.55,0.05,262.8,137.91,-15.51,61.0,55,NORMAL,above 200DMA; above 50DMA; 200DMA rising; healthy RSI,,,,0,0,NOT A RECOVERY,False,,,,,False,False,40,ABOVE 200DMA,above 200DMA; above 50DMA; RSI >=50,85,above 200DMA; above 50DMA; 200DMA rising; 50DMA > 200DMA; RSI >=50,False,65.5,245.46,10.55,199.83,1.06,ABOVE 200DMA,,,,,,,,,,,,,,,,,,65.5,False
824,PCBL,2026-09-30,331.1,299.27,325.82,10.64,True,True,True,True,50.89,0.59,394.0,226.5,-15.96,46.18,55,NORMAL,above 200DMA; above 50DMA; 200DMA rising; healthy RSI,,,,0,0,NOT A RECOVERY,False,,382.5,2025-10-17,-13.44,False,False,40,ABOVE 200DMA,above 200DMA; above 50DMA; RSI >=50,85,above 200DMA; above 50DMA; 200DMA rising; 50DMA > 200DMA; RSI >=50,False,65.5,352.84,6.57,297.99,0.66,ABOVE 200DMA,,,,,,,,,,,,,,,,,,65.5,False
825,SHALPAINTS,2026-09-30,80.62,61.15,79.97,31.85,True,True,True,True,52.09,0.85,95.95,35.21,-15.98,128.97,55,NORMAL,above 200DMA; above 50DMA; 200DMA rising; healthy RSI,,,,0,0,NOT A RECOVERY,False,,,,,False,False,40,ABOVE 200DMA,above 200DMA; above 50DMA; RSI >=50,85,above 200DMA; above 50DMA; 200DMA rising; 50DMA > 200DMA; RSI >=50,False,65.5,89.61,11.15,72.56,1.12,ABOVE 200DMA,,,,,,,,,,,,,,,,,,65.5,False
826,ARFIN,2026-09-30,89.19,83.97,87.19,6.22,True,True,True,True,52.47,0.7,106.2,45.16,-16.02,97.5,55,NORMAL,above 200DMA; above 50DMA; 200DMA rising; healthy RSI,,,,0,0,NOT A RECOVERY,False,,,,,False,False,40,ABOVE 200DMA,above 200DMA; above 50DMA; RSI >=50,85,above 200DMA; above 50DMA; 200DMA rising; 50DMA > 200DMA; RSI >=50,False,65.5,96.69,8.41,80.27,0.84,ABOVE 200DMA,,,,,,,,,,,,,,,,,,65.5,False
827,LAMBODHARA,2026-09-30,129.28,112.35,123.96,15.07,True,True,True,True,50.23,0.14,154.5,81.8,-16.32,58.04,55,NORMAL,above 200DMA; above 50DMA; 200DMA rising; healthy RSI,,,,0,0,NOT A RECOVERY,False,,136.41,2025-12-01,-5.23,False,False,40,ABOVE 200DMA,above 200DMA; above 50DMA; RSI >=50,85,above 200DMA; above 50DMA; 200DMA rising; 50DMA > 200DMA; RSI >=50,False,65.5,147.1,13.78,116.35,1.38,ABOVE 200DMA,,,,,,,,,,,,,,,,,,65.5,False
828,ANDHRAPAP,2026-09-30,72.68,64.62,65.18,12.47,True,True,True,True,59.06,0.06,86.89,58.0,-16.35,25.31,55,NORMAL,above 200DMA; above 50DMA; 200DMA rising; healthy RSI,,,,0,0,NOT A RECOVERY,False,,90.0,2025-07-04,-19.24,False,False,40,ABOVE 200DMA,above 200DMA; above 50DMA; RSI >=50,85,above 200DMA; above 50DMA; 200DMA rising; 50DMA > 200DMA; RSI >=50,False,65.5,78.83,8.46,65.41,0.85,ABOVE 200DMA,,,,,,,,,,,,,,,,,,65.5,False
829,ONWARDTEC,2026-09-30,288.35,275.38,287.19,4.71,True,True,True,True,51.95,0.38,348.6,208.25,-17.28,38.46,55,NORMAL,above 200DMA; above 50DMA; 200DMA rising; healthy RSI,,,,0,0,NOT A RECOVERY,False,,345.4,2026-02-03,-16.52,False,False,40,ABOVE 200DMA,above 200DMA; above 50DMA; RSI >=50,85,above 200DMA; above 50DMA; 200DMA rising; 50DMA > 200DMA; RSI >=50,False,65.5,311.74,8.11,259.52,0.81,ABOVE 200DMA,,,,,,,,,,,,,,,,,,65.5,False
830,GOACARBON,2026-09-30,404.95,377.55,381.36,7.26,True,True,True,True,55.63,0.15,494.9,272.85,-18.18,48.41,55,NORMAL,above 200DMA; above 50DMA; 200DMA rising; healthy RSI,,,,0,0,NOT A RECOVERY,False,,448.8,2025-11-11,-9.77,False,False,40,ABOVE 200DMA,above 200DMA; above 50DMA; RSI >=50,85,above 200DMA; above 50DMA; 200DMA rising; 50DMA > 200DMA; RSI >=50,False,65.5,441.6,9.05,364.46,0.91,ABOVE 200DMA,,,,,,,,,,,,,,,,,,65.5,False
831,LXCHEM,2026-09-30,177.36,154.69,177.27,14.66,True,True,True,True,50.92,0.56,216.8,107.6,-18.19,64.83,55,NORMAL,above 200DMA; above 50DMA; 200DMA rising; healthy RSI,,,,0,0,NOT A RECOVERY,False,,209.0,2025-10-16,-15.14,False,False,40,ABOVE 200DMA,above 200DMA; above 50DMA; RSI >=50,85,above 200DMA; above 50DMA; 200DMA rising; 50DMA > 200DMA; RSI >=50,False,65.5,191.16,7.78,159.62,0.78,ABOVE 200DMA,,,,,,,,,,,,,,,,,,65.5,False
832,RATNAMANI,2026-09-30,2725.5,2456.38,2561.68,10.96,True,True,True,True,50.99,0.78,3345.0,1936.5,-18.52,40.74,55,NORMAL,above 200DMA; above 50DMA; 200DMA rising; healthy RSI,,,,0,0,NOT A RECOVERY,False,,3345.0,2026-05-11,-18.52,False,False,40,ABOVE 200DMA,above 200DMA; above 50DMA; RSI >=50,85,above 200DMA; above 50DMA; 200DMA rising; 50DMA > 200DMA; RSI >=50,False,65.5,2931.74,7.57,2452.95,0.76,ABOVE 200DMA,,,,,,,,,,,,,,,,,,65.5,False
833,AARTIDRUGS,2026-09-30,430.9,388.2,421.57,11.0,True,True,True,True,53.42,0.72,534.0,318.95,-19.31,35.1,55,NORMAL,above 200DMA; above 50DMA; 200DMA rising; healthy RSI,,,,0,0,NOT A RECOVERY,False,,564.05,2025-07-21,-23.61,False,False,40,ABOVE 200DMA,above 200DMA; above 50DMA; RSI >=50,85,above 200DMA; above 50DMA; 200DMA rising; 50DMA > 200DMA; RSI >=50,False,65.5,461.21,7.04,387.81,0.7,ABOVE 200DMA,,,,,,,,,,,,,,,,,,65.5,False
834,TARMAT,2026-09-30,59.4,53.47,55.82,11.08,True,True,True,True,56.04,1.05,73.9,46.26,-19.62,28.4,55,NORMAL,above 200DMA; above 50DMA; 200DMA rising; healthy RSI,,,,0,0,NOT A RECOVERY,False,,73.9,2026-02-27,-19.62,False,False,40,ABOVE 200DMA,above 200DMA; above 50DMA; RSI >=50,85,above 200DMA; above 50DMA; 200DMA rising; 50DMA > 200DMA; RSI >=50,False,65.5,65.44,10.17,53.46,1.02,ABOVE 200DMA,,,,,,,,,,,,,,,,,,65.5,False
835,UNICHEMLAB,2026-09-30,545.5,432.86,535.86,26.02,True,True,True,True,50.53,0.71,687.2,278.2,-20.62,96.08,55,NORMAL,above 200DMA; above 50DMA; 200DMA rising; healthy RSI,,,,0,0,NOT A RECOVERY,False,,,,,False,False,40,ABOVE 200DMA,above 200DMA; above 50DMA; RSI >=50,85,above 200DMA; above 50DMA; 200DMA rising; 50DMA > 200DMA; RSI >=50,False,65.5,607.0,11.27,490.95,1.13,ABOVE 200DMA,,,,,,,,,,,,,,,,,,65.5,False
836,JAYNECOIND,2026-09-30,92.79,88.22,91.81,5.18,True,True,True,True,53.41,1.04,117.0,64.4,-20.69,44.08,55,NORMAL,above 200DMA; above 50DMA; 200DMA rising; healthy RSI,,,,0,0,NOT A RECOVERY,False,,117.0,2026-05-08,-20.69,False,False,40,ABOVE 200DMA,above 200DMA; above 50DMA; RSI >=50,85,above 200DMA; above 50DMA; 200DMA rising; 50DMA > 200DMA; RSI >=50,False,65.5,98.37,6.01,83.51,0.6,ABOVE 200DMA,,,,,,,,,,,,,,,,,,65.5,False
837,GPTINFRA,2026-09-30,118.34,114.26,114.83,3.57,True,True,True,True,59.03,0.53,150.0,96.22,-21.11,22.99,55,NORMAL,above 200DMA; above 50DMA; 200DMA rising; healthy RSI,,,,0,0,NOT A RECOVERY,False,,150.0,2026-06-23,-21.11,False,False,40,ABOVE 200DMA,above 200DMA; above 50DMA; RSI >=50,85,above 200DMA; above 50DMA; 200DMA rising; 50DMA > 200DMA; RSI >=50,False,65.5,126.1,6.56,106.51,0.66,ABOVE 200DMA,,,,,,,,,,,,,,,,,,65.5,False
838,ADFFOODS,2026-09-30,273.1,245.02,271.74,11.46,True,True,True,True,53.16,0.65,346.95,153.1,-21.29,78.38,55,NORMAL,above 200DMA; above 50DMA; 200DMA rising; healthy RSI,,,,0,0,NOT A RECOVERY,False,,300.85,2025-06-11,-9.22,False,False,40,ABOVE 200DMA,above 200DMA; above 50DMA; RSI >=50,85,above 200DMA; above 50DMA; 200DMA rising; 50DMA > 200DMA; RSI >=50,False,65.5,291.75,6.83,245.79,0.68,ABOVE 200DMA,,,,,,,,,,,,,,,,,,65.5,False
839,SECMARK,2026-09-30,140.0,122.17,134.13,14.6,True,True,True,True,50.68,0.05,179.5,95.05,-22.01,47.29,55,NORMAL,above 200DMA; above 50DMA; 200DMA rising; healthy RSI,,,,0,0,NOT A RECOVERY,False,,149.4,2025-08-01,-6.29,False,False,40,ABOVE 200DMA,above 200DMA; above 50DMA; RSI >=50,85,above 200DMA; above 50DMA; 200DMA rising; 50DMA > 200DMA; RSI >=50,False,65.5,163.93,17.09,126.0,1.71,ABOVE 200DMA,,,,,,,,,,,,,,,,,,65.5,False
840,ARVEE,2026-09-30,225.16,170.57,177.64,32.0,True,True,True,True,60.73,0.17,290.78,129.11,-22.57,74.39,55,NORMAL,above 200DMA; above 50DMA; 200DMA rising; healthy RSI,,,,0,0,NOT A RECOVERY,False,,267.0,2025-12-26,-15.67,False,False,40,ABOVE 200DMA,above 200DMA; above 50DMA; RSI >=50,85,above 200DMA; above 50DMA; 200DMA rising; 50DMA > 200DMA; RSI >=50,False,65.5,261.51,16.14,202.64,1.61,ABOVE 200DMA,,,,,,,,,,,,,,,,,,65.5,False
841,CHEMCON,2026-09-30,217.28,182.44,200.03,19.09,True,True,True,True,55.34,0.52,288.3,125.0,-24.63,73.82,55,NORMAL,above 200DMA; above 50DMA; 200DMA rising; healthy RSI,,,,0,0,NOT A RECOVERY,False,,288.3,2025-10-06,-24.63,False,False,40,ABOVE 200DMA,above 200DMA; above 50DMA; RSI >=50,85,above 200DMA; above 50DMA; 200DMA rising; 50DMA > 200DMA; RSI >=50,False,65.5,237.18,9.16,195.55,0.92,ABOVE 200DMA,,,,,,,,,,,,,,,,,,65.5,False
842,DVL,2026-09-30,282.95,253.31,274.01,11.7,True,True,True,True,50.23,0.64,375.9,186.99,-24.73,51.32,55,NORMAL,above 200DMA; above 50DMA; 200DMA rising; healthy RSI,,,,0,0,NOT A RECOVERY,False,,402.0,2025-02-10,-29.61,False,False,40,ABOVE 200DMA,above 200DMA; above 50DMA; RSI >=50,85,above 200DMA; above 50DMA; 200DMA rising; 50DMA > 200DMA; RSI >=50,False,65.5,303.61,7.3,254.66,0.73,ABOVE 200DMA,,,,,,,,,,,,,,,,,,65.5,False
843,BLBLIMITED,2026-09-30,16.73,15.92,16.2,5.08,True,True,True,True,54.64,0.28,22.47,12.0,-25.55,39.42,55,NORMAL,above 200DMA; above 50DMA; 200DMA rising; healthy RSI,,,,0,0,NOT A RECOVERY,False,,22.47,2026-02-23,-25.55,False,False,40,ABOVE 200DMA,above 200DMA; above 50DMA; RSI >=50,85,above 200DMA; above 50DMA; 200DMA rising; 50DMA > 200DMA; RSI >=50,False,65.5,18.23,8.97,15.06,0.9,ABOVE 200DMA,,,,,,,,,,,,,,,,,,65.5,False
844,KAMATHOTEL,2026-09-30,237.2,192.68,206.39,23.11,True,True,True,True,60.88,0.36,329.6,140.2,-28.03,69.19,55,NORMAL,above 200DMA; above 50DMA; 200DMA rising; healthy RSI,,,,0,0,NOT A RECOVERY,False,,347.5,2025-03-20,-31.74,False,False,40,ABOVE 200DMA,above 200DMA; above 50DMA; RSI >=50,85,above 200DMA; above 50DMA; 200DMA rising; 50DMA > 200DMA; RSI >=50,False,65.5,256.24,8.03,213.48,0.8,ABOVE 200DMA,,,,,,,,,,,,,,,,,,65.5,False
845,MANUGRAPH,2026-09-30,17.32,15.07,15.95,14.92,True,True,True,True,50.32,0.65,24.26,9.65,-28.61,79.48,55,NORMAL,above 200DMA; above 50DMA; 200DMA rising; healthy RSI,,,,0,0,NOT A RECOVERY,False,,18.8,2026-06-09,-7.87,False,False,40,ABOVE 200DMA,above 200DMA; above 50DMA; RSI >=50,85,above 200DMA; above 50DMA; 200DMA rising; 50DMA > 200DMA; RSI >=50,False,65.5,21.14,22.03,15.59,2.2,ABOVE 200DMA,,,,,,,,,,,,,,,,,,65.5,False
846,DCI,2026-09-30,335.0,285.01,328.87,17.54,True,True,True,True,58.53,0.32,475.0,208.98,-29.47,60.3,55,NORMAL,above 200DMA; above 50DMA; 200DMA rising; healthy RSI,,,,0,0,NOT A RECOVERY,False,,475.0,2026-04-08,-29.47,False,False,40,ABOVE 200DMA,above 200DMA; above 50DMA; RSI >=50,85,above 200DMA; above 50DMA; 200DMA rising; 50DMA > 200DMA; RSI >=50,False,65.5,376.74,12.46,301.5,1.25,ABOVE 200DMA,,,,,,,,,,,,,,,,,,65.5,False
847,NIRAJISPAT,2026-09-30,301.0,231.42,261.35,30.07,True,True,True,True,54.13,0.13,429.65,155.0,-29.94,94.19,55,NORMAL,above 200DMA; above 50DMA; 200DMA rising; healthy RSI,,,,0,0,NOT A RECOVERY,False,,397.48,2026-02-17,-24.27,False,False,40,ABOVE 200DMA,above 200DMA; above 50DMA; RSI >=50,85,above 200DMA; above 50DMA; 200DMA rising; 50DMA > 200DMA; RSI >=50,False,65.5,320.86,6.6,270.9,0.66,ABOVE 200DMA,,,,,,,,,,,,,,,,,,65.5,False
848,DBSTOCKBRO,2026-09-30,31.74,28.88,31.09,9.89,True,True,True,True,59.13,0.61,48.5,23.15,-34.56,37.11,55,NORMAL,above 200DMA; above 50DMA; 200DMA rising; healthy RSI,,,,0,0,NOT A RECOVERY,False,,48.5,2026-07-08,-34.56,False,False,40,ABOVE 200DMA,above 200DMA; above 50DMA; RSI >=50,85,above 200DMA; above 50DMA; 200DMA rising; 50DMA > 200DMA; RSI >=50,False,65.5,34.72,9.4,28.57,0.94,ABOVE 200DMA,,,,,,,,,,,,,,,,,,65.5,False
849,KSHITIJPOL,2026-09-30,4.14,3.26,3.35,27.05,True,True,True,True,55.15,0.04,7.2,1.88,-42.5,120.21,55,NORMAL,above 200DMA; above 50DMA; 200DMA rising; healthy RSI,,,,0,0,NOT A RECOVERY,False,,7.2,2026-06-11,-42.5,False,False,40,ABOVE 200DMA,above 200DMA; above 50DMA; RSI >=50,85,above 200DMA; above 50DMA; 200DMA rising; 50DMA > 200DMA; RSI >=50,False,65.5,4.55,9.97,3.73,1.0,ABOVE 200DMA,,,,,,,,,,,,,,,,,,65.5,False
239,KALYANIFRG,2026-09-30,991.05,659.47,808.19,50.28,True,True,True,True,57.78,0.39,1192.25,523.6,-16.88,89.28,55,NORMAL,above 200DMA; above 50DMA; 200DMA rising; healthy RSI,,,,0,0,NOT A RECOVERY,False,,790.0,2025-10-16,25.45,True,False,90,PRIOR HIGH BREAKOUT,above prior high; above 200DMA; above 50DMA; RSI >=50,85,above 200DMA; above 50DMA; 200DMA rising; 50DMA > 200DMA; RSI >=50,False,75.5,1091.15,10.1,891.94,1.01,PRIOR HIGH BREAKOUT,27.794939,3.5955684,33.99,40.0,3437000448.0,,,11.382,5.2210003,110.547,,,,4.2,218.1,218.1,50.0,65.3,False
850,OMFREIGHT,2026-09-30,94.0,87.55,90.75,7.37,True,True,False,True,59.51,1.56,114.33,58.95,-17.78,59.46,55,NORMAL,above 200DMA; above 50DMA; healthy RSI; volume confirmation,,,,0,0,NOT A RECOVERY,False,,114.33,2026-07-01,-17.78,False,False,50,ABOVE 200DMA,above 200DMA; above 50DMA; RSI >=50; volume >=1.2x,80,above 200DMA; above 50DMA; 50DMA > 200DMA; RSI >=50; volume >=1.2x,False,65.25,103.48,10.08,84.6,1.01,ABOVE 200DMA,,,,,,,,,,,,,,,,,,65.25,False
851,ADVANCE,2026-09-30,121.19,114.45,118.23,5.89,True,True,False,True,56.9,1.29,154.0,84.1,-21.31,44.1,55,NORMAL,above 200DMA; above 50DMA; healthy RSI; volume confirmation,,,,0,0,NOT A RECOVERY,False,,143.5,2026-02-04,-15.55,False,False,50,ABOVE 200DMA,above 200DMA; above 50DMA; RSI >=50; volume >=1.2x,80,above 200DMA; above 50DMA; 50DMA > 200DMA; RSI >=50; volume >=1.2x,False,65.25,131.32,8.36,109.07,0.84,ABOVE 200DMA,,,,,,,,,,,,,,,,,,65.25,False
852,DTIL,2026-09-30,152.21,140.98,141.52,7.97,True,True,False,True,59.23,2.95,193.79,102.0,-21.46,49.23,55,NORMAL,above 200DMA; above 50DMA; healthy RSI; volume confirmation,,,,0,0,NOT A RECOVERY,False,,193.79,2026-08-27,-21.46,False,False,50,ABOVE 200DMA,above 200DMA; above 50DMA; RSI >=50; volume >=1.2x,80,above 200DMA; above 50DMA; 50DMA > 200DMA; RSI >=50; volume >=1.2x,False,65.25,164.26,7.92,136.99,0.79,ABOVE 200DMA,,,,,,,,,,,,,,,,,,65.25,False
853,TGBHOTELS,2026-09-30,9.6,9.26,9.42,3.68,True,True,False,True,52.96,1.24,12.8,7.5,-25.0,28.0,55,NORMAL,above 200DMA; above 50DMA; healthy RSI; volume confirmation,,,,0,0,NOT A RECOVERY,False,,11.38,2026-07-29,-15.64,False,False,50,ABOVE 200DMA,above 200DMA; above 50DMA; RSI >=50; volume >=1.2x,80,above 200DMA; above 50DMA; 50DMA > 200DMA; RSI >=50; volume >=1.2x,False,65.25,10.78,12.25,8.64,1.22,ABOVE 200DMA,,,,,,,,,,,,,,,,,,65.25,False
854,GVPTECH,2026-09-30,7.95,7.28,7.42,9.19,True,True,False,True,56.43,1.49,11.19,5.22,-28.95,52.3,55,NORMAL,above 200DMA; above 50DMA; healthy RSI; volume confirmation,,,,0,0,NOT A RECOVERY,False,,9.39,2026-08-31,-15.34,False,False,50,ABOVE 200DMA,above 200DMA; above 50DMA; RSI >=50; volume >=1.2x,80,above 200DMA; above 50DMA; 50DMA > 200DMA; RSI >=50; volume >=1.2x,False,65.25,8.89,11.86,7.15,1.19,ABOVE 200DMA,,,,,,,,,,,,,,,,,,65.25,False
855,PENIND,2026-09-30,184.0,166.24,167.29,10.68,True,True,False,True,62.52,1.22,279.9,129.1,-34.26,42.53,55,NORMAL,above 200DMA; above 50DMA; healthy RSI; volume confirmation,,,,0,0,NOT A RECOVERY,False,,208.87,2025-12-31,-11.91,False,False,50,ABOVE 200DMA,above 200DMA; above 50DMA; RSI >=50; volume >=1.2x,80,above 200DMA; above 50DMA; 50DMA > 200DMA; RSI >=50; volume >=1.2x,False,65.25,197.27,7.21,165.6,0.72,ABOVE 200DMA,,,,,,,,,,,,,,,,,,65.25,False
856,EVERESTIND,2026-09-30,455.6,423.18,446.28,7.66,True,True,False,True,60.59,1.78,737.2,284.9,-38.2,59.92,55,NORMAL,above 200DMA; above 50DMA; healthy RSI; volume confirmation,,,,0,0,NOT A RECOVERY,False,,564.0,2026-07-28,-19.22,False,False,50,ABOVE 200DMA,above 200DMA; above 50DMA; RSI >=50; volume >=1.2x,80,above 200DMA; above 50DMA; 50DMA > 200DMA; RSI >=50; volume >=1.2x,False,65.25,495.31,8.72,410.04,0.87,ABOVE 200DMA,,,,,,,,,,,,,,,,,,65.25,False
790,INNOVACAP,2026-09-30,1159.8,858.38,1084.65,35.12,True,True,True,True,48.54,4.48,1353.5,622.0,-14.31,86.46,65,NORMAL,within 15% of 52W high; above 200DMA; above 50DMA; 200DMA rising; volume confirmation,,,,0,0,NOT A RECOVERY,False,,1260.0,2025-01-08,-7.95,False,False,40,ABOVE 200DMA,above 200DMA; above 50DMA; volume >=1.2x,90,above 200DMA; above 50DMA; 200DMA rising; 50DMA > 200DMA; volume >=1.2x,False,71.25,1278.09,10.2,1043.82,1.02,ABOVE 200DMA,43.40394,6.1275344,26.91,34.0,66838716416.0,,,13.042000000000002,8.805,31.508,,,,33.900000000000006,42.3,42.3,56.0,65.15,False
287,SENORES,2026-09-30,1385.8,1075.37,1426.0,28.87,True,False,True,True,45.17,1.21,1599.0,684.6,-13.33,102.42,50,NORMAL,within 15% of 52W high; above 200DMA; 200DMA rising; volume confirmation,,,,0,0,NOT A RECOVERY,False,,876.5,2026-01-07,58.11,True,False,80,PRIOR HIGH BREAKOUT,above prior high; above 200DMA; volume >=1.2x,75,above 200DMA; 200DMA rising; 50DMA > 200DMA; volume >=1.2x,False,67.25,1486.17,7.24,1247.22,0.72,PRIOR HIGH BREAKOUT,47.5044,5.7405844,28.41,,62153920512.0,,,24.316,18.722999,35.46,,,,38.3,43.5,43.5,62.0,65.15,False
764,AETHER,2026-09-30,1699.3,1232.5,1616.8,37.87,True,True,True,True,56.4,1.04,1798.0,728.0,-5.49,133.42,75,APPROACHING 52W HIGH,within 10% of 52W high; above 200DMA; above 50DMA; 200DMA rising; healthy RSI,,,,0,0,NOT A RECOVERY,False,,,,,False,False,40,ABOVE 200DMA,above 200DMA; above 50DMA; RSI >=50,85,above 200DMA; above 50DMA; 200DMA rising; 50DMA > 200DMA; RSI >=50,False,72.5,1818.83,7.03,1529.37,0.7,HIGH LEVEL,93.60986,9.022199,17.84,,221655498752.0,,,24.91,19.12,18.646,,,,27.500000000000004,34.1,34.1,54.0,65.1,False
779,MIDHANI,2026-09-30,437.65,383.92,419.79,14.0,True,True,True,True,56.76,0.64,482.4,266.65,-9.28,64.13,75,APPROACHING 52W HIGH,within 10% of 52W high; above 200DMA; above 50DMA; 200DMA rising; healthy RSI,,,,0,0,NOT A RECOVERY,False,,469.0,2025-06-24,-6.68,False,False,40,ABOVE 200DMA,above 200DMA; above 50DMA; RSI >=50,85,above 200DMA; above 50DMA; 200DMA rising; 50DMA > 200DMA; RSI >=50,False,72.5,471.17,7.66,393.88,0.77,HIGH LEVEL,60.055405,5.300021,7.22,56.99999999999999,81230626816.0,,,8.356,10.564,26.557,,,,40.5,27.500000000000004,27.500000000000004,54.0,65.1,False
548,MOTOGENFIN,2026-09-30,25.5,24.8,26.58,2.83,True,False,True,True,43.1,0.09,34.4,17.5,-25.87,45.71,30,NORMAL,above 200DMA; 200DMA rising,2026-05-08,22.67,12.48,50,50,NEAR 200DMA,True,at/above 200DMA; recovery >=10%,31.8,2025-12-01,-19.81,False,False,20,ABOVE 200DMA,above 200DMA,60,above 200DMA; 200DMA rising; 50DMA > 200DMA,False,41.5,28.23,10.7,22.95,1.07,200DMA RECOVERY,0.65261513,0.43691096,38.43,,978564608.0,,,63.715999999999994,1282.973,,,,,80.5,883.3000000000001,883.3000000000001,100.0,64.9,False
37,TEXINFRA,2026-09-30,119.41,103.21,113.64,15.7,True,True,True,True,57.47,1.62,126.59,82.5,-5.67,44.74,85,APPROACHING 52W HIGH,within 10% of 52W high; above 200DMA; above 50DMA; 200DMA rising; healthy RSI; volume confirmation,,,,0,0,NOT A RECOVERY,False,,112.45,2025-11-28,6.19,True,False,100,PRIOR HIGH BREAKOUT,above prior high; above 200DMA; above 50DMA; RSI >=50; volume >=1.2x,100,above 200DMA; above 50DMA; 200DMA rising; 50DMA > 200DMA; RSI >=50; volume >=1.2x,False,94.75,128.89,7.94,107.47,0.79,PRIOR HIGH BREAKOUT,165.81944,1.3582789,0.72,13.0,15213460480.0,,,-64.865994,53.251000000000005,2.626,,,,-10.8,-50.0,-50.0,20.0,64.85,False
47,DBOL,2026-09-30,126.1,106.6,117.75,18.29,True,True,True,True,60.02,1.64,139.0,69.0,-9.28,82.75,85,APPROACHING 52W HIGH,within 10% of 52W high; above 200DMA; above 50DMA; 200DMA rising; healthy RSI; volume confirmation,,,,0,0,NOT A RECOVERY,False,,104.9,2025-07-21,20.21,True,False,100,PRIOR HIGH BREAKOUT,above prior high; above 200DMA; above 50DMA; RSI >=50; volume >=1.2x,100,above 200DMA; above 50DMA; 200DMA rising; 50DMA > 200DMA; RSI >=50; volume >=1.2x,False,94.75,136.94,8.6,113.49,0.86,PRIOR HIGH BREAKOUT,31.651834,0.7818653,3.82,119.0,7954499072.0,,,-0.73900004,3.9059999999999997,103.294,,,,-2.3,,,20.0,64.85,False
175,VENUSPIPES,2026-09-30,2147.1,1408.32,1782.6,52.46,True,True,True,True,62.83,0.35,2347.9,890.0,-8.55,141.25,75,APPROACHING 52W HIGH,within 10% of 52W high; above 200DMA; above 50DMA; 200DMA rising; healthy RSI,,,,0,0,NOT A RECOVERY,False,,1660.0,2025-07-22,29.34,True,False,90,PRIOR HIGH BREAKOUT,above prior high; above 200DMA; above 50DMA; RSI >=50,85,above 200DMA; above 50DMA; 200DMA rising; 50DMA > 200DMA; RSI >=50,False,82.5,2377.91,10.75,1932.39,1.08,PRIOR HIGH BREAKOUT,43.93106,6.7928557,50.19,5.0,45676949504.0,,,13.819999999999999,8.5559994,42.948,,,,16.0,5.5,5.5,38.0,64.7,False
186,AVADHSUGAR,2026-09-30,800.2,499.6,714.76,60.17,True,True,True,True,59.69,0.81,884.8,306.05,-9.56,161.46,75,APPROACHING 52W HIGH,within 10% of 52W high; above 200DMA; above 50DMA; 200DMA rising; healthy RSI,,,,0,0,NOT A RECOVERY,False,,515.5,2025-06-26,55.23,True,False,90,PRIOR HIGH BREAKOUT,above prior high; above 200DMA; above 50DMA; RSI >=50,85,above 200DMA; above 50DMA; 200DMA rising; 50DMA > 200DMA; RSI >=50,False,82.5,863.46,7.91,720.18,0.79,PRIOR HIGH BREAKOUT,23.190779,1.3611933,32.97,125.0,15306083328.0,,,2.6780000000000004,2.3929998,125.143,,,,8.7,,,38.0,64.7,False
447,TNPETRO,2026-09-30,124.08,98.33,116.22,26.19,True,True,True,True,49.09,0.51,146.99,78.67,-15.59,57.72,45,NORMAL,above 200DMA; above 50DMA; 200DMA rising,,,,0,0,NOT A RECOVERY,False,,129.89,2025-11-03,-4.47,False,True,65,NEAR PRIOR HIGH,within 5% of prior high; above 200DMA; above 50DMA,75,above 200DMA; above 50DMA; 200DMA rising; 50DMA > 200DMA,False,62.5,139.94,12.78,111.67,1.28,NEAR PRIOR HIGH,7.791271,1.0880184,15.81,121.0,11082685440.0,,,13.701999,7.9799999999999995,45.668,,,,68.5,127.0,127.0,68.0,64.7,False
448,LANCORHOL,2026-09-30,32.83,26.29,31.27,24.86,True,True,True,True,46.54,0.22,41.75,18.12,-21.37,81.18,45,NORMAL,above 200DMA; above 50DMA; 200DMA rising,,,,0,0,NOT A RECOVERY,False,,33.8,2025-11-10,-2.87,False,True,65,NEAR PRIOR HIGH,within 5% of prior high; above 200DMA; above 50DMA,75,above 200DMA; above 50DMA; 200DMA rising; 50DMA > 200DMA,False,62.5,37.55,14.39,29.55,1.44,NEAR PRIOR HIGH,4.024204,0.9680978,7.85,61.0,2323462144.0,,,16.375999,42.726,44.543,,,,8.4,11650.0,11650.0,68.0,64.7,False
221,WOCKPHARMA,2026-09-30,2116.3,1658.27,2013.61,27.62,True,True,True,True,50.15,0.6,2422.3,1086.7,-12.63,94.75,65,NORMAL,within 15% of 52W high; above 200DMA; above 50DMA; 200DMA rising; healthy RSI,,,,0,0,NOT A RECOVERY,False,,1676.7,2025-08-01,26.22,True,False,90,PRIOR HIGH BREAKOUT,above prior high; above 200DMA; above 50DMA; RSI >=50,85,above 200DMA; above 50DMA; 200DMA rising; 50DMA > 200DMA; RSI >=50,False,79.0,2300.67,8.71,1904.67,0.87,PRIOR HIGH BREAKOUT,82.760124,6.845139,25.18,,338617434112.0,,,14.316,11.196,42.284,,,,25.900000000000002,,,42.0,64.2,False
439,MOTILALOFS,2026-09-30,994.0,859.11,964.25,15.7,True,True,True,True,47.97,1.0,1097.1,614.9,-9.4,61.65,65,APPROACHING 52W HIGH,within 10% of 52W high; above 200DMA; above 50DMA; 200DMA rising,,,,0,0,NOT A RECOVERY,False,,1023.0,2025-11-13,-2.83,False,True,65,NEAR PRIOR HIGH,within 5% of prior high; above 200DMA; above 50DMA,75,above 200DMA; above 50DMA; 200DMA rising; 50DMA > 200DMA,False,69.5,1050.46,5.68,894.6,0.57,NEAR PRIOR HIGH,30.732693,4.6227202,32.21,111.00000000000001,596887142400.0,,,51.266999999999996,22.963,165.8,,,,23.9,8.7,8.7,56.0,64.1,False
168,KILITCH,2026-09-30,213.32,171.75,186.49,24.2,True,True,True,True,64.71,1.19,232.5,117.25,-8.25,81.94,75,APPROACHING 52W HIGH,within 10% of 52W high; above 200DMA; above 50DMA; 200DMA rising; healthy RSI,,,,0,0,NOT A RECOVERY,False,,207.77,2026-07-02,2.67,True,False,90,PRIOR HIGH BREAKOUT,above prior high; above 200DMA; above 50DMA; RSI >=50,85,above 200DMA; above 50DMA; 200DMA rising; 50DMA > 200DMA; RSI >=50,False,82.5,233.65,9.53,191.99,0.95,PRIOR HIGH BREAKOUT,24.802496,2.7317505,8.81,,7639451136.0,,,4.1050002,12.669,32.04,,,,4.0,-11.700000000000001,-11.700000000000001,36.0,63.9,False
516,AUBANK,2026-09-30,1010.3,1006.2,1058.73,0.41,True,False,True,True,41.43,1.13,1144.1,719.05,-11.69,40.5,40,NORMAL,within 15% of 52W high; above 200DMA; 200DMA rising,2026-09-28,984.5,2.62,55,55,RECOVERY WATCH,True,at/above 200DMA; moving toward 200DMA; above breakdown low,1144.1,2026-08-25,-11.69,False,False,20,ABOVE 200DMA,above 200DMA,60,above 200DMA; 200DMA rising; 50DMA > 200DMA,False,45.0,1059.06,4.83,909.27,0.48,200DMA RECOVERY,26.11802,3.6933649,37.79,10.0,739673440256.0,,,35.311002,25.577998,,,,,29.799999999999997,35.099999999999994,35.099999999999994,92.0,63.8,False
857,JAYBARMARU,2026-09-30,128.39,116.21,130.44,10.48,True,False,True,True,59.82,1.85,207.0,74.15,-37.98,73.15,50,NORMAL,above 200DMA; 200DMA rising; healthy RSI; volume confirmation,,,,0,0,NOT A RECOVERY,False,,207.0,2026-07-14,-37.98,False,False,40,ABOVE 200DMA,above 200DMA; RSI >=50; volume >=1.2x,85,above 200DMA; 200DMA rising; 50DMA > 200DMA; RSI >=50; volume >=1.2x,False,63.75,139.63,8.76,115.55,0.88,ABOVE 200DMA,,,,,,,,,,,,,,,,,,63.75,False
151,E2E,2026-09-30,650.5,370.24,601.63,75.7,True,True,True,True,60.03,0.73,698.0,183.36,-6.81,254.77,75,APPROACHING 52W HIGH,within 10% of 52W high; above 200DMA; above 50DMA; 200DMA rising; healthy RSI,,,,0,0,NOT A RECOVERY,False,,389.47,2025-10-07,67.02,True,False,90,PRIOR HIGH BREAKOUT,above prior high; above 200DMA; above 50DMA; RSI >=50,85,above 200DMA; above 50DMA; 200DMA rising; 50DMA > 200DMA; RSI >=50,False,82.5,715.91,10.05,585.45,1.01,PRIOR HIGH BREAKOUT,237.36264,7.7098804,2.73,,133136711680.0,,,36.525999999999996,8.5080005,9.441,,,,334.1,,,35.0,63.5,False
184,KABRAEXTRU,2026-09-30,805.55,323.39,577.3,149.1,True,True,True,True,66.93,0.61,888.7,180.0,-9.36,347.53,75,APPROACHING 52W HIGH,within 10% of 52W high; above 200DMA; above 50DMA; 200DMA rising; healthy RSI,,,,0,0,NOT A RECOVERY,False,,289.7,2025-09-11,178.06,True,False,90,PRIOR HIGH BREAKOUT,above prior high; above 200DMA; above 50DMA; RSI >=50,85,above 200DMA; above 50DMA; 200DMA rising; 50DMA > 200DMA; RSI >=50,False,82.5,899.93,11.72,724.99,1.17,PRIOR HIGH BREAKOUT,4783.125,6.062454,0.16,89.0,26764711936.0,,,-1.2269999999999999,0.1,32.883,,,,44.800000000000004,,,35.0,63.5,False
250,KPIL,2026-09-30,1380.6,1251.67,1370.95,10.3,True,True,True,True,46.77,0.5,1479.6,1007.1,-6.69,37.09,65,APPROACHING 52W HIGH,within 10% of 52W high; above 200DMA; above 50DMA; 200DMA rising,,,,0,0,NOT A RECOVERY,False,,1335.6,2025-11-06,3.37,True,False,80,PRIOR HIGH BREAKOUT,above prior high; above 200DMA; above 50DMA,75,above 200DMA; above 50DMA; 200DMA rising; 50DMA > 200DMA,False,72.5,1459.59,5.72,1242.54,0.57,PRIOR HIGH BREAKOUT,20.384731,2.9786441,66.54,80.0,231635877888.0,,,6.6360004,4.151,45.814,,,,3.8,45.2,45.2,50.0,63.5,False
433,ISFT,2026-09-30,95.86,81.63,85.84,17.43,True,True,True,True,55.14,0.06,114.95,54.05,-16.61,77.35,55,NORMAL,above 200DMA; above 50DMA; 200DMA rising; healthy RSI,,,,0,0,NOT A RECOVERY,False,,99.15,2026-08-28,-3.32,False,True,75,NEAR PRIOR HIGH,within 5% of prior high; above 200DMA; above 50DMA; RSI >=50,85,above 200DMA; above 50DMA; 200DMA rising; 50DMA > 200DMA; RSI >=50,False,72.5,111.31,16.11,86.27,1.61,NEAR PRIOR HIGH,11.628266,0.59992033,8.42,,1597076480.0,,,3.3940002,2.5179999,6.493,,,,8.3,11.200000000000001,11.200000000000001,50.0,63.5,False
770,TCPLPACK,2026-09-30,4102.6,2991.63,3756.67,37.14,True,True,True,True,59.3,0.55,4410.9,2200.0,-6.99,86.48,75,APPROACHING 52W HIGH,within 10% of 52W high; above 200DMA; above 50DMA; 200DMA rising; healthy RSI,,,,0,0,NOT A RECOVERY,False,,4900.0,2025-03-26,-16.27,False,False,40,ABOVE 200DMA,above 200DMA; above 50DMA; RSI >=50,85,above 200DMA; above 50DMA; 200DMA rising; 50DMA > 200DMA; RSI >=50,False,72.5,4448.19,8.42,3692.34,0.84,HIGH LEVEL,30.978151,4.9718056,126.77,61.0,35661623296.0,,,12.781,6.1479997,88.192,,,,16.1,79.3,79.3,50.0,63.5,False
783,MWL,2026-09-30,43.38,33.37,40.19,30.0,True,True,True,True,61.4,0.14,48.0,20.0,-9.62,116.93,75,APPROACHING 52W HIGH,within 10% of 52W high; above 200DMA; above 50DMA; 200DMA rising; healthy RSI,,,,0,0,NOT A RECOVERY,False,,,,,False,False,40,ABOVE 200DMA,above 200DMA; above 50DMA; RSI >=50,85,above 200DMA; above 50DMA; 200DMA rising; 50DMA > 200DMA; RSI >=50,False,72.5,48.63,12.1,39.04,1.21,HIGH LEVEL,24.645716,4.2745295,1.75,7.000000000000001,12809901056.0,,,8.214,4.157,160.456,,,,14.7,17.599999999999998,17.599999999999998,50.0,63.5,False
248,GRINDWELL,2026-09-30,1994.1,1792.73,2012.66,11.23,True,False,True,True,54.45,2.4,2455.0,1329.0,-18.77,50.05,50,NORMAL,above 200DMA; 200DMA rising; healthy RSI; volume confirmation,,,,0,0,NOT A RECOVERY,False,,1748.8,2025-10-31,14.03,True,False,90,PRIOR HIGH BREAKOUT,above prior high; above 200DMA; RSI >=50; volume >=1.2x,85,above 200DMA; 200DMA rising; 50DMA > 200DMA; RSI >=50; volume >=1.2x,False,73.75,2112.93,5.96,1794.69,0.6,PRIOR HIGH BREAKOUT,50.08365,8.630473,39.45,95.0,218760577024.0,,,16.244,13.763,2.381,,,,14.2,22.3,22.3,48.0,63.45,False
335,SMARTLINK,2026-09-30,211.91,161.41,217.14,31.29,True,False,True,True,47.03,1.03,241.81,103.5,-12.37,104.74,40,NORMAL,within 15% of 52W high; above 200DMA; 200DMA rising,,,,0,0,NOT A RECOVERY,False,,163.9,2025-09-22,29.29,True,False,70,PRIOR HIGH BREAKOUT,above prior high; above 200DMA,60,above 200DMA; 200DMA rising; 50DMA > 200DMA,False,55.0,231.09,9.05,190.72,0.9,PRIOR HIGH BREAKOUT,12.769416,1.0084298,16.61,94.0,2115697536.0,,,5.4029997000000005,5.57,1.194,,,,61.9,157.8,157.8,76.0,63.4,False
446,SUNPHARMA,2026-09-30,1816.6,1808.93,1907.07,0.42,True,False,True,True,39.06,1.63,2046.9,1583.7,-11.25,14.71,50,NORMAL,within 15% of 52W high; above 200DMA; 200DMA rising; volume confirmation,2026-04-10,1613.6,12.58,80,80,STRONG RETEST,True,at/above 200DMA; moving toward 200DMA; recovery >=10%; volume >=1.2x,1849.0,2025-12-01,-1.75,False,True,65,NEAR PRIOR HIGH,within 5% of prior high; above 200DMA; volume >=1.2x,75,above 200DMA; 200DMA rising; 50DMA > 200DMA; volume >=1.2x,False,64.25,1874.24,3.17,1634.94,0.32,NEAR PRIOR HIGH,35.79094,5.1707554,50.32,88.0,4321202143232.0,,,23.247999,20.188999,5.517,,,,10.5,27.400000000000002,27.400000000000002,62.0,63.35,False
457,NORTHARC,2026-09-30,287.35,273.09,294.96,5.22,True,False,True,True,40.02,0.63,334.0,206.0,-13.97,39.49,40,NORMAL,within 15% of 52W high; above 200DMA; 200DMA rising,,,,0,0,NOT A RECOVERY,False,,290.0,2025-10-06,-0.91,False,True,55,NEAR PRIOR HIGH,within 5% of prior high; above 200DMA,60,above 200DMA; 200DMA rising; 50DMA > 200DMA,False,52.0,307.74,7.09,258.62,0.71,NEAR PRIOR HIGH,10.768371,1.1974087,26.81,,46711517184.0,,,38.464999999999996,36.551997,314.96,,,,43.9,40.2,40.2,80.0,63.2,False
739,STYLEBAAZA,2026-09-30,384.75,327.11,363.08,17.62,True,True,True,True,50.9,1.55,447.1,229.95,-13.95,67.32,75,NORMAL,within 15% of 52W high; above 200DMA; above 50DMA; 200DMA rising; healthy RSI; volume confirmation,,,,0,0,NOT A RECOVERY,False,,427.0,2026-05-13,-9.89,False,False,50,ABOVE 200DMA,above 200DMA; above 50DMA; RSI >=50; volume >=1.2x,100,above 200DMA; above 50DMA; 200DMA rising; 50DMA > 200DMA; RSI >=50; volume >=1.2x,False,81.25,419.74,9.09,346.28,0.91,ABOVE 200DMA,58.74801,6.0999236,6.27,,28037826560.0,,,4.137,2.4130002,221.076,,,,28.7,3.5999999999999996,3.5999999999999996,36.0,63.15,False
124,JSWINFRA,2026-09-30,356.6,292.78,337.28,21.8,True,True,True,True,58.14,0.47,375.5,233.42,-5.03,52.77,75,APPROACHING 52W HIGH,within 10% of 52W high; above 200DMA; above 50DMA; 200DMA rising; healthy RSI,,,,0,0,NOT A RECOVERY,False,,349.0,2025-09-24,2.18,True,False,90,PRIOR HIGH BREAKOUT,above prior high; above 200DMA; above 50DMA; RSI >=50,85,above 200DMA; above 50DMA; 200DMA rising; 50DMA > 200DMA; RSI >=50,False,82.5,381.95,7.11,320.94,0.71,PRIOR HIGH BREAKOUT,50.345074,6.8521643,7.1,25.0,827554660352.0,,,35.162997000000004,26.578000000000003,59.002,,,,18.099999999999998,-10.299999999999999,-10.299999999999999,34.0,63.1,False
441,PNBHOUSING,2026-09-30,1120.0,993.21,1133.1,12.77,True,False,True,True,47.48,1.29,1211.5,729.6,-7.55,53.51,60,APPROACHING 52W HIGH,within 10% of 52W high; above 200DMA; 200DMA rising; volume confirmation,,,,0,0,NOT A RECOVERY,False,,1141.9,2025-06-09,-1.92,False,True,65,NEAR PRIOR HIGH,within 5% of prior high; above 200DMA; volume >=1.2x,75,above 200DMA; 200DMA rising; 50DMA > 200DMA; volume >=1.2x,False,67.75,1186.19,5.91,1008.0,0.59,NEAR PRIOR HIGH,12.311162,1.4804009,88.7,71.0,284797894656.0,,,75.16100399999999,61.353,287.733,,,,5.800000000000001,4.3,4.3,56.0,63.05,False
310,RATEGAIN,2026-09-30,851.55,723.48,899.4,17.7,True,False,True,True,45.6,1.33,1050.0,437.0,-18.9,94.86,40,NORMAL,above 200DMA; 200DMA rising; volume confirmation,,,,0,0,NOT A RECOVERY,False,,741.6,2025-10-07,14.83,True,False,80,PRIOR HIGH BREAKOUT,above prior high; above 200DMA; volume >=1.2x,75,above 200DMA; 200DMA rising; 50DMA > 200DMA; volume >=1.2x,False,63.75,900.54,5.75,766.39,0.58,PRIOR HIGH BREAKOUT,41.12769,4.949455,20.44,,99554451456.0,,,17.071,10.3769995,47.296,,,,187.6,101.49999999999999,101.49999999999999,62.0,63.05,False
792,KSB,2026-09-30,856.1,818.1,813.53,4.64,True,True,True,False,60.82,12.72,1028.3,666.65,-16.75,28.42,65,NORMAL,above 200DMA; above 50DMA; 200DMA rising; healthy RSI; volume confirmation,,,,0,0,NOT A RECOVERY,False,,1028.3,2026-04-28,-16.75,False,False,50,ABOVE 200DMA,above 200DMA; above 50DMA; RSI >=50; volume >=1.2x,85,above 200DMA; above 50DMA; 200DMA rising; RSI >=50; volume >=1.2x,False,71.0,913.85,6.75,770.49,0.67,ABOVE 200DMA,57.0736,8.259761,14.13,51.0,140353929216.0,15.192,,9.671000000000001,9.007,0.371,2.044,0.956,,3.5999999999999996,-18.6,-18.6,51.0,63.0,False
271,SBCL,2026-09-30,1071.7,666.29,1000.76,60.85,True,True,True,True,49.21,0.75,1215.7,368.6,-11.85,190.75,55,NORMAL,within 15% of 52W high; above 200DMA; above 50DMA; 200DMA rising,,,,0,0,NOT A RECOVERY,False,,605.0,2025-07-18,77.14,True,False,80,PRIOR HIGH BREAKOUT,above prior high; above 200DMA; above 50DMA,75,above 200DMA; above 50DMA; 200DMA rising; 50DMA > 200DMA,False,69.0,1189.06,10.95,964.53,1.1,PRIOR HIGH BREAKOUT,57.862183,12.710672,18.43,37.0,61429121024.0,,,21.547002000000003,17.209,14.779,,,,33.4,44.7,44.7,54.0,63.0,False
281,KRN,2026-09-30,1436.5,1097.75,1417.87,30.86,True,True,True,True,47.72,0.83,1687.0,589.8,-14.85,143.56,55,NORMAL,within 15% of 52W high; above 200DMA; above 50DMA; 200DMA rising,,,,0,0,NOT A RECOVERY,False,,1010.0,2025-03-05,42.23,True,False,80,PRIOR HIGH BREAKOUT,above prior high; above 200DMA; above 50DMA,75,above 200DMA; above 50DMA; 200DMA rising; 50DMA > 200DMA,False,69.0,1553.74,8.16,1292.85,0.82,PRIOR HIGH BREAKOUT,91.21212,15.354142,15.51,,92604121088.0,,,16.881001,13.152,32.633,,,,118.9,160.0,160.0,54.0,63.0,False
416,PVRINOX,2026-09-30,1242.7,1050.14,1203.51,18.34,True,True,True,True,50.86,0.98,1357.8,907.4,-8.48,36.95,75,APPROACHING 52W HIGH,within 10% of 52W high; above 200DMA; above 50DMA; 200DMA rising; healthy RSI,,,,0,0,NOT A RECOVERY,False,,1249.7,2025-10-30,-0.56,False,True,75,NEAR PRIOR HIGH,within 5% of prior high; above 200DMA; above 50DMA; RSI >=50,85,above 200DMA; above 50DMA; 200DMA rising; 50DMA > 200DMA; RSI >=50,False,79.5,1334.49,7.39,1118.43,0.74,NEAR PRIOR HIGH,42.70204,1.6192838,28.46,,114313592832.0,,,13.192001000000001,6.52,91.874,,,,10.4,,,38.0,62.9,False
359,PIXTRANS,2026-09-30,1726.9,1582.69,1779.68,9.11,True,False,True,True,43.6,0.44,2089.0,1252.0,-17.33,37.93,30,NORMAL,above 200DMA; 200DMA rising,,,,0,0,NOT A RECOVERY,False,,1624.0,2026-02-18,6.34,True,False,70,PRIOR HIGH BREAKOUT,above prior high; above 200DMA,60,above 200DMA; 200DMA rising; 50DMA > 200DMA,False,51.5,1799.61,4.21,1554.21,0.42,PRIOR HIGH BREAKOUT,18.704641,3.5385027,96.73,52.0,24652075008.0,,,26.681998,21.55,3.477,,,,22.8,89.3,89.3,80.0,62.9,False
738,PFOCUS,2026-09-30,316.0,272.36,301.78,16.02,True,True,True,True,50.77,1.24,367.0,161.01,-13.9,96.26,75,NORMAL,within 15% of 52W high; above 200DMA; above 50DMA; 200DMA rising; healthy RSI; volume confirmation,,,,0,0,NOT A RECOVERY,False,,367.0,2026-04-17,-13.9,False,False,50,ABOVE 200DMA,above 200DMA; above 50DMA; RSI >=50; volume >=1.2x,100,above 200DMA; above 50DMA; 200DMA rising; 50DMA > 200DMA; RSI >=50; volume >=1.2x,False,81.25,347.57,9.99,284.4,1.0,ABOVE 200DMA,216.94244,11.217543,1.39,,234839261184.0,,,9.659999599999999,2.349,224.567,,,,23.799999999999997,,,35.0,62.75,False
288,AARTIIND,2026-09-30,475.7,454.31,502.03,4.71,True,False,True,True,40.55,1.44,551.75,338.05,-13.78,40.72,50,NORMAL,within 15% of 52W high; above 200DMA; 200DMA rising; volume confirmation,,,,0,0,NOT A RECOVERY,False,,474.7,2026-02-10,0.21,True,False,80,PRIOR HIGH BREAKOUT,above prior high; above 200DMA; volume >=1.2x,75,above 200DMA; 200DMA rising; 50DMA > 200DMA; volume >=1.2x,False,67.25,504.51,6.06,428.13,0.61,PRIOR HIGH BREAKOUT,31.856163,2.8232195,14.6,21.0,168711012352.0,,,8.881,5.901,83.392,,,,42.5,258.0,258.0,56.0,62.75,False
256,APARINDS,2026-09-30,17384.0,12629.87,16730.22,37.64,True,True,True,True,49.49,0.89,19265.0,6801.0,-9.76,155.61,65,APPROACHING 52W HIGH,within 10% of 52W high; above 200DMA; above 50DMA; 200DMA rising,,,,0,0,NOT A RECOVERY,False,,9905.0,2025-07-30,75.51,True,False,80,PRIOR HIGH BREAKOUT,above prior high; above 200DMA; above 50DMA,75,above 200DMA; above 50DMA; 200DMA rising; 50DMA > 200DMA,False,72.5,19051.29,9.59,15645.6,0.96,PRIOR HIGH BREAKOUT,60.070118,13.144262,293.79,35.0,738962964480.0,,,10.8009994,4.843999999999999,17.716,,,,29.099999999999998,77.4,77.4,48.0,62.7,False
765,LENSKART,2026-09-30,685.05,530.89,636.75,29.04,True,True,True,True,56.51,0.83,725.0,356.1,-5.51,92.38,75,APPROACHING 52W HIGH,within 10% of 52W high; above 200DMA; above 50DMA; 200DMA rising; healthy RSI,,,,0,0,NOT A RECOVERY,False,,,,,False,False,40,ABOVE 200DMA,above 200DMA; above 50DMA; RSI >=50,85,above 200DMA; above 50DMA; 200DMA rising; 50DMA > 200DMA; RSI >=50,False,72.5,730.23,6.59,616.54,0.66,HIGH LEVEL,183.32892,13.733731,3.77,,1196684869632.0,,,10.458,6.802999999999999,34.983,,,,43.3,258.1,258.1,48.0,62.7,False
766,EBGNG,2026-09-30,686.75,453.88,612.72,51.31,True,True,True,True,57.81,1.07,730.0,239.0,-5.92,187.34,75,APPROACHING 52W HIGH,within 10% of 52W high; above 200DMA; above 50DMA; 200DMA rising; healthy RSI,,,,0,0,NOT A RECOVERY,False,,,,,False,False,40,ABOVE 200DMA,above 200DMA; above 50DMA; RSI >=50,85,above 200DMA; above 50DMA; 200DMA rising; 50DMA > 200DMA; RSI >=50,False,72.5,754.66,9.89,618.08,0.99,HIGH LEVEL,56.69348,10.593328,12.43,,80343916544.0,,,11.174000000000001,7.153,58.541,,,,32.1,25.1,25.1,48.0,62.7,False
768,CPPLUS,2026-09-30,3846.5,2589.96,3606.09,48.52,True,True,True,True,58.21,0.93,4094.0,1271.0,-6.05,202.64,75,APPROACHING 52W HIGH,within 10% of 52W high; above 200DMA; above 50DMA; 200DMA rising; healthy RSI,,,,0,0,NOT A RECOVERY,False,,,,,False,False,40,ABOVE 200DMA,above 200DMA; above 50DMA; RSI >=50,85,above 200DMA; above 50DMA; 200DMA rising; 50DMA > 200DMA; RSI >=50,False,72.5,4179.43,8.66,3461.85,0.87,HIGH LEVEL,94.07279,23.84766,40.39,4.0,465933336576.0,,,13.607,9.774,9.604,,,,89.5,303.7,303.7,48.0,62.7,False
769,PRECWIRE,2026-09-30,492.45,361.31,443.56,36.3,True,True,True,True,56.61,0.48,524.9,182.0,-6.18,170.58,75,APPROACHING 52W HIGH,within 10% of 52W high; above 200DMA; above 50DMA; 200DMA rising; healthy RSI,,,,0,0,NOT A RECOVERY,False,,,,,False,False,40,ABOVE 200DMA,above 200DMA; above 50DMA; RSI >=50,85,above 200DMA; above 50DMA; 200DMA rising; 50DMA > 200DMA; RSI >=50,False,72.5,538.58,9.37,443.21,0.94,HIGH LEVEL,52.229164,11.867736,9.6,36.0,91659911168.0,,,3.819,2.87,39.377,,,,60.4,67.10000000000001,67.10000000000001,48.0,62.7,False
771,SIKKO,2026-09-30,6.33,4.75,5.53,33.34,True,True,True,True,65.79,0.39,6.83,3.42,-7.34,85.11,75,APPROACHING 52W HIGH,within 10% of 52W high; above 200DMA; above 50DMA; 200DMA rising; healthy RSI,,,,0,0,NOT A RECOVERY,False,,6.83,2025-10-24,-7.34,False,False,40,ABOVE 200DMA,above 200DMA; above 50DMA; RSI >=50,85,above 200DMA; above 50DMA; 200DMA rising; 50DMA > 200DMA; RSI >=50,False,72.5,7.1,12.12,5.7,1.21,HIGH LEVEL,17.77143,2.891678,0.35,,2716896000.0,,,24.437,9.3669996,13.589,,,,-2.3,40.0,40.0,48.0,62.7,False
781,IRISDOREME,2026-09-30,61.55,41.18,57.82,49.47,True,True,True,True,51.05,0.16,68.0,26.35,-9.49,133.59,75,APPROACHING 52W HIGH,within 10% of 52W high; above 200DMA; above 50DMA; 200DMA rising; healthy RSI,,,,0,0,NOT A RECOVERY,False,,,,,False,False,40,ABOVE 200DMA,above 200DMA; above 50DMA; RSI >=50,85,above 200DMA; above 50DMA; 200DMA rising; 50DMA > 200DMA; RSI >=50,False,72.5,68.71,11.64,55.39,1.16,HIGH LEVEL,65.71739,8.069941,0.92,,11507440640.0,,,13.152,8.756,24.205,,,,26.3,50.0,50.0,48.0,62.7,False
784,RAYMONDREL,2026-09-30,669.95,535.6,607.33,25.08,True,True,True,True,62.7,0.23,741.95,349.0,-9.7,91.96,75,APPROACHING 52W HIGH,within 10% of 52W high; above 200DMA; above 50DMA; 200DMA rising; healthy RSI,,,,0,0,NOT A RECOVERY,False,,734.9,2026-07-13,-8.84,False,False,40,ABOVE 200DMA,above 200DMA; above 50DMA; RSI >=50,85,above 200DMA; above 50DMA; 200DMA rising; 50DMA > 200DMA; RSI >=50,False,72.5,738.91,10.29,602.96,1.03,HIGH LEVEL,14.381238,2.7541933,45.09,30.0,43155275776.0,,,10.12,9.603,64.676,,,,40.699999999999996,-18.5,-18.5,48.0,62.7,False
858,RBLBANK,2026-09-30,403.35,343.67,393.32,17.36,True,True,True,True,49.4,0.89,429.6,261.6,-6.11,54.19,65,APPROACHING 52W HIGH,within 10% of 52W high; above 200DMA; above 50DMA; 200DMA rising,,,,0,0,NOT A RECOVERY,False,,,,,False,False,30,ABOVE 200DMA,above 200DMA; above 50DMA,75,above 200DMA; above 50DMA; 200DMA rising; 50DMA > 200DMA,False,62.5,425.13,5.4,363.02,0.54,HIGH LEVEL,,,,,,,,,,,,,,,,,,62.5,False
859,VRLLOG,2026-09-30,287.15,262.52,286.24,9.38,True,True,True,True,48.35,1.16,310.2,225.0,-7.43,27.62,65,APPROACHING 52W HIGH,within 10% of 52W high; above 200DMA; above 50DMA; 200DMA rising,,,,0,0,NOT A RECOVERY,False,,324.5,2025-07-17,-11.51,False,False,30,ABOVE 200DMA,above 200DMA; above 50DMA,75,above 200DMA; above 50DMA; 200DMA rising; 50DMA > 200DMA,False,62.5,297.86,3.73,258.43,0.37,HIGH LEVEL,,,,,,,,,,,,,,,,,,62.5,False
547,BFINVEST,2026-09-30,434.05,422.19,453.03,2.81,True,False,True,True,39.93,0.49,584.7,315.0,-25.77,37.79,30,NORMAL,above 200DMA; 200DMA rising,2026-06-11,419.6,3.44,55,55,RECOVERY WATCH,True,at/above 200DMA; moving toward 200DMA; above breakdown low,528.0,2025-09-23,-17.79,False,False,20,ABOVE 200DMA,above 200DMA,60,above 200DMA; 200DMA rising; 50DMA > 200DMA,False,41.5,454.16,4.63,390.64,0.46,200DMA RECOVERY,4.1456337,0.18911797,103.41,229.99999999999997,16148112384.0,,,89.786005,498.28000000000003,0.001,,,,19.7,280.0,280.0,94.0,62.5,False
860,LIBAS,2026-09-30,11.87,10.96,10.58,8.31,True,True,True,False,56.87,0.21,13.45,9.02,-11.75,31.6,65,NORMAL,within 15% of 52W high; above 200DMA; above 50DMA; 200DMA rising; healthy RSI,,,,0,0,NOT A RECOVERY,False,,13.45,2026-06-03,-11.75,False,False,40,ABOVE 200DMA,above 200DMA; above 50DMA; RSI >=50,70,above 200DMA; above 50DMA; 200DMA rising; RSI >=50,False,62.25,13.83,16.5,10.68,1.65,ABOVE 200DMA,,,,,,,,,,,,,,,,,,62.25,False
795,AHCL,2026-09-30,34.58,14.77,18.36,134.13,True,True,True,True,82.76,0.34,37.24,10.37,-7.14,233.43,65,APPROACHING 52W HIGH,within 10% of 52W high; above 200DMA; above 50DMA; 200DMA rising,,,,0,0,NOT A RECOVERY,False,,,,,False,False,40,ABOVE 200DMA,above 200DMA; above 50DMA; RSI >=50,85,above 200DMA; above 50DMA; 200DMA rising; 50DMA > 200DMA; RSI >=50,False,69.0,40.05,15.83,31.12,1.58,HIGH LEVEL,47.623188,6.430528,0.69,,17465583616.0,,,16.588,13.980999999999998,17.133,,,,163.0,,,52.0,62.2,False
729,LLOYDSENT,2026-09-30,79.23,66.34,75.51,19.43,True,True,True,True,62.95,1.45,84.7,40.69,-6.46,94.72,85,APPROACHING 52W HIGH,within 10% of 52W high; above 200DMA; above 50DMA; 200DMA rising; healthy RSI; volume confirmation,,,,0,0,NOT A RECOVERY,False,,96.4,2025-07-04,-17.81,False,False,50,ABOVE 200DMA,above 200DMA; above 50DMA; RSI >=50; volume >=1.2x,100,above 200DMA; above 50DMA; 200DMA rising; 50DMA > 200DMA; RSI >=50; volume >=1.2x,False,84.75,86.08,8.65,71.31,0.86,HIGH LEVEL,139.19643,2.8119473,0.56,32.0,119005577216.0,,,14.411001,5.647,14.694,,,,70.19999999999999,-62.6,-62.6,28.0,62.05,False
861,SUNTV,2026-09-30,605.0,539.19,484.11,12.21,True,True,False,False,82.92,12.27,663.9,447.2,-8.87,35.29,65,APPROACHING 52W HIGH,within 10% of 52W high; above 200DMA; above 50DMA; volume confirmation,,,,0,0,NOT A RECOVERY,False,,660.7,2026-04-20,-8.43,False,False,50,ABOVE 200DMA,above 200DMA; above 50DMA; RSI >=50; volume >=1.2x,65,above 200DMA; above 50DMA; RSI >=50; volume >=1.2x,False,62.0,663.18,9.62,544.5,0.96,HIGH LEVEL,,,,,,,,,,,,,,,,,,62.0,False
862,STARTECK,2026-09-30,306.95,263.32,257.63,16.57,True,True,False,False,64.76,1.68,350.0,215.1,-12.3,42.7,65,NORMAL,within 15% of 52W high; above 200DMA; above 50DMA; healthy RSI; volume confirmation,,,,0,0,NOT A RECOVERY,False,,349.95,2026-01-02,-12.29,False,False,50,ABOVE 200DMA,above 200DMA; above 50DMA; RSI >=50; volume >=1.2x,65,above 200DMA; above 50DMA; RSI >=50; volume >=1.2x,False,62.0,354.86,15.61,276.26,1.56,ABOVE 200DMA,,,,,,,,,,,,,,,,,,62.0,False
210,ASHIANA,2026-09-30,386.0,342.31,371.64,12.76,True,True,True,True,58.27,0.39,435.9,269.45,-11.45,43.25,65,NORMAL,within 15% of 52W high; above 200DMA; above 50DMA; 200DMA rising; healthy RSI,,,,0,0,NOT A RECOVERY,False,,362.75,2026-02-12,6.41,True,False,90,PRIOR HIGH BREAKOUT,above prior high; above 200DMA; above 50DMA; RSI >=50,85,above 200DMA; above 50DMA; 200DMA rising; 50DMA > 200DMA; RSI >=50,False,79.0,419.44,8.66,347.4,0.87,PRIOR HIGH BREAKOUT,32.237617,4.239029,11.91,65.0,38596517888.0,14.333999,,3.9739999999999998,12.347999,35.119,1.309,0.257,,-63.3,3.8,3.8,36.0,61.8,False
215,IL&FSENGG,2026-09-30,38.57,29.07,36.43,32.69,True,True,True,True,51.4,0.33,43.8,21.0,-11.94,83.67,65,NORMAL,within 15% of 52W high; above 200DMA; above 50DMA; 200DMA rising; healthy RSI,,,,0,0,NOT A RECOVERY,False,,34.0,2025-09-18,13.44,True,False,90,PRIOR HIGH BREAKOUT,above prior high; above 200DMA; above 50DMA; RSI >=50,85,above 200DMA; above 50DMA; 200DMA rising; 50DMA > 200DMA; RSI >=50,False,79.0,42.94,11.32,34.71,1.13,PRIOR HIGH BREAKOUT,47.641975,-0.15862577,0.81,,5059962368.0,,,68.70200600000001,0.7080000000000001,,0.137,0.126,,-70.8,37.2,37.2,36.0,61.8,False
293,ASIANENE,2026-09-30,471.85,344.01,457.8,37.16,True,True,True,True,46.48,0.49,565.7,230.0,-16.59,105.15,45,NORMAL,above 200DMA; above 50DMA; 200DMA rising,,,,0,0,NOT A RECOVERY,False,,391.65,2025-09-03,20.48,True,False,80,PRIOR HIGH BREAKOUT,above prior high; above 200DMA; above 50DMA,75,above 200DMA; above 50DMA; 200DMA rising; 50DMA > 200DMA,False,65.5,525.93,11.46,424.67,1.15,PRIOR HIGH BREAKOUT,37.043648,4.227731,12.6,26.0,22680025088.0,,,6.182,6.079,32.051,,,,135.1,102.4,102.4,56.0,61.7,False
315,HSCL,2026-09-30,677.8,584.16,707.03,16.03,True,False,True,True,50.3,0.91,819.5,418.5,-17.29,61.96,40,NORMAL,above 200DMA; 200DMA rising; healthy RSI,,,,0,0,NOT A RECOVERY,False,,527.9,2025-07-24,28.4,True,False,80,PRIOR HIGH BREAKOUT,above prior high; above 200DMA; RSI >=50,70,above 200DMA; 200DMA rising; 50DMA > 200DMA; RSI >=50,False,61.5,709.96,4.74,610.02,0.47,PRIOR HIGH BREAKOUT,41.75455,7.1302233,15.93,12.0,335617523712.0,,,20.380000000000003,16.066,16.169,,,,28.000000000000004,24.7,24.7,62.0,61.7,False
316,NGLFINE,2026-09-30,2909.5,2463.69,3005.2,18.09,True,False,True,True,52.88,0.33,3602.0,1271.0,-19.23,128.91,40,NORMAL,above 200DMA; 200DMA rising; healthy RSI,,,,0,0,NOT A RECOVERY,False,,2077.45,2024-12-20,40.05,True,False,80,PRIOR HIGH BREAKOUT,above prior high; above 200DMA; RSI >=50,70,above 200DMA; 200DMA rising; 50DMA > 200DMA; RSI >=50,False,61.5,3205.91,10.19,2618.55,1.02,PRIOR HIGH BREAKOUT,31.505226,5.4867725,92.81,6.0,18064541696.0,,,12.958998999999999,10.689,37.232,,,,33.6,99.1,99.1,62.0,61.7,False
259,RADICO,2026-09-30,4366.0,3534.74,4482.36,23.52,True,False,True,True,44.45,1.72,4747.0,2500.0,-8.03,74.64,60,APPROACHING 52W HIGH,within 10% of 52W high; above 200DMA; 200DMA rising; volume confirmation,,,,0,0,NOT A RECOVERY,False,,3591.9,2025-11-20,21.55,True,False,80,PRIOR HIGH BREAKOUT,above prior high; above 200DMA; volume >=1.2x,75,above 200DMA; 200DMA rising; 50DMA > 200DMA; volume >=1.2x,False,70.75,4600.46,5.37,3929.4,0.54,PRIOR HIGH BREAKOUT,80.85878,17.110136,52.4,21.0,567711694848.0,,,18.275,11.297,15.033,,,,11.799999999999999,76.0,76.0,48.0,61.65,False
260,APOLLOHOSP,2026-09-30,8165.5,8041.15,8816.86,1.55,True,False,True,True,30.27,5.25,9070.5,6696.5,-9.98,21.94,60,APPROACHING 52W HIGH,within 10% of 52W high; above 200DMA; 200DMA rising; volume confirmation,2026-03-30,7150.5,14.19,80,80,STRONG RETEST,True,at/above 200DMA; moving toward 200DMA; recovery >=10%; volume >=1.2x,8099.5,2025-10-23,0.81,True,False,80,PRIOR HIGH BREAKOUT,above prior high; above 200DMA; volume >=1.2x,75,above 200DMA; 200DMA rising; 50DMA > 200DMA; volume >=1.2x,False,70.75,8536.36,4.54,7348.95,0.45,PRIOR HIGH BREAKOUT,55.95803,12.336082,145.35,24.0,1169472487424.0,,,12.167,7.906000000000001,85.146,,,,20.599999999999998,34.1,34.1,48.0,61.65,False
73,KIRLOSENG,2026-09-30,2304.2,1748.09,2159.28,31.81,True,True,True,True,58.03,2.48,2720.0,865.55,-15.29,166.21,65,NORMAL,above 200DMA; above 50DMA; 200DMA rising; healthy RSI; volume confirmation,,,,0,0,NOT A RECOVERY,False,,1120.35,2024-12-17,105.67,True,False,100,PRIOR HIGH BREAKOUT,above prior high; above 200DMA; above 50DMA; RSI >=50; volume >=1.2x,100,above 200DMA; above 50DMA; 200DMA rising; 50DMA > 200DMA; RSI >=50; volume >=1.2x,False,87.75,2529.14,9.76,2073.78,0.98,PRIOR HIGH BREAKOUT,60.077682,9.004404,37.33,30.0,326461358080.0,,,12.594,6.868,154.864,,,,13.4,-19.900000000000002,-19.900000000000002,22.0,61.45,False
212,HFCL,2026-09-30,227.02,142.38,220.21,59.44,True,True,True,True,53.27,0.57,256.7,59.82,-11.56,279.51,65,NORMAL,within 15% of 52W high; above 200DMA; above 50DMA; 200DMA rising; healthy RSI,,,,0,0,NOT A RECOVERY,False,,88.43,2025-06-26,156.72,True,False,90,PRIOR HIGH BREAKOUT,above prior high; above 200DMA; above 50DMA; RSI >=50,85,above 200DMA; above 50DMA; 200DMA rising; 50DMA > 200DMA; RSI >=50,False,79.0,247.17,8.88,204.32,0.89,PRIOR HIGH BREAKOUT,62.072918,7.1896963,3.84,9.0,364753649664.0,,,18.948999,9.554,38.321,,,,119.9,,,35.0,61.4,False
415,JYOTICNC,2026-09-30,1039.85,827.09,944.38,25.72,True,True,True,True,54.79,0.33,1134.6,580.1,-8.35,79.25,75,APPROACHING 52W HIGH,within 10% of 52W high; above 200DMA; above 50DMA; 200DMA rising; healthy RSI,,,,0,0,NOT A RECOVERY,False,,1055.9,2025-11-24,-1.52,False,True,75,NEAR PRIOR HIGH,within 5% of prior high; above 200DMA; above 50DMA; RSI >=50,85,above 200DMA; above 50DMA; 200DMA rising; 50DMA > 200DMA; RSI >=50,False,79.5,1130.99,8.76,935.86,0.88,NEAR PRIOR HIGH,72.99151,11.73561,14.14,,234723377152.0,,,18.441999,14.681,42.609,,,,24.0,-20.1,-20.1,34.0,61.3,False
353,NAM-INDIA,2026-09-30,1070.0,1034.75,1170.26,3.41,True,False,True,True,33.27,0.75,1269.5,795.8,-15.71,34.46,30,NORMAL,above 200DMA; 200DMA rising,,,,0,0,NOT A RECOVERY,False,,1009.0,2026-02-03,6.05,True,False,70,PRIOR HIGH BREAKOUT,above prior high; above 200DMA,60,above 200DMA; 200DMA rising; 50DMA > 200DMA,False,51.5,1132.79,5.87,963.0,0.59,PRIOR HIGH BREAKOUT,41.425743,14.326019,25.25,200.99999999999997,669483925504.0,,,71.078,52.507996999999996,1.617,,,,24.5,26.400000000000002,26.400000000000002,76.0,61.3,False
360,CENTENKA,2026-09-30,554.6,487.71,578.68,13.71,True,False,True,True,44.25,0.17,671.65,371.2,-17.43,49.41,30,NORMAL,above 200DMA; 200DMA rising,,,,0,0,NOT A RECOVERY,False,,520.6,2025-09-04,6.53,True,False,70,PRIOR HIGH BREAKOUT,above prior high; above 200DMA,60,above 200DMA; 200DMA rising; 50DMA > 200DMA,False,51.5,590.69,6.51,499.14,0.65,PRIOR HIGH BREAKOUT,7.9875236,0.78559,67.33,198.0,11751245824.0,,,12.864999999999998,7.920000000000001,1.482,,,,38.0,301.1,301.1,76.0,61.3,False
473,SURYALAXMI,2026-09-30,58.8,57.5,58.19,2.26,True,True,False,True,53.82,1.89,67.7,43.0,-13.15,36.74,65,NORMAL,within 15% of 52W high; above 200DMA; above 50DMA; healthy RSI; volume confirmation,2026-09-24,55.21,6.5,80,80,STRONG RETEST,True,at/above 200DMA; recovery >=5%; above 50DMA; volume >=1.2x; RSI >=50,67.7,2026-06-24,-13.15,False,False,50,ABOVE 200DMA,above 200DMA; above 50DMA; RSI >=50; volume >=1.2x,80,above 200DMA; above 50DMA; 50DMA > 200DMA; RSI >=50; volume >=1.2x,False,68.75,64.37,9.47,52.92,0.95,200DMA RECOVERY,26.323942,0.38689244,2.13,,1054412608.0,,,6.271,0.50199996,111.042,,,,2.1999999999999997,61.1,61.1,50.0,61.25,False
450,CARYSIL,2026-09-30,1036.1,1001.47,1143.73,3.46,True,False,True,True,35.88,1.58,1280.9,732.1,-19.11,41.52,40,NORMAL,above 200DMA; 200DMA rising; volume confirmation,,,,0,0,NOT A RECOVERY,False,,1071.9,2025-11-12,-3.34,False,True,65,NEAR PRIOR HIGH,within 5% of prior high; above 200DMA; volume >=1.2x,75,above 200DMA; 200DMA rising; 50DMA > 200DMA; volume >=1.2x,False,60.75,1109.56,7.09,932.49,0.71,NEAR PRIOR HIGH,27.853909,4.8883424,37.51,28.999999999999996,29716836352.0,,,16.339001,11.135,45.99,,,,15.5,37.6,37.6,62.0,61.25,False
478,GAIL,2026-09-30,170.55,166.22,173.75,2.6,True,False,True,True,43.39,1.97,186.87,134.36,-8.73,26.94,60,APPROACHING 52W HIGH,within 10% of 52W high; above 200DMA; 200DMA rising; volume confirmation,2026-06-11,165.01,3.36,65,65,RECOVERY WATCH,True,at/above 200DMA; moving toward 200DMA; above breakdown low; volume >=1.2x,186.87,2025-11-27,-8.73,False,False,30,ABOVE 200DMA,above 200DMA; volume >=1.2x,75,above 200DMA; 200DMA rising; 50DMA > 200DMA; volume >=1.2x,False,60.75,175.81,3.08,153.5,0.31,200DMA RECOVERY,11.391883,1.2631595,15.03,322.0,1125785141248.0,,,14.834,6.6979999999999995,27.809,,,,16.7,97.2,97.2,62.0,61.25,False
291,HAPPYFORGE,2026-09-30,2067.2,1489.71,2058.76,38.77,True,True,True,True,45.36,0.82,2470.0,888.75,-16.31,132.6,45,NORMAL,above 200DMA; above 50DMA; 200DMA rising,,,,0,0,NOT A RECOVERY,False,,1069.0,2025-01-31,93.38,True,False,80,PRIOR HIGH BREAKOUT,above prior high; above 200DMA; above 50DMA,75,above 200DMA; above 50DMA; 200DMA rising; 50DMA > 200DMA,False,65.5,2212.91,7.05,1860.48,0.7,PRIOR HIGH BREAKOUT,57.693638,8.883421,34.73,19.0,189151559680.0,,,25.502999999999997,19.940001,15.489,,,,27.0,39.1,39.1,54.0,60.9,False
863,ANANDRATHI,2026-09-30,2120.0,1808.45,2152.76,17.23,True,False,True,True,40.56,1.61,2268.4,1353.85,-6.54,56.59,60,APPROACHING 52W HIGH,within 10% of 52W high; above 200DMA; 200DMA rising; volume confirmation,,,,0,0,NOT A RECOVERY,False,,,,,False,False,30,ABOVE 200DMA,above 200DMA; volume >=1.2x,75,above 200DMA; 200DMA rising; 50DMA > 200DMA; volume >=1.2x,False,60.75,2230.5,5.21,1908.0,0.52,HIGH LEVEL,,,,,,,,,,,,,,,,,,60.75,False
864,NAVINFLUOR,2026-09-30,8245.0,7026.19,8252.84,17.35,True,False,True,True,44.82,1.35,8949.5,4498.5,-7.87,83.28,60,APPROACHING 52W HIGH,within 10% of 52W high; above 200DMA; 200DMA rising; volume confirmation,,,,0,0,NOT A RECOVERY,False,,,,,False,False,30,ABOVE 200DMA,above 200DMA; volume >=1.2x,75,above 200DMA; 200DMA rising; 50DMA > 200DMA; volume >=1.2x,False,60.75,8678.86,5.26,7420.5,0.53,HIGH LEVEL,,,,,,,,,,,,,,,,,,60.75,False
865,GLENMARK,2026-09-30,2334.7,2206.38,2355.66,5.82,True,False,True,True,43.46,2.4,2537.6,1792.6,-8.0,30.24,60,APPROACHING 52W HIGH,within 10% of 52W high; above 200DMA; 200DMA rising; volume confirmation,,,,0,0,NOT A RECOVERY,False,,,,,False,False,30,ABOVE 200DMA,above 200DMA; volume >=1.2x,75,above 200DMA; 200DMA rising; 50DMA > 200DMA; volume >=1.2x,False,60.75,2463.44,5.51,2101.23,0.55,HIGH LEVEL,,,,,,,,,,,,,,,,,,60.75,False
866,HAL,2026-09-30,4668.0,4411.04,4820.89,5.83,True,False,True,True,42.45,1.48,5149.9,3479.1,-9.36,34.17,60,APPROACHING 52W HIGH,within 10% of 52W high; above 200DMA; 200DMA rising; volume confirmation,,,,0,0,NOT A RECOVERY,False,,4978.0,2025-10-17,-6.23,False,False,30,ABOVE 200DMA,above 200DMA; volume >=1.2x,75,above 200DMA; 200DMA rising; 50DMA > 200DMA; volume >=1.2x,False,60.75,4875.64,4.45,4201.2,0.44,HIGH LEVEL,,,,,,,,,,,,,,,,,,60.75,False
867,KARURVYSYA,2026-09-30,324.8,302.15,336.51,7.49,True,False,True,True,44.48,2.1,358.65,208.1,-9.44,56.08,60,APPROACHING 52W HIGH,within 10% of 52W high; above 200DMA; 200DMA rising; volume confirmation,,,,0,0,NOT A RECOVERY,False,,,,,False,False,30,ABOVE 200DMA,above 200DMA; volume >=1.2x,75,above 200DMA; 200DMA rising; 50DMA > 200DMA; volume >=1.2x,False,60.75,343.5,5.76,292.32,0.58,HIGH LEVEL,,,,,,,,,,,,,,,,,,60.75,False
131,VARROC,2026-09-30,862.95,627.94,804.7,37.43,True,True,True,True,57.14,0.81,912.2,462.0,-5.4,86.79,75,APPROACHING 52W HIGH,within 10% of 52W high; above 200DMA; above 50DMA; 200DMA rising; healthy RSI,,,,0,0,NOT A RECOVERY,False,,694.7,2025-12-01,24.22,True,False,90,PRIOR HIGH BREAKOUT,above prior high; above 200DMA; above 50DMA; RSI >=50,85,above 200DMA; above 50DMA; 200DMA rising; 50DMA > 200DMA; RSI >=50,False,82.5,927.34,7.46,776.66,0.75,PRIOR HIGH BREAKOUT,64.18856,7.122949,12.94,17.0,126915117056.0,,,5.2550003,2.0769998000000003,50.855,,,,29.9,-26.5,-26.5,28.0,60.7,False
306,HNDFDS,2026-09-30,574.75,535.92,607.58,7.25,True,False,True,True,34.09,1.47,677.75,442.0,-15.2,30.03,40,NORMAL,above 200DMA; 200DMA rising; volume confirmation,,,,0,0,NOT A RECOVERY,False,,564.3,2025-11-24,1.85,True,False,80,PRIOR HIGH BREAKOUT,above prior high; above 200DMA; volume >=1.2x,75,above 200DMA; 200DMA rising; 50DMA > 200DMA; volume >=1.2x,False,63.75,610.86,6.28,517.27,0.63,PRIOR HIGH BREAKOUT,43.662613,5.974277,13.16,,69704146944.0,,,6.1739996,3.599,93.406,,,,20.7,31.2,31.2,56.0,60.65,False
262,SAILIFE,2026-09-30,1524.5,1147.16,1478.69,32.89,True,True,True,True,46.08,0.82,1697.0,783.85,-10.16,94.49,55,NORMAL,within 15% of 52W high; above 200DMA; above 50DMA; 200DMA rising,,,,0,0,NOT A RECOVERY,False,,983.35,2026-01-07,55.03,True,False,80,PRIOR HIGH BREAKOUT,above prior high; above 200DMA; above 50DMA,75,above 200DMA; above 50DMA; 200DMA rising; 50DMA > 200DMA,False,69.0,1613.54,5.84,1372.05,0.58,PRIOR HIGH BREAKOUT,90.28705,13.119945,17.07,,327378927616.0,,,18.414,16.075,11.614,,,,11.700000000000001,20.8,20.8,48.0,60.6,False
266,ENTERO,2026-09-30,1708.9,1252.62,1563.12,36.43,True,True,True,True,48.58,0.34,1920.0,944.0,-10.99,81.03,55,NORMAL,within 15% of 52W high; above 200DMA; above 50DMA; 200DMA rising,,,,0,0,NOT A RECOVERY,False,,1390.0,2026-05-25,22.94,True,False,80,PRIOR HIGH BREAKOUT,above prior high; above 200DMA; above 50DMA,75,above 200DMA; above 50DMA; 200DMA rising; 50DMA > 200DMA,False,69.0,1870.94,9.48,1538.01,0.95,PRIOR HIGH BREAKOUT,58.544064,4.3309655,28.71,,73153585152.0,,,4.364,1.7590000000000001,38.638,,,,38.2,37.3,37.3,48.0,60.6,False
267,ARTEMISMED,2026-10-01,336.4,269.84,322.78,24.67,True,True,True,True,49.88,0.54,378.8,203.35,-11.19,65.43,55,NORMAL,within 15% of 52W high; above 200DMA; above 50DMA; 200DMA rising,,,,0,0,NOT A RECOVERY,False,,297.5,2025-11-18,13.08,True,False,80,PRIOR HIGH BREAKOUT,above prior high; above 200DMA; above 50DMA,75,above 200DMA; above 50DMA; 200DMA rising; 50DMA > 200DMA,False,69.0,371.79,10.52,302.76,1.05,PRIOR HIGH BREAKOUT,146.89957,5.6973495,2.29,,,,,15.215,10.2060005,27.805,,,,12.7,46.7,46.7,48.0,60.6,False
797,SVLL,2026-09-30,805.8,666.51,783.05,20.9,True,True,True,True,50.19,0.34,897.45,445.15,-10.21,81.02,65,NORMAL,within 15% of 52W high; above 200DMA; above 50DMA; 200DMA rising; healthy RSI,,,,0,0,NOT A RECOVERY,False,,855.7,2025-06-10,-5.83,False,False,40,ABOVE 200DMA,above 200DMA; above 50DMA; RSI >=50,85,above 200DMA; above 50DMA; 200DMA rising; 50DMA > 200DMA; RSI >=50,False,69.0,881.39,9.38,725.22,0.94,ABOVE 200DMA,126.895164,22.682062,6.2,,9042668544.0,,,13.477,2.996,509.488,,,,30.2,74.1,74.1,48.0,60.6,False
356,APCOTEXIND,2026-09-30,595.6,469.45,611.75,26.87,True,False,True,True,46.09,0.37,712.0,310.45,-16.35,91.85,30,NORMAL,above 200DMA; 200DMA rising,,,,0,0,NOT A RECOVERY,False,,444.0,2025-07-30,34.14,True,False,70,PRIOR HIGH BREAKOUT,above prior high; above 200DMA,60,above 200DMA; 200DMA rising; 50DMA > 200DMA,False,51.5,636.16,6.81,536.04,0.68,PRIOR HIGH BREAKOUT,19.081697,4.952913,31.09,134.0,30757021696.0,,,19.784,10.128999499999999,15.522,,,,39.900000000000006,311.6,311.6,74.0,60.5,False
373,AEROENTER,2026-09-30,124.0,102.6,130.98,20.86,True,False,True,True,44.62,0.24,159.6,62.2,-22.31,99.36,30,NORMAL,above 200DMA; 200DMA rising,,,,0,0,NOT A RECOVERY,False,,113.9,2025-07-17,8.87,True,False,70,PRIOR HIGH BREAKOUT,above prior high; above 200DMA,60,above 200DMA; 200DMA rising; 50DMA > 200DMA,False,51.5,138.94,12.05,111.6,1.2,PRIOR HIGH BREAKOUT,9.160781,1.6714876,13.31,32.0,13798111232.0,,,45.742,16.426,4.218,,,,147.70000000000002,847.8,847.8,74.0,60.5,False
775,CARBORUNIV,2026-09-30,1252.5,977.29,1121.49,28.16,True,True,True,True,61.91,0.77,1368.9,735.2,-8.5,70.36,75,APPROACHING 52W HIGH,within 10% of 52W high; above 200DMA; above 50DMA; 200DMA rising; healthy RSI,,,,0,0,NOT A RECOVERY,False,,,,,False,False,40,ABOVE 200DMA,above 200DMA; above 50DMA; RSI >=50,85,above 200DMA; above 50DMA; 200DMA rising; 50DMA > 200DMA; RSI >=50,False,72.5,1368.96,9.3,1127.25,0.93,HIGH LEVEL,112.49545,6.055499,11.02,32.0,236169510912.0,,,6.75,3.849,10.292,,,,19.400000000000002,23.5,23.5,42.0,60.3,False
337,SJS,2026-09-30,2258.0,1988.59,2396.17,13.55,True,False,True,True,43.14,0.57,2590.0,1418.1,-12.82,59.23,40,NORMAL,within 15% of 52W high; above 200DMA; 200DMA rising,,,,0,0,NOT A RECOVERY,False,,1930.0,2026-02-19,16.99,True,False,70,PRIOR HIGH BREAKOUT,above prior high; above 200DMA,60,above 200DMA; 200DMA rising; 50DMA > 200DMA,False,55.0,2414.57,6.93,2032.2,0.69,PRIOR HIGH BREAKOUT,33.212364,7.962719,65.03,16.0,69652529152.0,,,24.105999999999998,20.897,2.639,,,,24.5,111.4,111.4,68.0,60.2,False
338,SPORTKING,2026-09-30,210.5,153.41,213.16,37.22,True,False,True,True,48.65,0.45,241.51,78.17,-12.84,169.28,40,NORMAL,within 15% of 52W high; above 200DMA; 200DMA rising,,,,0,0,NOT A RECOVERY,False,,140.0,2025-07-23,50.36,True,False,70,PRIOR HIGH BREAKOUT,above prior high; above 200DMA,60,above 200DMA; 200DMA rising; 50DMA > 200DMA,False,55.0,227.94,8.28,189.45,0.83,PRIOR HIGH BREAKOUT,16.433413,2.401013,12.69,48.0,26541002752.0,,,15.437999999999999,6.183000000000001,42.272,,,,20.1,115.9,115.9,68.0,60.2,False
344,GAEL,2026-09-30,160.21,151.29,167.31,5.9,True,False,True,True,45.05,0.47,184.99,101.2,-13.4,58.31,40,NORMAL,within 15% of 52W high; above 200DMA; 200DMA rising,,,,0,0,NOT A RECOVERY,False,,130.75,2025-04-24,22.53,True,False,70,PRIOR HIGH BREAKOUT,above prior high; above 200DMA,60,above 200DMA; 200DMA rising; 50DMA > 200DMA,False,55.0,170.54,6.45,144.19,0.65,PRIOR HIGH BREAKOUT,17.38589,2.1952918,9.07,19.0,72327774208.0,,,12.458,6.898,13.384,,,,23.5,171.1,171.1,68.0,60.2,False
786,TEXRAIL,2026-09-30,131.73,111.65,112.57,17.99,True,True,False,True,70.49,4.24,143.1,78.05,-7.95,68.78,75,APPROACHING 52W HIGH,within 10% of 52W high; above 200DMA; above 50DMA; healthy RSI; volume confirmation,,,,0,0,NOT A RECOVERY,False,,142.6,2025-12-29,-7.62,False,False,50,ABOVE 200DMA,above 200DMA; above 50DMA; RSI >=50; volume >=1.2x,80,above 200DMA; above 50DMA; 50DMA > 200DMA; RSI >=50; volume >=1.2x,False,72.25,142.58,8.24,118.56,0.82,HIGH LEVEL,23.845863,2.1705506,5.32,56.99999999999999,51614838784.0,,,5.9019998,5.095000000000001,37.094,,,,-16.900000000000002,68.5,68.5,42.0,60.15,False
318,USHAMART,2026-09-30,498.65,463.72,502.88,7.53,True,False,True,True,46.27,0.77,542.6,380.0,-8.1,31.22,50,APPROACHING 52W HIGH,within 10% of 52W high; above 200DMA; 200DMA rising,,,,0,0,NOT A RECOVERY,False,,497.1,2025-11-10,0.31,True,False,70,PRIOR HIGH BREAKOUT,above prior high; above 200DMA,60,above 200DMA; 200DMA rising; 50DMA > 200DMA,False,58.5,531.89,6.67,448.78,0.67,PRIOR HIGH BREAKOUT,28.17765,4.5379877,17.45,75.0,149673623552.0,,,16.892,13.215,6.922,,,,16.400000000000002,40.8,40.8,62.0,59.9,False
319,GRANULES,2026-09-30,846.55,720.59,855.1,17.48,True,False,True,True,45.82,0.55,923.65,510.9,-8.35,65.7,50,APPROACHING 52W HIGH,within 10% of 52W high; above 200DMA; 200DMA rising,,,,0,0,NOT A RECOVERY,False,,621.1,2025-01-07,36.3,True,False,70,PRIOR HIGH BREAKOUT,above prior high; above 200DMA,60,above 200DMA; 200DMA rising; 50DMA > 200DMA,False,58.5,901.99,6.55,761.89,0.65,PRIOR HIGH BREAKOUT,30.52563,4.0044737,26.92,21.0,224156827648.0,,,17.556,11.76,29.735,,,,22.0,53.400000000000006,53.400000000000006,62.0,59.9,False
412,WINDLAS,2026-09-30,1091.3,855.22,1000.93,27.6,True,True,True,True,54.75,0.49,1181.9,697.4,-7.67,56.48,75,APPROACHING 52W HIGH,within 10% of 52W high; above 200DMA; above 50DMA; 200DMA rising; healthy RSI,,,,0,0,NOT A RECOVERY,False,,1097.9,2025-08-19,-0.6,False,True,75,NEAR PRIOR HIGH,within 5% of prior high; above 200DMA; above 50DMA; RSI >=50,85,above 200DMA; above 50DMA; 200DMA rising; 50DMA > 200DMA; RSI >=50,False,79.5,1174.54,7.63,982.17,0.76,NEAR PRIOR HIGH,34.64789,3.9331827,31.24,57.99999999999999,22336653312.0,,,7.849,7.053,6.067,,,,18.099999999999998,-0.2,-0.2,30.0,59.7,False
284,TITAN,2026-09-30,4587.0,4412.91,4958.0,3.94,True,False,True,True,29.14,1.58,5186.7,3351.0,-11.56,36.88,50,NORMAL,within 15% of 52W high; above 200DMA; 200DMA rising; volume confirmation,,,,0,0,NOT A RECOVERY,False,,3740.0,2025-09-04,22.65,True,False,80,PRIOR HIGH BREAKOUT,above prior high; above 200DMA; volume >=1.2x,75,above 200DMA; 200DMA rising; 50DMA > 200DMA; volume >=1.2x,False,67.25,4768.36,3.95,4128.3,0.4,PRIOR HIGH BREAKOUT,69.81602,25.530027,64.68,33.0,4006836436992.0,,,12.333999599999999,6.2319998000000005,195.001,,,,29.299999999999997,62.8,62.8,48.0,59.55,False
496,RAMCOIND,2026-09-30,307.6,307.17,332.9,0.14,True,False,True,True,35.07,1.97,395.5,230.65,-22.23,33.36,40,NORMAL,above 200DMA; 200DMA rising; volume confirmation,2026-05-29,274.75,11.96,80,80,STRONG RETEST,True,at/above 200DMA; moving toward 200DMA; recovery >=10%; volume >=1.2x,398.05,2025-09-22,-22.72,False,False,30,ABOVE 200DMA,above 200DMA; volume >=1.2x,75,above 200DMA; 200DMA rising; 50DMA > 200DMA; volume >=1.2x,False,53.75,329.49,7.12,276.84,0.71,200DMA RECOVERY,8.003706,0.58054566,37.77,41.0,26252201984.0,,,16.131,17.376,3.792,,,,17.299999999999997,31.900000000000002,31.900000000000002,68.0,59.45,False
497,RPPL,2026-09-30,18.97,18.78,22.11,1.04,True,False,True,True,36.72,1.31,26.97,14.25,-29.66,33.12,40,NORMAL,above 200DMA; 200DMA rising; volume confirmation,2026-06-05,16.95,11.92,80,80,STRONG RETEST,True,at/above 200DMA; moving toward 200DMA; recovery >=10%; volume >=1.2x,25.5,2025-09-17,-25.61,False,False,30,ABOVE 200DMA,above 200DMA; volume >=1.2x,75,above 200DMA; 200DMA rising; 50DMA > 200DMA; volume >=1.2x,False,53.75,21.1,11.22,17.07,1.12,200DMA RECOVERY,7.127273,0.80512655,2.75,,1455182464.0,,,9.4569996,5.7930004,68.378,,,,24.7,78.2,78.2,68.0,59.45,False
301,OMAXE,2026-09-30,109.76,85.39,106.81,28.54,True,True,True,True,44.84,0.38,138.89,62.5,-20.97,75.62,45,NORMAL,above 200DMA; above 50DMA; 200DMA rising,,,,0,0,NOT A RECOVERY,False,,93.7,2026-05-08,17.14,True,False,80,PRIOR HIGH BREAKOUT,above prior high; above 200DMA; above 50DMA,75,above 200DMA; above 50DMA; 200DMA rising; 50DMA > 200DMA,False,65.5,122.38,11.5,98.78,1.15,PRIOR HIGH BREAKOUT,,-2.2067595,-27.89,,19977912320.0,,,-0.13799999,-37.043,,,,,43.9,,,50.0,59.3,False
317,MUFIN,2026-09-30,131.51,121.04,133.85,8.65,True,False,True,True,44.45,0.89,141.5,85.13,-7.06,54.48,50,APPROACHING 52W HIGH,within 10% of 52W high; above 200DMA; 200DMA rising,,,,0,0,NOT A RECOVERY,False,,126.34,2025-11-04,4.09,True,False,70,PRIOR HIGH BREAKOUT,above prior high; above 200DMA,60,above 200DMA; 200DMA rising; 50DMA > 200DMA,False,58.5,139.13,5.79,118.36,0.58,PRIOR HIGH BREAKOUT,61.02336,3.9990814,2.14,,25877999616.0,,,57.062999999999995,41.074002,243.19,,,,49.0,268.40000000000003,268.40000000000003,60.0,59.1,False
325,VIJAYA,2026-09-30,1437.7,1199.3,1459.29,19.88,True,False,True,True,42.05,0.53,1593.6,848.0,-9.78,69.54,50,APPROACHING 52W HIGH,within 10% of 52W high; above 200DMA; 200DMA rising,,,,0,0,NOT A RECOVERY,False,,1164.7,2025-07-28,23.44,True,False,70,PRIOR HIGH BREAKOUT,above prior high; above 200DMA,60,above 200DMA; 200DMA rising; 50DMA > 200DMA,False,58.5,1550.86,7.87,1293.93,0.79,PRIOR HIGH BREAKOUT,78.20372,15.344774,18.26,14.000000000000002,147080740864.0,,,31.785000000000004,21.874,44.15,,,,22.8,37.3,37.3,60.0,59.1,False
868,SPLPETRO,2026-09-30,808.2,698.53,759.04,15.7,True,True,True,True,49.95,0.59,899.0,462.3,-10.1,74.82,55,NORMAL,within 15% of 52W high; above 200DMA; above 50DMA; 200DMA rising,,,,0,0,NOT A RECOVERY,False,,979.0,2025-09-29,-17.45,False,False,30,ABOVE 200DMA,above 200DMA; above 50DMA,75,above 200DMA; above 50DMA; 200DMA rising; 50DMA > 200DMA,False,59.0,875.08,8.28,727.38,0.83,ABOVE 200DMA,,,,,,,,,,,,,,,,,,59.0,False
869,STAR,2026-09-30,1120.0,1008.85,1073.96,11.02,True,True,True,True,46.3,1.18,1260.9,768.65,-11.17,45.71,55,NORMAL,within 15% of 52W high; above 200DMA; above 50DMA; 200DMA rising,,,,0,0,NOT A RECOVERY,False,,1231.0,2026-05-12,-9.02,False,False,30,ABOVE 200DMA,above 200DMA; above 50DMA,75,above 200DMA; above 50DMA; 200DMA rising; 50DMA > 200DMA,False,59.0,1209.46,7.99,1008.0,0.8,ABOVE 200DMA,,,,,,,,,,,,,,,,,,59.0,False
870,BHAGYANGR,2026-09-30,411.15,276.36,398.5,48.77,True,True,True,True,49.87,0.44,467.9,92.0,-12.13,346.9,55,NORMAL,within 15% of 52W high; above 200DMA; above 50DMA; 200DMA rising,,,,0,0,NOT A RECOVERY,False,,,,,False,False,30,ABOVE 200DMA,above 200DMA; above 50DMA,75,above 200DMA; above 50DMA; 200DMA rising; 50DMA > 200DMA,False,59.0,459.27,11.7,370.03,1.17,ABOVE 200DMA,,,,,,,,,,,,,,,,,,59.0,False
871,ACUTAAS,2026-09-30,3279.4,2683.91,3261.6,22.19,True,True,True,True,49.7,1.03,3740.0,1302.0,-12.32,151.87,55,NORMAL,within 15% of 52W high; above 200DMA; above 50DMA; 200DMA rising,,,,0,0,NOT A RECOVERY,False,,,,,False,False,30,ABOVE 200DMA,above 200DMA; above 50DMA,75,above 200DMA; above 50DMA; 200DMA rising; 50DMA > 200DMA,False,59.0,3531.79,7.7,2951.46,0.77,ABOVE 200DMA,,,,,,,,,,,,,,,,,,59.0,False
872,BEML,2026-09-30,1992.4,1789.56,1932.79,11.33,True,True,True,True,48.38,0.48,2275.75,1355.0,-12.45,47.04,55,NORMAL,within 15% of 52W high; above 200DMA; above 50DMA; 200DMA rising,,,,0,0,NOT A RECOVERY,False,,2268.0,2025-10-30,-12.15,False,False,30,ABOVE 200DMA,above 200DMA; above 50DMA,75,above 200DMA; above 50DMA; 200DMA rising; 50DMA > 200DMA,False,59.0,2129.34,6.87,1793.16,0.69,ABOVE 200DMA,,,,,,,,,,,,,,,,,,59.0,False
873,GODREJAGRO,2026-09-30,623.55,585.58,611.95,6.48,True,True,True,True,43.49,0.48,720.15,506.1,-13.41,23.21,55,NORMAL,within 15% of 52W high; above 200DMA; above 50DMA; 200DMA rising,,,,0,0,NOT A RECOVERY,False,,656.7,2026-02-13,-5.05,False,False,30,ABOVE 200DMA,above 200DMA; above 50DMA,75,above 200DMA; above 50DMA; 200DMA rising; 50DMA > 200DMA,False,59.0,665.8,6.78,561.19,0.68,ABOVE 200DMA,,,,,,,,,,,,,,,,,,59.0,False
874,COMSYN,2026-09-30,269.7,187.78,268.36,43.62,True,True,True,True,40.76,0.88,315.4,136.44,-14.49,97.67,55,NORMAL,within 15% of 52W high; above 200DMA; above 50DMA; 200DMA rising,,,,0,0,NOT A RECOVERY,False,,,,,False,False,30,ABOVE 200DMA,above 200DMA; above 50DMA,75,above 200DMA; above 50DMA; 200DMA rising; 50DMA > 200DMA,False,59.0,303.72,12.61,242.73,1.26,ABOVE 200DMA,,,,,,,,,,,,,,,,,,59.0,False
875,HINDOILEXP,2026-09-30,171.55,156.72,168.15,9.47,True,True,True,True,46.22,0.1,201.44,117.5,-14.84,46.0,55,NORMAL,within 15% of 52W high; above 200DMA; above 50DMA; 200DMA rising,,,,0,0,NOT A RECOVERY,False,,188.65,2026-06-09,-9.06,False,False,30,ABOVE 200DMA,above 200DMA; above 50DMA,75,above 200DMA; above 50DMA; 200DMA rising; 50DMA > 200DMA,False,59.0,183.81,7.14,154.4,0.71,ABOVE 200DMA,,,,,,,,,,,,,,,,,,59.0,False
876,GULFPETRO,2026-09-30,60.72,41.0,60.71,48.09,True,True,True,True,45.06,0.46,71.4,23.25,-14.96,161.16,55,NORMAL,within 15% of 52W high; above 200DMA; above 50DMA; 200DMA rising,,,,0,0,NOT A RECOVERY,False,,,,,False,False,30,ABOVE 200DMA,above 200DMA; above 50DMA,75,above 200DMA; above 50DMA; 200DMA rising; 50DMA > 200DMA,False,59.0,67.22,10.7,54.65,1.07,ABOVE 200DMA,,,,,,,,,,,,,,,,,,59.0,False
518,ARVSMART,2026-09-30,601.75,590.47,623.99,1.91,True,False,True,True,47.0,0.1,707.85,486.8,-14.99,23.61,40,NORMAL,within 15% of 52W high; above 200DMA; 200DMA rising,2026-09-15,540.35,11.36,70,70,RECOVERY WATCH,True,at/above 200DMA; moving toward 200DMA; recovery >=10%,707.85,2026-08-24,-14.99,False,False,20,ABOVE 200DMA,above 200DMA,60,above 200DMA; 200DMA rising; 50DMA > 200DMA,False,45.0,654.53,8.77,541.58,0.88,200DMA RECOVERY,14.716841,4.010722,40.26,37.0,27176185856.0,,,47.741002,23.626,65.077,,,,212.1,801.2,801.2,80.0,59.0,False
411,SANATHAN,2026-09-30,508.15,437.72,474.13,16.09,True,True,True,True,59.69,0.55,544.3,352.6,-6.64,44.12,75,APPROACHING 52W HIGH,within 10% of 52W high; above 200DMA; above 50DMA; 200DMA rising; healthy RSI,,,,0,0,NOT A RECOVERY,False,,512.0,2026-08-12,-0.75,False,True,75,NEAR PRIOR HIGH,within 5% of prior high; above 200DMA; above 50DMA; RSI >=50,85,above 200DMA; above 50DMA; 200DMA rising; 50DMA > 200DMA; RSI >=50,False,79.5,553.46,8.92,457.33,0.89,NEAR PRIOR HIGH,70.43995,2.2699654,7.16,,42569187328.0,,,5.4959998,1.38,80.77,,,,79.10000000000001,-41.099999999999994,-41.099999999999994,28.0,58.9,False
539,AMBIKCO,2026-09-30,1520.6,1494.66,1642.82,1.74,True,False,True,True,34.02,0.62,1931.0,1101.0,-21.25,38.11,30,NORMAL,above 200DMA; 200DMA rising,2025-09-22,1101.0,38.11,70,70,RECOVERY WATCH,True,at/above 200DMA; moving toward 200DMA; recovery >=10%,1769.9,2025-01-03,-14.09,False,False,20,ABOVE 200DMA,above 200DMA,60,above 200DMA; 200DMA rising; 50DMA > 200DMA,False,41.5,1592.96,4.76,1368.54,0.48,200DMA RECOVERY,10.602732,0.90334433,142.02,243.00000000000003,8620704768.0,,,13.248,9.6049994,,,,,34.300000000000004,61.4,61.4,85.0,58.9,False
443,GRAPHITE,2026-09-30,764.8,677.61,739.25,12.87,True,True,True,True,46.81,0.62,874.35,516.2,-12.53,48.16,55,NORMAL,within 15% of 52W high; above 200DMA; above 50DMA; 200DMA rising,,,,0,0,NOT A RECOVERY,False,,802.4,2026-05-15,-4.69,False,True,65,NEAR PRIOR HIGH,within 5% of prior high; above 200DMA; above 50DMA,75,above 200DMA; above 50DMA; 200DMA rising; 50DMA > 200DMA,False,66.0,826.87,8.12,688.32,0.81,NEAR PRIOR HIGH,71.86015,2.6214964,10.94,92.0,153594527744.0,,,14.371,7.0440000000000005,6.295,,,,26.6,28.4,28.4,48.0,58.8,False
154,BLUSPRING,2026-09-30,141.74,85.11,123.96,66.53,True,True,True,True,59.37,0.3,152.5,43.98,-7.06,222.28,75,APPROACHING 52W HIGH,within 10% of 52W high; above 200DMA; above 50DMA; 200DMA rising; healthy RSI,,,,0,0,NOT A RECOVERY,False,,89.95,2025-09-17,57.58,True,False,90,PRIOR HIGH BREAKOUT,above prior high; above 200DMA; above 50DMA; RSI >=50,85,above 200DMA; above 50DMA; 200DMA rising; 50DMA > 200DMA; RSI >=50,False,82.5,158.26,11.66,127.57,1.17,PRIOR HIGH BREAKOUT,,3.256808,-0.74,,22099402752.0,,,0.709,-0.31299999,18.377,,,,19.1,,,23.0,58.7,False
332,GLAXO,2026-09-30,2769.3,2507.32,2802.6,10.45,True,False,True,True,42.81,0.61,3120.7,2088.1,-11.26,32.62,40,NORMAL,within 15% of 52W high; above 200DMA; 200DMA rising,,,,0,0,NOT A RECOVERY,False,,2723.7,2025-10-28,1.67,True,False,70,PRIOR HIGH BREAKOUT,above prior high; above 200DMA,60,above 200DMA; 200DMA rising; 50DMA > 200DMA,False,55.0,2922.83,5.54,2492.37,0.55,PRIOR HIGH BREAKOUT,43.888187,20.7038,63.14,206.0,469441085440.0,,,29.801,27.008,1.467,,,,16.6,15.7,15.7,64.0,58.6,False
246,ROLLT,2026-09-30,4.98,2.31,3.97,115.36,True,True,True,True,50.87,0.61,6.57,1.07,-24.2,365.42,55,NORMAL,above 200DMA; above 50DMA; 200DMA rising; healthy RSI,,,,0,0,NOT A RECOVERY,False,,2.53,2025-06-02,96.84,True,False,90,PRIOR HIGH BREAKOUT,above prior high; above 200DMA; above 50DMA; RSI >=50,85,above 200DMA; above 50DMA; 200DMA rising; 50DMA > 200DMA; RSI >=50,False,75.5,5.63,12.97,4.48,1.3,PRIOR HIGH BREAKOUT,6.9705877,13.166665,0.68,,1185616128.0,,,0.0,0.0,121.05,,,,,,,33.0,58.5,False
290,NAHARINDUS,2026-09-30,130.13,112.31,127.61,15.87,True,True,True,True,49.32,0.64,154.0,83.05,-15.5,56.69,45,NORMAL,above 200DMA; above 50DMA; 200DMA rising,,,,0,0,NOT A RECOVERY,False,,130.0,2025-09-23,0.1,True,False,80,PRIOR HIGH BREAKOUT,above prior high; above 200DMA; above 50DMA,75,above 200DMA; above 50DMA; 200DMA rising; 50DMA > 200DMA,False,65.5,141.93,9.06,117.12,0.91,PRIOR HIGH BREAKOUT,7.6445246,0.52911717,16.71,,5519080448.0,,,13.600000000000001,5.404,65.369,,,,-18.5,508.4,508.4,48.0,58.5,False
292,MAHASTEEL,2026-09-30,1189.0,921.4,1131.38,29.04,True,True,True,True,49.01,0.25,1421.0,405.5,-16.33,193.22,45,NORMAL,above 200DMA; above 50DMA; 200DMA rising,,,,0,0,NOT A RECOVERY,False,,1050.0,2026-03-12,13.24,True,False,80,PRIOR HIGH BREAKOUT,above prior high; above 200DMA; above 50DMA,75,above 200DMA; above 50DMA; 200DMA rising; 50DMA > 200DMA,False,65.5,1329.03,11.78,1070.1,1.18,PRIOR HIGH BREAKOUT,195.13202,12.225255,6.06,,19433678848.0,,,1.2930000000000001,1.059,36.563,,,,29.299999999999997,22.6,22.6,48.0,58.5,False
877,JHS,2026-09-30,12.45,8.81,8.33,41.27,True,True,False,False,83.95,8.28,13.9,6.26,-10.43,98.88,55,NORMAL,within 15% of 52W high; above 200DMA; above 50DMA; volume confirmation,,,,0,0,NOT A RECOVERY,False,,,,,False,False,50,ABOVE 200DMA,above 200DMA; above 50DMA; RSI >=50; volume >=1.2x,65,above 200DMA; above 50DMA; RSI >=50; volume >=1.2x,False,58.5,14.04,12.78,11.2,1.28,ABOVE 200DMA,,,,,,,,,,,,,,,,,,58.5,False
878,RETAIL,2026-09-30,31.76,20.57,18.0,54.43,True,True,False,False,85.44,1.9,36.99,15.81,-14.14,100.89,55,NORMAL,within 15% of 52W high; above 200DMA; above 50DMA; volume confirmation,,,,0,0,NOT A RECOVERY,False,,44.99,2024-12-27,-29.41,False,False,50,ABOVE 200DMA,above 200DMA; above 50DMA; RSI >=50; volume >=1.2x,65,above 200DMA; above 50DMA; RSI >=50; volume >=1.2x,False,58.5,36.0,13.34,28.58,1.33,ABOVE 200DMA,,,,,,,,,,,,,,,,,,58.5,False
879,AIROLAM,2026-09-30,92.85,89.59,88.21,3.64,True,True,False,False,59.0,1.41,117.5,78.0,-20.98,19.04,55,NORMAL,above 200DMA; above 50DMA; healthy RSI; volume confirmation,,,,0,0,NOT A RECOVERY,False,,111.78,2026-06-25,-16.94,False,False,50,ABOVE 200DMA,above 200DMA; above 50DMA; RSI >=50; volume >=1.2x,65,above 200DMA; above 50DMA; RSI >=50; volume >=1.2x,False,58.5,103.15,11.09,83.56,1.11,ABOVE 200DMA,,,,,,,,,,,,,,,,,,58.5,False
880,ASTEC,2026-09-30,722.75,667.97,644.77,8.2,True,True,False,False,55.19,1.79,941.75,513.4,-23.25,40.78,55,NORMAL,above 200DMA; above 50DMA; healthy RSI; volume confirmation,,,,0,0,NOT A RECOVERY,False,,850.0,2026-05-29,-14.97,False,False,50,ABOVE 200DMA,above 200DMA; above 50DMA; RSI >=50; volume >=1.2x,65,above 200DMA; above 50DMA; RSI >=50; volume >=1.2x,False,58.5,821.29,13.63,650.48,1.36,ABOVE 200DMA,,,,,,,,,,,,,,,,,,58.5,False
881,ESTER,2026-09-30,101.22,93.59,91.58,8.15,True,True,False,False,69.45,15.69,132.45,68.55,-23.58,47.66,55,NORMAL,above 200DMA; above 50DMA; healthy RSI; volume confirmation,,,,0,0,NOT A RECOVERY,False,,109.79,2026-02-19,-7.81,False,False,50,ABOVE 200DMA,above 200DMA; above 50DMA; RSI >=50; volume >=1.2x,65,above 200DMA; above 50DMA; RSI >=50; volume >=1.2x,False,58.5,108.97,7.65,91.1,0.77,ABOVE 200DMA,,,,,,,,,,,,,,,,,,58.5,False
882,REMSONSIND,2026-09-30,113.93,98.78,91.57,15.34,True,True,False,False,66.28,1.6,152.45,75.23,-25.27,51.44,55,NORMAL,above 200DMA; above 50DMA; healthy RSI; volume confirmation,,,,0,0,NOT A RECOVERY,False,,157.0,2025-06-30,-27.43,False,False,50,ABOVE 200DMA,above 200DMA; above 50DMA; RSI >=50; volume >=1.2x,65,above 200DMA; above 50DMA; RSI >=50; volume >=1.2x,False,58.5,131.16,15.13,102.54,1.51,ABOVE 200DMA,,,,,,,,,,,,,,,,,,58.5,False
883,ADL,2026-09-30,77.6,72.17,71.94,7.52,True,True,False,False,63.03,6.39,109.9,50.26,-29.39,54.4,55,NORMAL,above 200DMA; above 50DMA; healthy RSI; volume confirmation,,,,0,0,NOT A RECOVERY,False,,90.9,2025-12-22,-14.63,False,False,50,ABOVE 200DMA,above 200DMA; above 50DMA; RSI >=50; volume >=1.2x,65,above 200DMA; above 50DMA; RSI >=50; volume >=1.2x,False,58.5,89.96,15.92,69.84,1.59,ABOVE 200DMA,,,,,,,,,,,,,,,,,,58.5,False
884,WEWIN,2026-09-30,50.81,47.66,45.19,6.61,True,True,False,False,69.05,4.09,78.0,35.38,-34.86,43.61,55,NORMAL,above 200DMA; above 50DMA; healthy RSI; volume confirmation,,,,0,0,NOT A RECOVERY,False,,78.0,2026-05-11,-34.86,False,False,50,ABOVE 200DMA,above 200DMA; above 50DMA; RSI >=50; volume >=1.2x,65,above 200DMA; above 50DMA; RSI >=50; volume >=1.2x,False,58.5,55.2,8.63,45.73,0.86,ABOVE 200DMA,,,,,,,,,,,,,,,,,,58.5,False
458,VADILALIND,2026-09-30,7253.0,5622.52,7344.8,29.0,True,False,True,True,46.81,0.73,8447.0,3996.0,-14.14,81.51,40,NORMAL,within 15% of 52W high; above 200DMA; 200DMA rising,,,,0,0,NOT A RECOVERY,False,,7398.5,2025-05-14,-1.97,False,True,55,NEAR PRIOR HIGH,within 5% of prior high; above 200DMA,60,above 200DMA; 200DMA rising; 50DMA > 200DMA,False,52.0,7801.14,7.56,6527.7,0.76,NEAR PRIOR HIGH,23.580944,6.0755816,304.78,59.0,51658932224.0,,,22.179002,13.064,26.996,,,,34.4,95.39999999999999,95.39999999999999,68.0,58.4,False
176,TIRUPATIFL,2026-09-30,76.69,50.23,70.76,52.69,True,True,True,True,60.07,1.08,83.9,30.11,-8.59,154.7,75,APPROACHING 52W HIGH,within 10% of 52W high; above 200DMA; above 50DMA; 200DMA rising; healthy RSI,,,,0,0,NOT A RECOVERY,False,,49.5,2025-07-04,54.93,True,False,90,PRIOR HIGH BREAKOUT,above prior high; above 200DMA; above 50DMA; RSI >=50,85,above 200DMA; above 50DMA; 200DMA rising; 50DMA > 200DMA; RSI >=50,False,82.5,82.73,7.87,69.02,0.79,PRIOR HIGH BREAKOUT,159.9149,7.143808,0.47,,9517511680.0,,,5.984,3.627,31.143,,,,18.0,-25.0,-25.0,22.0,58.3,False
231,DHAMPURSUG,2026-09-30,171.42,140.45,162.83,22.05,True,True,True,True,55.34,0.97,199.92,110.0,-14.26,55.84,65,NORMAL,within 15% of 52W high; above 200DMA; above 50DMA; 200DMA rising; healthy RSI,,,,0,0,NOT A RECOVERY,False,,161.96,2025-06-11,5.84,True,False,90,PRIOR HIGH BREAKOUT,above prior high; above 200DMA; above 50DMA; RSI >=50,85,above 200DMA; above 50DMA; 200DMA rising; 50DMA > 200DMA; RSI >=50,False,79.0,186.55,8.83,154.28,0.88,PRIOR HIGH BREAKOUT,15.693579,0.91870934,10.9,233.0,11000270848.0,5.5560004,,13.833,3.309,75.024,1.373,0.414,,-20.8,-5.3,-5.3,27.0,58.2,False
348,SAHYADRI,2026-09-30,346.75,284.02,350.84,22.09,True,False,True,True,42.83,0.48,408.95,200.1,-15.21,73.29,30,NORMAL,above 200DMA; 200DMA rising,,,,0,0,NOT A RECOVERY,False,,339.6,2024-12-12,2.11,True,False,70,PRIOR HIGH BREAKOUT,above prior high; above 200DMA,60,above 200DMA; 200DMA rising; 50DMA > 200DMA,False,51.5,382.34,10.26,312.07,1.03,PRIOR HIGH BREAKOUT,8.699853,0.9586666,40.88,114.99999999999999,3893051648.0,,,12.905,6.192,4.085,,,,20.5,146.1,146.1,68.0,58.1,False
367,NUVAMA,2026-09-30,1652.5,1528.21,1746.92,8.13,True,False,True,True,38.67,0.81,2066.0,1096.9,-20.01,50.65,30,NORMAL,above 200DMA; 200DMA rising,,,,0,0,NOT A RECOVERY,False,,1531.0,2025-12-26,7.94,True,False,70,PRIOR HIGH BREAKOUT,above prior high; above 200DMA,60,above 200DMA; 200DMA rising; 50DMA > 200DMA,False,51.5,1752.97,6.08,1487.25,0.61,PRIOR HIGH BREAKOUT,29.168524,7.5133915,58.33,169.0,313935003648.0,,,37.21,28.107,282.325,,,,22.5,15.6,15.6,68.0,58.1,False
375,GVT&D,2026-09-30,4201.0,4083.42,4316.44,2.88,True,False,True,True,43.46,0.82,5650.0,2523.2,-25.65,66.49,30,NORMAL,above 200DMA; 200DMA rising,2026-01-21,2523.2,66.49,70,70,RECOVERY WATCH,True,at/above 200DMA; moving toward 200DMA; recovery >=10%,3323.8,2025-11-03,26.39,True,False,70,PRIOR HIGH BREAKOUT,above prior high; above 200DMA,60,above 200DMA; 200DMA rising; 50DMA > 200DMA,False,51.5,4459.36,6.15,3780.9,0.61,PRIOR HIGH BREAKOUT,83.674995,40.47506,50.83,24.0,1089017151488.0,,,24.438,19.442,0.892,,,,38.0,24.7,24.7,68.0,58.1,False
435,STEELXIND,2026-09-30,11.42,10.08,11.18,13.31,True,True,True,True,51.12,0.59,13.95,7.0,-18.14,63.14,55,NORMAL,above 200DMA; above 50DMA; 200DMA rising; healthy RSI,,,,0,0,NOT A RECOVERY,False,,11.55,2025-07-30,-1.13,False,True,75,NEAR PRIOR HIGH,within 5% of prior high; above 200DMA; above 50DMA; RSI >=50,85,above 200DMA; above 50DMA; 200DMA rising; 50DMA > 200DMA; RSI >=50,False,72.5,12.69,11.16,10.28,1.12,NEAR PRIOR HIGH,44.88,1.8076366,0.25,,14311317504.0,,,10.386,3.089,54.377,,,,-10.100000000000001,33.300000000000004,33.300000000000004,36.0,57.9,False
782,20MICRONS,2026-09-30,214.59,188.34,206.35,13.94,True,True,True,True,52.99,0.56,237.4,129.61,-9.61,65.57,75,APPROACHING 52W HIGH,within 10% of 52W high; above 200DMA; above 50DMA; 200DMA rising; healthy RSI,,,,0,0,NOT A RECOVERY,False,,237.4,2025-12-26,-9.61,False,False,40,ABOVE 200DMA,above 200DMA; above 50DMA; RSI >=50,85,above 200DMA; above 50DMA; 200DMA rising; 50DMA > 200DMA; RSI >=50,False,72.5,231.41,7.84,193.13,0.78,HIGH LEVEL,10.789172,1.5122397,19.21,57.99999999999999,7313480704.0,,,11.048,7.119000000000001,32.043,,,,-1.0,5.4,5.4,36.0,57.9,False
493,INGERRAND,2026-09-30,4144.0,4060.83,4465.05,2.05,True,False,True,True,32.73,1.38,4955.0,3063.3,-16.37,35.28,40,NORMAL,above 200DMA; 200DMA rising; volume confirmation,2026-06-02,3700.0,12.0,80,80,STRONG RETEST,True,at/above 200DMA; moving toward 200DMA; recovery >=10%; volume >=1.2x,4605.0,2026-05-08,-10.01,False,False,30,ABOVE 200DMA,above 200DMA; volume >=1.2x,75,above 200DMA; 200DMA rising; 50DMA > 200DMA; volume >=1.2x,False,53.75,4379.9,5.69,3729.6,0.57,200DMA RECOVERY,49.19328,21.322258,84.54,181.0,131284992000.0,,,25.123,18.365999,1.468,,,,20.3,19.5,19.5,64.0,57.85,False
788,CYIENT,2026-09-30,1100.7,960.1,980.37,14.64,True,True,False,True,59.75,5.08,1222.0,750.3,-9.93,46.7,75,APPROACHING 52W HIGH,within 10% of 52W high; above 200DMA; above 50DMA; healthy RSI; volume confirmation,,,,0,0,NOT A RECOVERY,False,,,,,False,False,50,ABOVE 200DMA,above 200DMA; above 50DMA; RSI >=50; volume >=1.2x,80,above 200DMA; above 50DMA; 50DMA > 200DMA; RSI >=50; volume >=1.2x,False,72.25,1184.23,7.59,990.63,0.76,HIGH LEVEL,32.44053,2.147707,34.05,291.0,114990669824.0,,,9.014,4.955,7.528,,,,21.3,-32.4,-32.4,36.0,57.75,False
422,PRIMO,2026-09-30,26.64,22.42,22.83,18.82,True,True,True,True,64.88,0.83,29.8,16.1,-10.6,65.47,65,NORMAL,within 15% of 52W high; above 200DMA; above 50DMA; 200DMA rising; healthy RSI,,,,0,0,NOT A RECOVERY,False,,26.9,2026-05-11,-0.97,False,True,75,NEAR PRIOR HIGH,within 5% of prior high; above 200DMA; above 50DMA; RSI >=50,85,above 200DMA; above 50DMA; 200DMA rising; 50DMA > 200DMA; RSI >=50,False,76.0,30.67,15.11,23.98,1.51,NEAR PRIOR HIGH,39.092308,1.5201005,0.65,,6157941248.0,,,8.948,2.8529999999999998,32.291,,,,-1.2,11.799999999999999,11.799999999999999,30.0,57.6,False
324,PRICOLLTD,2026-09-30,747.6,629.83,752.71,18.7,True,False,True,True,46.3,0.92,823.0,499.9,-9.16,49.55,50,APPROACHING 52W HIGH,within 10% of 52W high; above 200DMA; 200DMA rising,,,,0,0,NOT A RECOVERY,False,,694.2,2026-01-05,7.69,True,False,70,PRIOR HIGH BREAKOUT,above prior high; above 200DMA,60,above 200DMA; 200DMA rising; 50DMA > 200DMA,False,58.5,790.57,5.75,672.84,0.57,PRIOR HIGH BREAKOUT,33.416744,7.1338387,21.98,54.0,,,,8.3739996,6.303,30.215,,,,23.5,34.5,34.5,56.0,57.5,False
513,MHLXMIRU,2026-09-30,179.21,174.3,165.6,2.82,True,True,False,False,63.21,0.37,244.65,105.53,-26.75,69.82,45,NORMAL,above 200DMA; above 50DMA; healthy RSI,2026-08-28,146.31,22.49,95,95,STRONG RETEST,True,at/above 200DMA; moving toward 200DMA; recovery >=10%; above 50DMA; RSI >=50,232.0,2025-12-08,-22.75,False,False,40,ABOVE 200DMA,above 200DMA; above 50DMA; RSI >=50,50,above 200DMA; above 50DMA; RSI >=50,False,46.25,194.4,8.48,161.29,0.85,200DMA RECOVERY,8.042279,2.0493963,21.76,,1858548096.0,,,20.013,19.508,12.845,,,,25.900000000000002,29.9,29.9,74.0,57.35,False
885,MEDANTA,2026-09-30,1365.0,1235.44,1436.07,10.49,True,False,True,True,38.48,1.77,1544.0,956.0,-11.59,42.78,50,NORMAL,within 15% of 52W high; above 200DMA; 200DMA rising; volume confirmation,,,,0,0,NOT A RECOVERY,False,,1454.0,2025-09-03,-6.12,False,False,30,ABOVE 200DMA,above 200DMA; volume >=1.2x,75,above 200DMA; 200DMA rising; 50DMA > 200DMA; volume >=1.2x,False,57.25,1461.41,7.06,1228.5,0.71,ABOVE 200DMA,,,,,,,,,,,,,,,,,,57.25,False
886,MARKOLINES,2026-09-30,167.72,162.39,173.34,3.28,True,False,True,True,43.94,1.98,191.75,131.65,-12.53,27.4,50,NORMAL,within 15% of 52W high; above 200DMA; 200DMA rising; volume confirmation,,,,0,0,NOT A RECOVERY,False,,,,,False,False,30,ABOVE 200DMA,above 200DMA; volume >=1.2x,75,above 200DMA; 200DMA rising; 50DMA > 200DMA; volume >=1.2x,False,57.25,178.19,6.24,150.95,0.62,ABOVE 200DMA,,,,,,,,,,,,,,,,,,57.25,False
887,KIMS,2026-09-30,746.4,721.65,785.14,3.43,True,False,True,True,37.52,4.71,858.0,575.8,-13.01,29.63,50,NORMAL,within 15% of 52W high; above 200DMA; 200DMA rising; volume confirmation,,,,0,0,NOT A RECOVERY,False,,798.4,2025-07-24,-6.51,False,False,30,ABOVE 200DMA,above 200DMA; volume >=1.2x,75,above 200DMA; 200DMA rising; 50DMA > 200DMA; volume >=1.2x,False,57.25,792.39,6.16,671.76,0.62,ABOVE 200DMA,,,,,,,,,,,,,,,,,,57.25,False
888,ETERNAL,2026-09-30,320.0,276.25,320.1,15.84,True,False,True,True,44.24,1.57,368.45,212.6,-13.15,50.52,50,NORMAL,within 15% of 52W high; above 200DMA; 200DMA rising; volume confirmation,,,,0,0,NOT A RECOVERY,False,,368.45,2025-10-16,-13.15,False,False,30,ABOVE 200DMA,above 200DMA; volume >=1.2x,75,above 200DMA; 200DMA rising; 50DMA > 200DMA; volume >=1.2x,False,57.25,336.4,5.13,288.0,0.51,ABOVE 200DMA,,,,,,,,,,,,,,,,,,57.25,False
889,WORTHPERI,2026-09-30,146.02,139.08,150.7,4.99,True,False,True,True,44.52,1.29,169.8,109.0,-14.0,33.96,50,NORMAL,within 15% of 52W high; above 200DMA; 200DMA rising; volume confirmation,,,,0,0,NOT A RECOVERY,False,,186.0,2025-07-24,-21.49,False,False,30,ABOVE 200DMA,above 200DMA; volume >=1.2x,75,above 200DMA; 200DMA rising; 50DMA > 200DMA; volume >=1.2x,False,57.25,158.06,8.25,131.42,0.82,ABOVE 200DMA,,,,,,,,,,,,,,,,,,57.25,False
890,ABB,2026-09-30,6776.0,6579.69,7384.14,2.98,True,False,True,True,32.88,1.35,7924.5,4637.5,-14.49,46.11,50,NORMAL,within 15% of 52W high; above 200DMA; 200DMA rising; volume confirmation,,,,0,0,NOT A RECOVERY,False,,,,,False,False,30,ABOVE 200DMA,above 200DMA; volume >=1.2x,75,above 200DMA; 200DMA rising; 50DMA > 200DMA; volume >=1.2x,False,57.25,7122.29,5.11,6098.4,0.51,ABOVE 200DMA,,,,,,,,,,,,,,,,,,57.25,False
791,SUDARSCHEM,2026-09-30,1203.9,968.73,1168.08,24.28,True,True,True,True,49.07,2.13,1406.2,726.4,-14.39,65.74,65,NORMAL,within 15% of 52W high; above 200DMA; above 50DMA; 200DMA rising; volume confirmation,,,,0,0,NOT A RECOVERY,False,,1603.0,2025-09-24,-24.9,False,False,40,ABOVE 200DMA,above 200DMA; above 50DMA; volume >=1.2x,90,above 200DMA; above 50DMA; 200DMA rising; 50DMA > 200DMA; volume >=1.2x,False,71.25,1289.46,7.11,1083.51,0.71,ABOVE 200DMA,135.68306,2.8287463,9.15,42.0,98844327936.0,,,6.166,0.73,64.172,,,,5.4,105.0,105.0,36.0,57.15,False
333,NEULANDLAB,2026-09-30,21350.0,16976.97,22107.86,25.76,True,False,True,True,36.04,1.14,24225.0,11500.0,-11.87,85.65,40,NORMAL,within 15% of 52W high; above 200DMA; 200DMA rising,,,,0,0,NOT A RECOVERY,False,,19747.0,2025-11-10,8.12,True,False,70,PRIOR HIGH BREAKOUT,above prior high; above 200DMA,60,above 200DMA; 200DMA rising; 50DMA > 200DMA,False,55.0,22668.57,6.18,19215.0,0.62,PRIOR HIGH BREAKOUT,55.343952,14.719169,388.57,16.0,275906756608.0,,,30.601,20.987000000000002,16.072,,,,119.19999999999999,962.8,962.8,60.0,57.0,False
294,RACLGEAR,2026-09-30,1594.8,1314.28,1517.96,21.34,True,True,True,True,46.81,0.27,1927.7,921.8,-17.27,73.01,45,NORMAL,above 200DMA; above 50DMA; 200DMA rising,,,,0,0,NOT A RECOVERY,False,,1347.8,2025-10-07,18.33,True,False,80,PRIOR HIGH BREAKOUT,above prior high; above 200DMA; above 50DMA,75,above 200DMA; above 50DMA; 200DMA rising; 50DMA > 200DMA,False,65.5,1813.27,13.7,1435.32,1.37,PRIOR HIGH BREAKOUT,36.12494,5.0813303,42.58,19.0,18164471808.0,,,17.181998,9.507,66.889,,,,31.5,7.7,7.7,44.0,56.9,False
524,FEDFINA,2026-09-30,150.96,149.18,154.08,1.19,True,False,True,True,44.1,0.67,178.48,119.07,-15.42,26.78,30,NORMAL,above 200DMA; 200DMA rising,2026-09-29,147.33,2.46,55,55,RECOVERY WATCH,True,at/above 200DMA; moving toward 200DMA; above breakdown low,178.48,2026-01-14,-15.42,False,False,20,ABOVE 200DMA,above 200DMA,60,above 200DMA; 200DMA rising; 50DMA > 200DMA,False,41.5,159.95,5.95,135.86,0.6,200DMA RECOVERY,14.770217,1.91534,10.14,,56184987648.0,,,42.223,28.992,467.341,,,,32.4,50.7,50.7,80.0,56.9,False
527,MANAPPURAM,2026-09-30,315.85,310.5,343.2,1.72,True,False,True,True,41.08,0.79,381.55,245.15,-17.22,28.84,30,NORMAL,above 200DMA; 200DMA rising,2026-06-10,282.55,11.79,70,70,RECOVERY WATCH,True,at/above 200DMA; moving toward 200DMA; recovery >=10%,334.0,2026-05-25,-5.43,False,False,20,ABOVE 200DMA,above 200DMA,60,above 200DMA; 200DMA rising; 50DMA > 200DMA,False,41.5,334.05,5.76,284.27,0.58,200DMA RECOVERY,18.881416,1.8077753,16.36,127.0,290160934912.0,,,52.393,30.516001999999997,360.191,,,,80.10000000000001,288.5,288.5,80.0,56.9,False
789,WINDMACHIN,2026-09-30,300.2,280.71,299.65,6.94,True,True,True,True,48.78,1.23,343.9,200.65,-12.71,49.61,65,NORMAL,within 15% of 52W high; above 200DMA; above 50DMA; 200DMA rising; volume confirmation,,,,0,0,NOT A RECOVERY,False,,343.9,2026-06-10,-12.71,False,False,40,ABOVE 200DMA,above 200DMA; above 50DMA; volume >=1.2x,90,above 200DMA; above 50DMA; 200DMA rising; 50DMA > 200DMA; volume >=1.2x,False,71.25,321.59,7.12,270.18,0.71,ABOVE 200DMA,244.29166,3.3865116,1.2,,30329126912.0,,,0.8240000000000001,1.695,17.494,,,,31.4,,,35.0,56.75,False
517,CRISIL,2026-09-30,4450.8,4328.48,4559.69,2.83,True,False,True,True,41.87,0.71,5064.9,3686.0,-12.12,20.75,40,NORMAL,within 15% of 52W high; above 200DMA; 200DMA rising,2026-07-24,4261.1,4.45,55,55,RECOVERY WATCH,True,at/above 200DMA; moving toward 200DMA; above breakdown low,4894.6,2025-11-04,-9.07,False,False,20,ABOVE 200DMA,above 200DMA,60,above 200DMA; 200DMA rising; 50DMA > 200DMA,False,45.0,4719.5,6.04,4005.72,0.6,200DMA RECOVERY,36.581863,9.899742,121.06,90.0,323863609344.0,29.052,,24.679000000000002,21.434,10.23,1.868,1.402,,27.6,26.200000000000003,26.200000000000003,74.0,56.6,False
243,UTTAMSUGAR,2026-09-30,288.4,242.84,272.67,18.76,True,True,True,True,55.71,0.44,359.3,181.1,-19.73,59.25,55,NORMAL,above 200DMA; above 50DMA; 200DMA rising; healthy RSI,,,,0,0,NOT A RECOVERY,False,,287.4,2026-04-30,0.35,True,False,90,PRIOR HIGH BREAKOUT,above prior high; above 200DMA; above 50DMA; RSI >=50,85,above 200DMA; above 50DMA; 200DMA rising; 50DMA > 200DMA; RSI >=50,False,75.5,316.91,9.89,259.56,0.99,PRIOR HIGH BREAKOUT,12.104341,1.2011817,22.81,87.0,10529935360.0,,,2.261,3.9899999999999998,81.154,,,,-3.5999999999999996,-91.60000000000001,-91.60000000000001,28.0,56.5,False
891,ASAHIINDIA,2026-09-30,958.85,906.43,936.61,5.78,True,True,False,True,52.08,0.61,1074.0,775.1,-10.72,23.71,55,NORMAL,within 15% of 52W high; above 200DMA; above 50DMA; healthy RSI,,,,0,0,NOT A RECOVERY,False,,1074.0,2025-12-01,-10.72,False,False,40,ABOVE 200DMA,above 200DMA; above 50DMA; RSI >=50,65,above 200DMA; above 50DMA; 50DMA > 200DMA; RSI >=50,False,56.5,1010.74,5.41,862.96,0.54,ABOVE 200DMA,,,,,,,,,,,,,,,,,,56.5,False
892,MANBA,2026-09-30,136.84,125.93,133.39,8.67,True,True,False,True,56.96,0.57,154.0,98.0,-11.14,39.63,55,NORMAL,within 15% of 52W high; above 200DMA; above 50DMA; healthy RSI,,,,0,0,NOT A RECOVERY,False,,159.5,2025-06-25,-14.21,False,False,40,ABOVE 200DMA,above 200DMA; above 50DMA; RSI >=50,65,above 200DMA; above 50DMA; 50DMA > 200DMA; RSI >=50,False,56.5,148.13,8.25,123.16,0.82,ABOVE 200DMA,,,,,,,,,,,,,,,,,,56.5,False
893,GULFOILLUB,2026-09-30,1125.4,1051.42,1111.33,7.04,True,True,False,True,59.22,1.17,1289.4,865.0,-12.72,30.1,55,NORMAL,within 15% of 52W high; above 200DMA; above 50DMA; healthy RSI,,,,0,0,NOT A RECOVERY,False,,1230.4,2026-08-06,-8.53,False,False,40,ABOVE 200DMA,above 200DMA; above 50DMA; RSI >=50,65,above 200DMA; above 50DMA; 50DMA > 200DMA; RSI >=50,False,56.5,1183.69,5.18,1012.86,0.52,ABOVE 200DMA,,,,,,,,,,,,,,,,,,56.5,False
894,DOLLEX,2026-09-30,38.0,33.28,34.08,14.18,True,True,False,True,57.78,0.29,43.55,26.0,-12.74,46.15,55,NORMAL,within 15% of 52W high; above 200DMA; above 50DMA; healthy RSI,,,,0,0,NOT A RECOVERY,False,,41.0,2025-12-24,-7.32,False,False,40,ABOVE 200DMA,above 200DMA; above 50DMA; RSI >=50,65,above 200DMA; above 50DMA; 50DMA > 200DMA; RSI >=50,False,56.5,43.35,14.08,34.2,1.41,ABOVE 200DMA,,,,,,,,,,,,,,,,,,56.5,False
258,BHEL,2026-09-30,415.5,347.96,419.61,19.41,True,False,True,True,46.19,1.36,446.5,229.54,-6.94,81.01,60,APPROACHING 52W HIGH,within 10% of 52W high; above 200DMA; 200DMA rising; volume confirmation,,,,0,0,NOT A RECOVERY,False,,305.9,2026-01-07,35.83,True,False,80,PRIOR HIGH BREAKOUT,above prior high; above 200DMA; volume >=1.2x,75,above 200DMA; 200DMA rising; 50DMA > 200DMA; volume >=1.2x,False,70.75,439.34,5.74,373.95,0.57,PRIOR HIGH BREAKOUT,60.315186,5.6066804,6.98,34.0,1465948700672.0,,,5.4819997,6.758,31.312,,,,40.300000000000004,,,35.0,56.45,False
449,EXIDEIND,2026-09-30,412.6,376.48,441.61,9.59,True,False,True,True,40.62,1.36,496.4,287.0,-16.88,43.76,40,NORMAL,above 200DMA; 200DMA rising; volume confirmation,,,,0,0,NOT A RECOVERY,False,,431.0,2025-09-10,-4.27,False,True,65,NEAR PRIOR HIGH,within 5% of prior high; above 200DMA; volume >=1.2x,75,above 200DMA; 200DMA rising; 50DMA > 200DMA; volume >=1.2x,False,60.75,435.25,5.49,371.34,0.55,NEAR PRIOR HIGH,37.29053,2.502965,10.98,48.0,348032499712.0,,,8.672,4.948,11.308,,,,17.7,28.299999999999997,28.299999999999997,50.0,56.45,False
466,THYROCARE,2026-09-30,534.15,483.37,580.78,10.51,True,False,True,True,36.16,1.08,662.0,342.55,-19.31,55.93,30,NORMAL,above 200DMA; 200DMA rising,,,,0,0,NOT A RECOVERY,False,,536.67,2025-11-18,-0.47,False,True,55,NEAR PRIOR HIGH,within 5% of prior high; above 200DMA,60,above 200DMA; 200DMA rising; 50DMA > 200DMA,False,48.5,564.98,5.77,480.74,0.58,NEAR PRIOR HIGH,48.421047,14.505518,11.02,306.0,84928675840.0,,,26.989,20.125,8.65,,,,24.3,31.8,31.8,68.0,56.3,False
495,MRPL,2026-09-30,169.29,167.8,171.08,0.89,True,False,True,True,49.34,2.68,212.31,131.67,-20.26,28.57,40,NORMAL,above 200DMA; 200DMA rising; volume confirmation,2026-09-15,162.4,4.24,65,65,RECOVERY WATCH,True,at/above 200DMA; moving toward 200DMA; above breakdown low; volume >=1.2x,212.31,2026-03-06,-20.26,False,False,30,ABOVE 200DMA,above 200DMA; volume >=1.2x,75,above 200DMA; 200DMA rising; 50DMA > 200DMA; volume >=1.2x,False,53.75,183.57,8.43,152.36,0.84,200DMA RECOVERY,9.189068,2.0264435,17.93,236.0,288758169600.0,,,2.396,2.8670002,108.059,,,,120.39999999999999,,,60.0,56.25,False
214,WELENT,2026-09-30,742.7,551.82,677.9,34.59,True,True,True,True,51.13,0.2,841.9,412.0,-11.78,80.27,65,NORMAL,within 15% of 52W high; above 200DMA; above 50DMA; 200DMA rising; healthy RSI,,,,0,0,NOT A RECOVERY,False,,580.0,2025-10-28,28.05,True,False,90,PRIOR HIGH BREAKOUT,above prior high; above 200DMA; above 50DMA; RSI >=50,85,above 200DMA; above 50DMA; 200DMA rising; 50DMA > 200DMA; RSI >=50,False,79.0,809.61,9.01,668.43,0.9,PRIOR HIGH BREAKOUT,29.47315,3.2273946,24.58,40.0,98245427200.0,,,18.084,8.623999,60.918,,,,-8.4,-50.0,-50.0,22.0,56.2,False
488,PETRONET,2026-09-30,284.5,281.43,285.05,1.09,True,False,True,True,47.79,1.53,326.4,235.35,-12.84,20.88,50,NORMAL,within 15% of 52W high; above 200DMA; 200DMA rising; volume confirmation,2026-08-11,273.0,4.21,45,45,NEAR 200DMA,True,at/above 200DMA; above breakdown low; volume >=1.2x,326.4,2026-02-27,-12.84,False,False,30,ABOVE 200DMA,above 200DMA; volume >=1.2x,75,above 200DMA; 200DMA rising; 50DMA > 200DMA; volume >=1.2x,False,57.25,295.98,4.03,256.05,0.4,200DMA RECOVERY,10.178253,1.9213428,28.05,351.0,428250038272.0,,,24.001,11.3199994,10.507,,,,-53.2,35.099999999999994,35.099999999999994,54.0,55.95,False
75,PREMEXPLN,2026-09-30,684.1,585.47,665.73,16.85,True,True,True,True,62.65,2.14,829.8,378.4,-17.56,80.79,65,NORMAL,above 200DMA; above 50DMA; 200DMA rising; healthy RSI; volume confirmation,,,,0,0,NOT A RECOVERY,False,,684.0,2025-10-14,0.01,True,False,100,PRIOR HIGH BREAKOUT,above prior high; above 200DMA; above 50DMA; RSI >=50; volume >=1.2x,100,above 200DMA; above 50DMA; 200DMA rising; 50DMA > 200DMA; RSI >=50; volume >=1.2x,False,87.75,697.91,2.02,615.69,0.2,PRIOR HIGH BREAKOUT,109.478325,12.725051,6.23,7.000000000000001,36683472896.0,,,2.932,9.6149996,11.133,,,,-27.800000000000004,-80.0,-80.0,8.0,55.85,False
363,CNL,2026-09-30,1082.2,795.22,1130.53,36.09,True,False,True,True,44.07,0.32,1328.0,525.0,-18.51,106.13,30,NORMAL,above 200DMA; 200DMA rising,,,,0,0,NOT A RECOVERY,False,,799.0,2025-12-15,35.44,True,False,70,PRIOR HIGH BREAKOUT,above prior high; above 200DMA,60,above 200DMA; 200DMA rising; 50DMA > 200DMA,False,51.5,1199.5,10.84,973.98,1.08,PRIOR HIGH BREAKOUT,24.866358,4.9158673,43.4,5.0,16205995008.0,,,4.966,2.6470000000000002,83.725,,,,20.8,39.0,39.0,62.0,55.7,False
364,UNIVCABLES,2026-09-30,1443.0,1059.8,1516.49,36.16,True,False,True,True,43.54,0.35,1774.9,576.0,-18.7,150.52,30,NORMAL,above 200DMA; 200DMA rising,,,,0,0,NOT A RECOVERY,False,,1008.0,2025-12-03,43.15,True,False,70,PRIOR HIGH BREAKOUT,above prior high; above 200DMA,60,above 200DMA; 200DMA rising; 50DMA > 200DMA,False,51.5,1580.74,9.55,1298.7,0.95,PRIOR HIGH BREAKOUT,25.204933,2.6627796,57.58,31.0,50353405952.0,,,8.387,5.929,62.258,,,,57.49999999999999,113.1,113.1,62.0,55.7,False
365,BALAMINES,2026-09-30,2118.5,1645.14,2218.76,28.77,True,False,True,True,41.77,0.63,2629.8,968.1,-19.44,118.83,30,NORMAL,above 200DMA; 200DMA rising,,,,0,0,NOT A RECOVERY,False,,1649.0,2025-08-04,28.47,True,False,70,PRIOR HIGH BREAKOUT,above prior high; above 200DMA,60,above 200DMA; 200DMA rising; 50DMA > 200DMA,False,51.5,2289.41,8.07,1906.65,0.81,PRIOR HIGH BREAKOUT,32.61602,3.3642733,62.92,52.0,66493329408.0,,,22.392,13.407,6.194,,,,27.200000000000003,97.2,97.2,62.0,55.7,False
370,POWERINDIA,2026-09-30,30630.0,28619.58,32459.3,7.02,True,False,True,True,42.54,0.87,38785.0,16111.0,-21.03,90.12,30,NORMAL,above 200DMA; 200DMA rising,,,,0,0,NOT A RECOVERY,False,,22840.0,2025-12-03,34.11,True,False,70,PRIOR HIGH BREAKOUT,above prior high; above 200DMA,60,above 200DMA; 200DMA rising; 50DMA > 200DMA,False,51.5,32525.0,6.19,27567.0,0.62,PRIOR HIGH BREAKOUT,121.61374,26.945126,257.29,3.0,1394669256704.0,,,15.841,12.555,1.663,,,,68.60000000000001,123.50000000000001,123.50000000000001,62.0,55.7,False
379,BETA,2026-09-30,2053.0,1694.75,2250.52,21.14,True,False,True,True,42.2,0.38,2807.9,990.1,-26.88,107.35,30,NORMAL,above 200DMA; 200DMA rising,,,,0,0,NOT A RECOVERY,False,,2000.0,2025-08-18,2.65,True,False,70,PRIOR HIGH BREAKOUT,above prior high; above 200DMA,60,above 200DMA; 200DMA rising; 50DMA > 200DMA,False,51.5,2234.7,8.85,1847.7,0.89,PRIOR HIGH BREAKOUT,46.971004,8.583174,44.14,,21016813568.0,,,18.337,11.1140005,60.386,,,,25.3,27.500000000000004,27.500000000000004,62.0,55.7,False
895,IONEXCHANG,2026-09-30,411.15,385.01,404.6,6.79,True,True,True,True,47.35,0.36,486.0,312.7,-15.4,31.48,45,NORMAL,above 200DMA; above 50DMA; 200DMA rising,,,,0,0,NOT A RECOVERY,False,,486.0,2026-07-13,-15.4,False,False,30,ABOVE 200DMA,above 200DMA; above 50DMA,75,above 200DMA; above 50DMA; 200DMA rising; 50DMA > 200DMA,False,55.5,443.78,7.94,370.03,0.79,ABOVE 200DMA,,,,,,,,,,,,,,,,,,55.5,False
896,ASIANHOTNR,2026-09-30,354.8,312.3,340.29,13.61,True,True,True,True,44.37,1.05,423.8,247.5,-16.28,43.35,45,NORMAL,above 200DMA; above 50DMA; 200DMA rising,,,,0,0,NOT A RECOVERY,False,,402.55,2026-07-07,-11.86,False,False,30,ABOVE 200DMA,above 200DMA; above 50DMA,75,above 200DMA; above 50DMA; 200DMA rising; 50DMA > 200DMA,False,55.5,400.13,12.78,319.32,1.28,ABOVE 200DMA,,,,,,,,,,,,,,,,,,55.5,False
897,GAYAPROJ,2026-09-30,22.68,17.7,21.94,28.1,True,True,True,True,47.68,0.48,27.33,10.99,-17.01,106.37,45,NORMAL,above 200DMA; above 50DMA; 200DMA rising,,,,0,0,NOT A RECOVERY,False,,,,,False,False,30,ABOVE 200DMA,above 200DMA; above 50DMA,75,above 200DMA; above 50DMA; 200DMA rising; 50DMA > 200DMA,False,55.5,25.54,12.59,20.41,1.26,ABOVE 200DMA,,,,,,,,,,,,,,,,,,55.5,False
898,IMAGICAA,2026-09-30,51.08,47.21,50.8,8.19,True,True,True,True,46.49,0.31,62.0,36.84,-17.61,38.65,45,NORMAL,above 200DMA; above 50DMA; 200DMA rising,,,,0,0,NOT A RECOVERY,False,,54.5,2026-01-19,-6.28,False,False,30,ABOVE 200DMA,above 200DMA; above 50DMA,75,above 200DMA; above 50DMA; 200DMA rising; 50DMA > 200DMA,False,55.5,55.85,9.34,45.97,0.93,ABOVE 200DMA,,,,,,,,,,,,,,,,,,55.5,False
899,PONNIERODE,2026-09-30,372.2,307.11,360.9,21.2,True,True,True,True,49.92,0.61,455.0,252.4,-18.2,47.46,45,NORMAL,above 200DMA; above 50DMA; 200DMA rising,,,,0,0,NOT A RECOVERY,False,,,,,False,False,30,ABOVE 200DMA,above 200DMA; above 50DMA,75,above 200DMA; above 50DMA; 200DMA rising; 50DMA > 200DMA,False,55.5,408.84,9.84,334.98,0.98,ABOVE 200DMA,,,,,,,,,,,,,,,,,,55.5,False
900,KOHINOOR,2026-09-30,30.58,26.0,29.04,17.6,True,True,True,True,49.35,0.72,38.47,19.2,-20.51,59.27,45,NORMAL,above 200DMA; above 50DMA; 200DMA rising,,,,0,0,NOT A RECOVERY,False,,,,,False,False,30,ABOVE 200DMA,above 200DMA; above 50DMA,75,above 200DMA; above 50DMA; 200DMA rising; 50DMA > 200DMA,False,55.5,34.25,11.99,27.52,1.2,ABOVE 200DMA,,,,,,,,,,,,,,,,,,55.5,False
901,ORIENTCER,2026-09-30,44.9,41.85,44.05,7.29,True,True,True,True,46.89,0.45,56.64,34.0,-20.73,32.06,45,NORMAL,above 200DMA; above 50DMA; 200DMA rising,,,,0,0,NOT A RECOVERY,False,,56.64,2026-01-02,-20.73,False,False,30,ABOVE 200DMA,above 200DMA; above 50DMA,75,above 200DMA; above 50DMA; 200DMA rising; 50DMA > 200DMA,False,55.5,49.03,9.2,40.41,0.92,ABOVE 200DMA,,,,,,,,,,,,,,,,,,55.5,False
902,SHANTIGEAR,2026-09-30,579.9,470.85,532.7,23.16,True,True,True,True,41.82,0.43,743.0,384.0,-21.95,51.02,45,NORMAL,above 200DMA; above 50DMA; 200DMA rising,,,,0,0,NOT A RECOVERY,False,,619.8,2025-07-24,-6.44,False,False,30,ABOVE 200DMA,above 200DMA; above 50DMA,75,above 200DMA; above 50DMA; 200DMA rising; 50DMA > 200DMA,False,55.5,647.75,11.7,521.91,1.17,ABOVE 200DMA,,,,,,,,,,,,,,,,,,55.5,False
903,AARTECH,2026-09-30,50.14,47.05,49.17,6.57,True,True,True,True,49.57,0.32,64.75,33.51,-22.56,49.63,45,NORMAL,above 200DMA; above 50DMA; 200DMA rising,,,,0,0,NOT A RECOVERY,False,,60.98,2026-07-07,-17.78,False,False,30,ABOVE 200DMA,above 200DMA; above 50DMA,75,above 200DMA; above 50DMA; 200DMA rising; 50DMA > 200DMA,False,55.5,54.0,7.69,45.13,0.77,ABOVE 200DMA,,,,,,,,,,,,,,,,,,55.5,False
904,CHEMBOND,2026-09-30,182.73,164.57,182.12,11.04,True,True,True,True,45.12,0.35,236.8,105.15,-22.83,73.78,45,NORMAL,above 200DMA; above 50DMA; 200DMA rising,,,,0,0,NOT A RECOVERY,False,,205.78,2026-05-07,-11.2,False,False,30,ABOVE 200DMA,above 200DMA; above 50DMA,75,above 200DMA; above 50DMA; 200DMA rising; 50DMA > 200DMA,False,55.5,209.36,14.57,164.46,1.46,ABOVE 200DMA,,,,,,,,,,,,,,,,,,55.5,False
905,SETUINFRA,2026-09-30,0.52,0.47,0.5,9.57,True,True,True,True,41.74,0.26,0.73,0.37,-28.77,40.54,45,NORMAL,above 200DMA; above 50DMA; 200DMA rising,,,,0,0,NOT A RECOVERY,False,,0.77,2025-09-12,-32.47,False,False,30,ABOVE 200DMA,above 200DMA; above 50DMA,75,above 200DMA; above 50DMA; 200DMA rising; 50DMA > 200DMA,False,55.5,0.56,8.24,0.47,0.82,ABOVE 200DMA,,,,,,,,,,,,,,,,,,55.5,False
906,TIJARIA,2026-09-30,6.6,5.04,6.26,30.89,True,True,True,True,46.39,0.71,9.8,3.55,-32.65,85.92,45,NORMAL,above 200DMA; above 50DMA; 200DMA rising,,,,0,0,NOT A RECOVERY,False,,7.51,2026-02-10,-12.12,False,False,30,ABOVE 200DMA,above 200DMA; above 50DMA,75,above 200DMA; above 50DMA; 200DMA rising; 50DMA > 200DMA,False,55.5,7.75,17.49,5.94,1.75,ABOVE 200DMA,,,,,,,,,,,,,,,,,,55.5,False
907,JINDALPOLY,2026-09-30,672.55,640.95,663.54,4.93,True,True,True,True,45.44,0.11,1026.45,365.0,-34.48,84.26,45,NORMAL,above 200DMA; above 50DMA; 200DMA rising,,,,0,0,NOT A RECOVERY,False,,,,,False,False,30,ABOVE 200DMA,above 200DMA; above 50DMA,75,above 200DMA; above 50DMA; 200DMA rising; 50DMA > 200DMA,False,55.5,737.89,9.71,605.29,0.97,ABOVE 200DMA,,,,,,,,,,,,,,,,,,55.5,False
908,ICDSLTD,2026-09-30,48.88,44.71,48.77,9.32,True,True,True,True,40.86,0.11,77.69,36.4,-37.08,34.29,45,NORMAL,above 200DMA; above 50DMA; 200DMA rising,,,,0,0,NOT A RECOVERY,False,,62.32,2025-09-29,-21.57,False,False,30,ABOVE 200DMA,above 200DMA; above 50DMA,75,above 200DMA; above 50DMA; 200DMA rising; 50DMA > 200DMA,False,55.5,55.78,14.11,43.99,1.41,ABOVE 200DMA,,,,,,,,,,,,,,,,,,55.5,False
211,AYMSYNTEX,2026-09-30,292.15,216.99,270.61,34.63,True,True,True,True,54.72,0.34,330.0,141.53,-11.47,106.42,65,NORMAL,within 15% of 52W high; above 200DMA; above 50DMA; 200DMA rising; healthy RSI,,,,0,0,NOT A RECOVERY,False,,237.5,2025-07-18,23.01,True,False,90,PRIOR HIGH BREAKOUT,above prior high; above 200DMA; above 50DMA; RSI >=50,85,above 200DMA; above 50DMA; 200DMA rising; 50DMA > 200DMA; RSI >=50,False,79.0,326.82,11.87,262.93,1.19,PRIOR HIGH BREAKOUT,87.21184,2.788041,3.21,,16457668608.0,,,4.7059998,1.351,31.914,,,,7.5,,,20.0,55.4,False
328,GRASIM,2026-09-30,3061.9,2979.96,3231.02,2.75,True,False,True,True,34.06,0.55,3411.1,2502.5,-10.24,22.35,40,NORMAL,within 15% of 52W high; above 200DMA; 200DMA rising,2026-03-02,2502.5,22.35,70,70,RECOVERY WATCH,True,at/above 200DMA; moving toward 200DMA; recovery >=10%,2979.0,2026-02-11,2.78,True,False,70,PRIOR HIGH BREAKOUT,above prior high; above 200DMA,60,above 200DMA; 200DMA rising; 50DMA > 200DMA,False,55.0,3168.14,3.47,2755.71,0.35,PRIOR HIGH BREAKOUT,35.303932,1.9416126,83.9,33.0,2009092980736.0,,,18.809,3.093,135.044,,,,21.4,51.300000000000004,51.300000000000004,56.0,55.4,False
346,STARHEALTH,2026-09-30,534.65,515.95,571.14,3.62,True,False,True,True,36.72,0.24,624.9,416.55,-14.44,28.35,40,NORMAL,within 15% of 52W high; above 200DMA; 200DMA rising,,,,0,0,NOT A RECOVERY,False,,534.0,2025-11-17,0.12,True,False,70,PRIOR HIGH BREAKOUT,above prior high; above 200DMA,60,above 200DMA; 200DMA rising; 50DMA > 200DMA,False,55.0,570.62,6.73,481.19,0.67,PRIOR HIGH BREAKOUT,47.458076,3.1197782,11.33,,316384575488.0,7.507,,13.664000000000001,3.6189999999999998,,,,,1407.8,109.60000000000001,109.60000000000001,56.0,55.4,False
445,METROPOLIS,2026-09-30,541.7,516.65,575.36,4.85,True,False,True,True,32.68,2.7,609.05,412.25,-11.06,31.4,50,NORMAL,within 15% of 52W high; above 200DMA; 200DMA rising; volume confirmation,,,,0,0,NOT A RECOVERY,False,,565.75,2025-09-03,-4.25,False,True,65,NEAR PRIOR HIGH,within 5% of prior high; above 200DMA; volume >=1.2x,75,above 200DMA; 200DMA rising; 50DMA > 200DMA; volume >=1.2x,False,64.25,574.16,5.99,487.53,0.6,NEAR PRIOR HIGH,55.16923,7.3701086,9.75,37.0,111589449728.0,,,17.501,11.791000499999999,15.212,,,,16.6,12.7,12.7,42.0,55.35,False
482,KREBSBIO,2026-09-30,60.2,58.97,55.76,2.09,True,True,False,False,59.8,2.57,76.85,38.33,-21.67,57.06,55,NORMAL,above 200DMA; above 50DMA; healthy RSI; volume confirmation,2026-09-11,54.66,10.14,105,105,STRONG RETEST,True,at/above 200DMA; moving toward 200DMA; recovery >=10%; above 50DMA; volume >=1.2x; RSI >=50,76.0,2025-12-26,-20.79,False,False,50,ABOVE 200DMA,above 200DMA; above 50DMA; RSI >=50; volume >=1.2x,65,above 200DMA; above 50DMA; RSI >=50; volume >=1.2x,False,58.5,67.68,12.43,54.18,1.24,200DMA RECOVERY,,-0.8974495,-6.53,,1467197952.0,,,-8.652999999999999,-55.85099999999999,,,,,27.400000000000002,,,50.0,55.1,False
312,ADANIGREEN,2026-09-30,1278.0,1202.68,1318.9,6.26,True,False,True,True,46.89,1.27,1631.5,765.0,-21.67,67.06,40,NORMAL,above 200DMA; 200DMA rising; volume confirmation,,,,0,0,NOT A RECOVERY,False,,1177.55,2025-09-22,8.53,True,False,80,PRIOR HIGH BREAKOUT,above prior high; above 200DMA; volume >=1.2x,75,above 200DMA; 200DMA rising; 50DMA > 200DMA; volume >=1.2x,False,63.75,1346.67,5.37,1150.2,0.54,PRIOR HIGH BREAKOUT,121.76527,10.896593,10.48,,2101961555968.0,,,66.78,13.095,346.548,,,,16.6,18.5,18.5,42.0,55.05,False
909,TIPSMUSIC,2026-09-30,657.85,608.01,660.99,8.2,True,False,True,True,50.06,0.76,741.0,481.15,-11.22,36.72,50,NORMAL,within 15% of 52W high; above 200DMA; 200DMA rising; healthy RSI,,,,0,0,NOT A RECOVERY,False,,,,,False,False,30,ABOVE 200DMA,above 200DMA; RSI >=50,70,above 200DMA; 200DMA rising; 50DMA > 200DMA; RSI >=50,False,55.0,691.27,5.08,592.06,0.51,ABOVE 200DMA,,,,,,,,,,,,,,,,,,55.0,False
910,SGMART,2026-09-30,750.75,561.17,753.8,33.78,True,False,True,True,50.63,0.6,860.6,313.1,-12.76,139.78,50,NORMAL,within 15% of 52W high; above 200DMA; 200DMA rising; healthy RSI,,,,0,0,NOT A RECOVERY,False,,,,,False,False,30,ABOVE 200DMA,above 200DMA; RSI >=50,70,above 200DMA; 200DMA rising; 50DMA > 200DMA; RSI >=50,False,55.0,809.84,7.87,675.68,0.79,ABOVE 200DMA,,,,,,,,,,,,,,,,,,55.0,False
911,TTL,2026-09-30,8.07,7.7,6.59,4.79,True,True,False,False,75.52,3.36,11.17,5.5,-27.75,46.73,45,NORMAL,above 200DMA; above 50DMA; volume confirmation,,,,0,0,NOT A RECOVERY,False,,,,,False,False,50,ABOVE 200DMA,above 200DMA; above 50DMA; RSI >=50; volume >=1.2x,65,above 200DMA; above 50DMA; RSI >=50; volume >=1.2x,False,55.0,9.19,13.84,7.26,1.38,ABOVE 200DMA,,,,,,,,,,,,,,,,,,55.0,False
355,LMW,2026-09-30,16862.0,15634.86,17760.1,7.85,True,False,True,True,36.73,0.34,20151.0,11920.0,-16.32,41.46,30,NORMAL,above 200DMA; 200DMA rising,,,,0,0,NOT A RECOVERY,False,,16300.0,2025-11-06,3.45,True,False,70,PRIOR HIGH BREAKOUT,above prior high; above 200DMA,60,above 200DMA; 200DMA rising; 50DMA > 200DMA,False,51.5,17968.29,6.56,15175.8,0.66,PRIOR HIGH BREAKOUT,101.17388,6.167139,163.56,21.0,176782278656.0,,,3.893,5.177,,,,,24.0,383.9,383.9,60.0,54.9,False
534,ARMANFIN,2026-09-30,1744.2,1696.19,1957.61,2.83,True,False,True,True,33.04,0.87,2158.6,1301.0,-19.2,34.07,30,NORMAL,above 200DMA; 200DMA rising,2026-06-08,1545.0,12.89,70,70,RECOVERY WATCH,True,at/above 200DMA; moving toward 200DMA; recovery >=10%,1906.6,2026-05-12,-8.52,False,False,20,ABOVE 200DMA,above 200DMA,60,above 200DMA; 200DMA rising; 50DMA > 200DMA,False,41.5,1902.24,9.06,1569.78,0.91,200DMA RECOVERY,16.00653,1.9849677,110.23,,18607947776.0,,,48.415002,30.789,190.256,,,,265.7,,,75.0,54.9,False
571,UNIONBANK,2026-09-30,171.0,174.49,180.0,-2.0,False,False,True,True,39.15,2.13,205.49,135.29,-16.78,26.4,20,NORMAL,200DMA rising; volume confirmation,2026-09-28,166.0,3.01,55,55,RECOVERY WATCH,True,within 3% of 200DMA; moving toward 200DMA; above breakdown low; volume >=1.2x,205.49,2026-02-27,-16.78,False,False,10,NORMAL,volume >=1.2x,50,200DMA rising; 50DMA > 200DMA; volume >=1.2x,False,31.5,179.11,4.74,153.9,0.47,200DMA RECOVERY,6.2001476,0.91694474,27.03,292.0,1279315935232.0,15.798001000000001,,48.8,40.460998,,,,,16.400000000000002,27.400000000000002,27.400000000000002,90.0,54.9,False
725,SALSTEEL,2026-09-30,99.06,55.22,73.25,79.4,True,True,True,True,76.54,1.78,101.53,26.1,-2.43,279.54,85,NEAR 52W HIGH,within 5% of 52W high; above 200DMA; above 50DMA; 200DMA rising; volume confirmation,,,,0,0,NOT A RECOVERY,False,,,,,False,False,50,ABOVE 200DMA,above 200DMA; above 50DMA; RSI >=50; volume >=1.2x,100,above 200DMA; above 50DMA; 200DMA rising; 50DMA > 200DMA; RSI >=50; volume >=1.2x,True,84.75,108.51,9.54,89.15,0.95,HIGH LEVEL,75.51145,9.831047,1.31,,14320322560.0,,,12.350000399999999,7.420999999999999,238.167,,,,-31.5,,,10.0,54.85,False
58,STLNETWORK,2026-09-30,48.97,25.67,31.69,90.74,True,True,True,True,72.42,2.77,56.5,15.75,-13.33,210.92,75,NORMAL,within 15% of 52W high; above 200DMA; above 50DMA; 200DMA rising; healthy RSI; volume confirmation,,,,0,0,NOT A RECOVERY,False,,33.19,2026-04-21,47.54,True,False,100,PRIOR HIGH BREAKOUT,above prior high; above 200DMA; above 50DMA; RSI >=50; volume >=1.2x,100,above 200DMA; above 50DMA; 200DMA rising; 50DMA > 200DMA; RSI >=50; volume >=1.2x,False,91.25,54.22,10.73,44.07,1.07,PRIOR HIGH BREAKOUT,,2.8768294,-2.02,,23036661760.0,,,4.7909997,-10.428999999999998,116.754,,,,-9.2,,,0.0,54.75,False
430,GREAVESCOT,2026-09-30,230.28,183.68,205.61,25.37,True,True,True,True,68.91,0.85,271.9,119.99,-15.31,91.92,55,NORMAL,above 200DMA; above 50DMA; 200DMA rising; healthy RSI,,,,0,0,NOT A RECOVERY,False,,236.9,2025-10-30,-2.79,False,True,75,NEAR PRIOR HIGH,within 5% of prior high; above 200DMA; above 50DMA; RSI >=50,85,above 200DMA; above 50DMA; 200DMA rising; 50DMA > 200DMA; RSI >=50,False,72.5,248.94,8.1,207.25,0.81,NEAR PRIOR HIGH,53.297173,3.6787183,4.24,87.0,52642365440.0,,,2.8870001,2.723,26.051,,,,30.7,-32.4,-32.4,28.0,54.7,False
471,NELCAST,2026-09-30,123.4,122.24,117.33,0.95,True,True,True,False,63.6,2.29,173.2,85.98,-28.75,43.52,65,NORMAL,above 200DMA; above 50DMA; 200DMA rising; healthy RSI; volume confirmation,2026-08-12,102.32,20.6,105,105,STRONG RETEST,True,at/above 200DMA; moving toward 200DMA; recovery >=10%; above 50DMA; volume >=1.2x; RSI >=50,173.2,2026-05-08,-28.75,False,False,50,ABOVE 200DMA,above 200DMA; above 50DMA; RSI >=50; volume >=1.2x,85,above 200DMA; above 50DMA; 200DMA rising; RSI >=50; volume >=1.2x,False,71.0,134.69,9.15,111.06,0.92,200DMA RECOVERY,25.69639,1.7648516,4.71,56.99999999999999,10559100928.0,,,2.6129998000000003,3.0700000000000003,42.912,,,,2.8000000000000003,-59.0,-59.0,30.0,54.6,False
280,URBANCO,2026-09-30,157.48,133.94,155.93,17.58,True,True,True,True,42.88,0.57,183.97,100.7,-14.4,56.39,55,NORMAL,within 15% of 52W high; above 200DMA; above 50DMA; 200DMA rising,,,,0,0,NOT A RECOVERY,False,,156.19,2026-05-05,0.83,True,False,80,PRIOR HIGH BREAKOUT,above prior high; above 200DMA; above 50DMA,75,above 200DMA; above 50DMA; 200DMA rising; 50DMA > 200DMA,False,69.0,171.76,9.07,141.73,0.91,PRIOR HIGH BREAKOUT,,11.247482,-2.27,,230216925184.0,,,-20.523001,-19.415002,6.335,,,,43.6,,,33.0,54.6,False
331,FLUOROCHEM,2026-09-30,4405.3,3802.27,4589.98,15.86,True,False,True,True,38.87,0.58,4958.9,2916.6,-11.16,51.04,40,NORMAL,within 15% of 52W high; above 200DMA; 200DMA rising,,,,0,0,NOT A RECOVERY,False,,3928.4,2025-09-23,12.14,True,False,70,PRIOR HIGH BREAKOUT,above prior high; above 200DMA,60,above 200DMA; 200DMA rising; 50DMA > 200DMA,False,55.0,4639.71,5.32,3964.77,0.53,PRIOR HIGH BREAKOUT,77.59607,6.231493,55.95,7.000000000000001,476913762304.0,,,19.709998000000002,11.635,28.94,,,,24.0,20.4,20.4,54.0,54.6,False
343,SOLARINDS,2026-09-30,19700.0,16298.74,19740.9,20.87,True,False,True,True,48.51,1.11,22700.0,11646.0,-13.22,69.16,40,NORMAL,within 15% of 52W high; above 200DMA; 200DMA rising,,,,0,0,NOT A RECOVERY,False,,17820.0,2025-06-30,10.55,True,False,70,PRIOR HIGH BREAKOUT,above prior high; above 200DMA,60,above 200DMA; 200DMA rising; 50DMA > 200DMA,False,55.0,21422.86,8.75,17730.0,0.87,PRIOR HIGH BREAKOUT,87.92603,27.966421,220.64,6.0,1755507064832.0,,,25.502002,17.543,23.271,,,,70.3,92.7,92.7,54.0,54.6,False
345,DATAPATTNS,2026-09-30,4286.9,3756.66,4538.68,14.11,True,False,True,True,40.73,0.56,5000.0,2131.0,-14.26,101.17,40,NORMAL,within 15% of 52W high; above 200DMA; 200DMA rising,,,,0,0,NOT A RECOVERY,False,,3268.8,2025-06-06,31.15,True,False,70,PRIOR HIGH BREAKOUT,above prior high; above 200DMA,60,above 200DMA; 200DMA rising; 50DMA > 200DMA,False,55.0,4618.34,7.73,3858.21,0.77,PRIOR HIGH BREAKOUT,88.5503,13.710199,48.01,23.0,238004633600.0,,,21.934,28.459,0.304,,,,16.8,-13.4,-13.4,54.0,54.6,False
320,TVSMOTOR,2026-09-30,4106.0,3759.89,4224.09,9.21,True,False,True,True,45.5,0.98,4484.5,3228.0,-8.44,27.2,50,APPROACHING 52W HIGH,within 10% of 52W high; above 200DMA; 200DMA rising,,,,0,0,NOT A RECOVERY,False,,3970.0,2026-02-26,3.43,True,False,70,PRIOR HIGH BREAKOUT,above prior high; above 200DMA,60,above 200DMA; 200DMA rising; 50DMA > 200DMA,False,58.5,4274.9,4.11,3695.4,0.41,PRIOR HIGH BREAKOUT,55.63858,57.187145,72.27,28.999999999999996,,,,13.137999,5.691,306.09,,,,34.300000000000004,67.10000000000001,67.10000000000001,48.0,54.3,False
321,NYKAA,2026-09-30,320.0,284.64,333.02,12.42,True,False,True,True,39.78,1.13,349.55,227.9,-8.45,40.41,50,APPROACHING 52W HIGH,within 10% of 52W high; above 200DMA; 200DMA rising,,,,0,0,NOT A RECOVERY,False,,285.6,2026-02-11,12.04,True,False,70,PRIOR HIGH BREAKOUT,above prior high; above 200DMA,60,above 200DMA; 200DMA rising; 50DMA > 200DMA,False,58.5,337.54,5.48,288.0,0.55,PRIOR HIGH BREAKOUT,361.05557,64.7053,0.9,,931069755392.0,,,5.269,2.405,82.829,,,,29.099999999999998,250.0,250.0,48.0,54.3,False
490,ABBOTINDIA,2026-09-30,27125.0,26874.33,26903.9,0.93,True,True,False,True,56.91,0.65,30655.0,25135.0,-11.52,7.92,55,NORMAL,within 15% of 52W high; above 200DMA; above 50DMA; healthy RSI,2026-09-28,26530.0,2.24,80,80,STRONG RETEST,True,at/above 200DMA; moving toward 200DMA; above breakdown low; above 50DMA; RSI >=50,28940.0,2026-07-22,-6.27,False,False,40,ABOVE 200DMA,above 200DMA; above 50DMA; RSI >=50,65,above 200DMA; above 50DMA; 50DMA > 200DMA; RSI >=50,False,56.5,28378.57,4.62,24412.5,0.46,200DMA RECOVERY,35.33904,11.946139,759.5,194.0,570331234304.0,,,27.719998,23.052,3.602,,,,4.3,17.1,17.1,50.0,53.9,False
469,AARTISURF,2026-09-30,493.2,422.41,517.16,16.76,True,False,True,True,42.48,0.66,677.7,316.0,-27.22,56.08,30,NORMAL,above 200DMA; 200DMA rising,,,,0,0,NOT A RECOVERY,False,,516.6,2025-11-10,-4.53,False,True,55,NEAR PRIOR HIGH,within 5% of prior high; above 200DMA,60,above 200DMA; 200DMA rising; 50DMA > 200DMA,False,48.5,544.68,10.44,443.88,1.04,NEAR PRIOR HIGH,22.97235,1.7209654,21.7,20.0,4222746112.0,,,5.6950003,2.0079998000000003,42.536,,,,26.400000000000002,206.1,206.1,62.0,53.9,False
470,PRECOT,2026-09-30,627.7,602.32,719.67,4.21,True,False,True,True,37.69,0.47,899.0,300.05,-30.18,109.2,30,NORMAL,above 200DMA; 200DMA rising,,,,0,0,NOT A RECOVERY,False,,643.65,2025-07-29,-2.48,False,True,55,NEAR PRIOR HIGH,within 5% of prior high; above 200DMA,60,above 200DMA; 200DMA rising; 50DMA > 200DMA,False,48.5,692.51,10.32,564.93,1.03,NEAR PRIOR HIGH,14.9741955,1.593437,42.63,64.0,7660199936.0,,,16.874,5.531,72.242,,,,19.1,135.4,135.4,62.0,53.9,False
503,JSWSTEEL,2026-09-30,1253.4,1238.12,1285.9,1.23,True,False,True,True,43.16,1.03,1351.0,1073.2,-7.22,16.79,50,APPROACHING 52W HIGH,within 10% of 52W high; above 200DMA; 200DMA rising,2026-09-15,1227.0,2.15,55,55,RECOVERY WATCH,True,at/above 200DMA; moving toward 200DMA; above breakdown low,1351.0,2026-08-27,-7.22,False,False,20,ABOVE 200DMA,above 200DMA,60,above 200DMA; 200DMA rising; 50DMA > 200DMA,False,48.5,1301.04,3.8,1128.06,0.38,200DMA RECOVERY,12.159763,3.007948,101.4,56.99999999999999,3009726119936.0,,,15.299,13.065,95.374,,,,9.8,112.99999999999999,112.99999999999999,62.0,53.9,False
119,BAFNAPH,2026-09-30,371.35,179.05,287.45,107.4,True,True,True,True,83.4,0.11,371.4,94.77,-0.01,291.84,80,AT 52W HIGH,within 2% of 52W high; above 200DMA; above 50DMA; 200DMA rising,,,,0,0,NOT A RECOVERY,False,,202.06,2025-11-12,83.78,True,False,90,PRIOR HIGH BREAKOUT,above prior high; above 200DMA; above 50DMA; RSI >=50,85,above 200DMA; above 50DMA; 200DMA rising; 50DMA > 200DMA; RSI >=50,True,84.25,384.55,3.55,334.22,0.36,PRIOR HIGH BREAKOUT,114.42599,9.335486,3.31,,8959837184.0,,,-3.381,5.461,38.932,,,,-23.200000000000003,-97.89999999999999,-97.89999999999999,8.0,53.75,False
912,VMART,2026-09-30,753.7,688.51,800.13,9.47,True,False,True,True,32.83,2.16,888.0,457.9,-15.12,64.6,40,NORMAL,above 200DMA; 200DMA rising; volume confirmation,,,,0,0,NOT A RECOVERY,False,,945.0,2025-06-23,-20.24,False,False,30,ABOVE 200DMA,above 200DMA; volume >=1.2x,75,above 200DMA; 200DMA rising; 50DMA > 200DMA; volume >=1.2x,False,53.75,803.94,6.67,678.33,0.67,ABOVE 200DMA,,,,,,,,,,,,,,,,,,53.75,False
913,SGFIN,2026-09-30,604.35,532.4,663.83,13.51,True,False,True,True,35.84,1.77,727.45,323.0,-16.92,87.11,40,NORMAL,above 200DMA; 200DMA rising; volume confirmation,,,,0,0,NOT A RECOVERY,False,,,,,False,False,30,ABOVE 200DMA,above 200DMA; volume >=1.2x,75,above 200DMA; 200DMA rising; 50DMA > 200DMA; volume >=1.2x,False,53.75,649.64,7.49,543.91,0.75,ABOVE 200DMA,,,,,,,,,,,,,,,,,,53.75,False
914,STEL,2026-09-30,570.1,518.01,593.91,10.06,True,False,True,True,37.85,2.12,689.95,380.0,-17.37,50.03,40,NORMAL,above 200DMA; 200DMA rising; volume confirmation,,,,0,0,NOT A RECOVERY,False,,633.3,2025-12-04,-9.98,False,False,30,ABOVE 200DMA,above 200DMA; volume >=1.2x,75,above 200DMA; 200DMA rising; 50DMA > 200DMA; volume >=1.2x,False,53.75,629.11,10.35,513.09,1.04,ABOVE 200DMA,,,,,,,,,,,,,,,,,,53.75,False
915,SHEMAROO,2026-09-30,117.12,110.45,123.03,6.04,True,False,True,True,40.88,1.48,143.0,73.0,-18.1,60.44,40,NORMAL,above 200DMA; 200DMA rising; volume confirmation,,,,0,0,NOT A RECOVERY,False,,161.0,2025-07-01,-27.25,False,False,30,ABOVE 200DMA,above 200DMA; volume >=1.2x,75,above 200DMA; 200DMA rising; 50DMA > 200DMA; volume >=1.2x,False,53.75,127.81,9.12,105.41,0.91,ABOVE 200DMA,,,,,,,,,,,,,,,,,,53.75,False
916,KIRLOSBROS,2026-09-30,1774.9,1715.07,1859.57,3.49,True,False,True,True,45.46,5.01,2189.2,1335.0,-18.92,32.95,40,NORMAL,above 200DMA; 200DMA rising; volume confirmation,,,,0,0,NOT A RECOVERY,False,,2115.0,2025-09-18,-16.08,False,False,30,ABOVE 200DMA,above 200DMA; volume >=1.2x,75,above 200DMA; 200DMA rising; 50DMA > 200DMA; volume >=1.2x,False,53.75,1906.5,7.41,1597.41,0.74,ABOVE 200DMA,,,,,,,,,,,,,,,,,,53.75,False
917,VERANDA,2026-09-30,220.75,209.56,238.87,5.34,True,False,True,True,40.07,3.38,272.5,130.02,-18.99,69.78,40,NORMAL,above 200DMA; 200DMA rising; volume confirmation,,,,0,0,NOT A RECOVERY,False,,272.5,2025-10-28,-18.99,False,False,30,ABOVE 200DMA,above 200DMA; volume >=1.2x,75,above 200DMA; 200DMA rising; 50DMA > 200DMA; volume >=1.2x,False,53.75,240.98,9.17,198.68,0.92,ABOVE 200DMA,,,,,,,,,,,,,,,,,,53.75,False
918,ENRIN,2026-09-30,3200.0,3087.52,3286.72,3.64,True,False,True,True,47.75,1.79,3968.0,2115.0,-19.35,51.3,40,NORMAL,above 200DMA; 200DMA rising; volume confirmation,,,,0,0,NOT A RECOVERY,False,,3968.0,2026-05-29,-19.35,False,False,30,ABOVE 200DMA,above 200DMA; volume >=1.2x,75,above 200DMA; 200DMA rising; 50DMA > 200DMA; volume >=1.2x,False,53.75,3417.5,6.8,2880.0,0.68,ABOVE 200DMA,,,,,,,,,,,,,,,,,,53.75,False
919,DEEPAKFERT,2026-09-30,1351.0,1295.09,1444.21,4.32,True,False,True,True,45.99,2.16,1681.0,866.4,-19.63,55.93,40,NORMAL,above 200DMA; 200DMA rising; volume confirmation,,,,0,0,NOT A RECOVERY,False,,1681.0,2026-08-04,-19.63,False,False,30,ABOVE 200DMA,above 200DMA; volume >=1.2x,75,above 200DMA; 200DMA rising; 50DMA > 200DMA; volume >=1.2x,False,53.75,1440.6,6.63,1215.9,0.66,ABOVE 200DMA,,,,,,,,,,,,,,,,,,53.75,False
920,ADANIPOWER,2026-09-30,204.0,188.6,207.07,8.17,True,False,True,True,48.62,1.29,254.2,128.1,-19.75,59.25,40,NORMAL,above 200DMA; 200DMA rising; volume confirmation,,,,0,0,NOT A RECOVERY,False,,,,,False,False,30,ABOVE 200DMA,above 200DMA; volume >=1.2x,75,above 200DMA; 200DMA rising; 50DMA > 200DMA; volume >=1.2x,False,53.75,215.25,5.51,183.6,0.55,ABOVE 200DMA,,,,,,,,,,,,,,,,,,53.75,False
921,THEMISMED,2026-09-30,116.46,100.8,116.75,15.54,True,False,True,True,43.53,1.3,147.0,64.95,-20.78,79.31,40,NORMAL,above 200DMA; 200DMA rising; volume confirmation,,,,0,0,NOT A RECOVERY,False,,148.0,2025-09-25,-21.31,False,False,30,ABOVE 200DMA,above 200DMA; volume >=1.2x,75,above 200DMA; 200DMA rising; 50DMA > 200DMA; volume >=1.2x,False,53.75,128.22,10.1,104.81,1.01,ABOVE 200DMA,,,,,,,,,,,,,,,,,,53.75,False
922,CHEMBONDCH,2026-09-30,225.5,190.2,254.92,18.56,True,False,True,True,32.93,3.04,290.0,104.85,-22.24,115.07,40,NORMAL,above 200DMA; 200DMA rising; volume confirmation,,,,0,0,NOT A RECOVERY,False,,,,,False,False,30,ABOVE 200DMA,above 200DMA; volume >=1.2x,75,above 200DMA; 200DMA rising; 50DMA > 200DMA; volume >=1.2x,False,53.75,255.27,13.2,202.95,1.32,ABOVE 200DMA,,,,,,,,,,,,,,,,,,53.75,False
923,VIMTALABS,2026-09-30,600.3,532.28,620.38,12.78,True,False,True,True,44.69,1.39,774.7,376.05,-22.51,59.63,40,NORMAL,above 200DMA; 200DMA rising; volume confirmation,,,,0,0,NOT A RECOVERY,False,,735.0,2025-11-03,-18.33,False,False,30,ABOVE 200DMA,above 200DMA; volume >=1.2x,75,above 200DMA; 200DMA rising; 50DMA > 200DMA; volume >=1.2x,False,53.75,641.81,6.92,540.27,0.69,ABOVE 200DMA,,,,,,,,,,,,,,,,,,53.75,False
924,KCPSUGIND,2026-09-30,28.04,25.66,30.82,9.25,True,False,True,True,37.65,1.44,36.47,21.45,-23.11,30.72,40,NORMAL,above 200DMA; 200DMA rising; volume confirmation,,,,0,0,NOT A RECOVERY,False,,31.38,2025-10-30,-10.64,False,False,30,ABOVE 200DMA,above 200DMA; volume >=1.2x,75,above 200DMA; 200DMA rising; 50DMA > 200DMA; volume >=1.2x,False,53.75,30.73,9.58,25.24,0.96,ABOVE 200DMA,,,,,,,,,,,,,,,,,,53.75,False
925,GATECH,2026-09-30,0.68,0.57,0.76,20.29,True,False,True,True,39.55,2.22,1.11,0.4,-38.74,70.0,40,NORMAL,above 200DMA; 200DMA rising; volume confirmation,,,,0,0,NOT A RECOVERY,False,,0.93,2025-09-24,-26.88,False,False,30,ABOVE 200DMA,above 200DMA; volume >=1.2x,75,above 200DMA; 200DMA rising; 50DMA > 200DMA; volume >=1.2x,False,53.75,0.75,10.71,0.61,1.07,ABOVE 200DMA,,,,,,,,,,,,,,,,,,53.75,False
302,JINDWORLD,2026-09-30,46.54,31.0,42.97,50.12,True,True,True,True,48.43,0.09,61.99,17.85,-24.92,160.73,45,NORMAL,above 200DMA; above 50DMA; 200DMA rising,,,,0,0,NOT A RECOVERY,False,,38.18,2025-10-20,21.9,True,False,80,PRIOR HIGH BREAKOUT,above prior high; above 200DMA; above 50DMA,75,above 200DMA; above 50DMA; 200DMA rising; 50DMA > 200DMA,False,65.5,52.85,13.56,41.89,1.36,PRIOR HIGH BREAKOUT,53.90588,5.352803,0.85,,45939224576.0,,,7.982,3.6849998000000004,64.866,,,,2.7,88.2,88.2,36.0,53.7,False
296,UNIVPHOTO,2026-09-30,512.75,390.29,497.24,31.38,True,True,True,True,46.36,0.12,624.75,180.6,-17.93,183.91,45,NORMAL,above 200DMA; above 50DMA; 200DMA rising,,,,0,0,NOT A RECOVERY,False,,333.4,2025-07-03,53.79,True,False,80,PRIOR HIGH BREAKOUT,above prior high; above 200DMA; above 50DMA,75,above 200DMA; above 50DMA; 200DMA rising; 50DMA > 200DMA,False,65.5,578.01,12.73,461.48,1.27,PRIOR HIGH BREAKOUT,,0.66175616,-16.08,,5363835904.0,,,14.051,-91.186994,,,,,10.299999999999999,,,35.0,53.3,False
352,RRKABEL,2026-09-30,2518.6,1947.64,2626.24,29.32,True,False,True,True,49.05,0.52,2983.8,1218.9,-15.59,106.63,30,NORMAL,above 200DMA; 200DMA rising,,,,0,0,NOT A RECOVERY,False,,1578.2,2026-02-27,59.59,True,False,70,PRIOR HIGH BREAKOUT,above prior high; above 200DMA,60,above 200DMA; 200DMA rising; 50DMA > 200DMA,False,51.5,2661.17,5.66,2266.74,0.57,PRIOR HIGH BREAKOUT,46.937557,11.063662,53.65,44.0,284822274048.0,,,8.001000399999999,5.609999999999999,13.092,,,,53.900000000000006,128.5,128.5,56.0,53.3,False
376,UNIVASTU,2026-09-30,132.96,92.27,149.28,44.11,True,False,True,True,38.84,1.02,178.98,56.02,-25.71,137.34,30,NORMAL,above 200DMA; 200DMA rising,,,,0,0,NOT A RECOVERY,False,,104.88,2025-10-13,26.77,True,False,70,PRIOR HIGH BREAKOUT,above prior high; above 200DMA,60,above 200DMA; 200DMA rising; 50DMA > 200DMA,False,51.5,147.85,11.2,119.66,1.12,PRIOR HIGH BREAKOUT,36.480976,4.6729784,3.68,,4831223808.0,,,13.682,9.651,30.028,,,,252.70000000000002,281.2,281.2,56.0,53.3,False
475,MASKINVEST,2026-09-30,150.95,146.96,147.9,2.72,True,True,False,True,55.26,1.35,246.09,114.94,-38.66,31.33,55,NORMAL,above 200DMA; above 50DMA; healthy RSI; volume confirmation,2026-09-11,137.0,10.18,105,105,STRONG RETEST,True,at/above 200DMA; moving toward 200DMA; recovery >=10%; above 50DMA; volume >=1.2x; RSI >=50,193.64,2026-04-24,-22.05,False,False,50,ABOVE 200DMA,above 200DMA; above 50DMA; RSI >=50; volume >=1.2x,80,above 200DMA; above 50DMA; 50DMA > 200DMA; RSI >=50; volume >=1.2x,False,65.25,169.75,12.45,135.85,1.25,200DMA RECOVERY,551.57697,0.73371637,0.26,,437615616.0,,,-109.821,81.374,1.191,,,,-14.2,,,35.0,53.15,False
483,GMRP&UI,2026-09-30,105.38,103.61,96.25,1.71,True,True,False,False,67.96,2.18,136.3,86.8,-22.69,21.41,55,NORMAL,above 200DMA; above 50DMA; healthy RSI; volume confirmation,2026-05-22,86.8,21.41,105,105,STRONG RETEST,True,at/above 200DMA; moving toward 200DMA; recovery >=10%; above 50DMA; volume >=1.2x; RSI >=50,136.95,2025-09-16,-23.05,False,False,50,ABOVE 200DMA,above 200DMA; above 50DMA; RSI >=50; volume >=1.2x,65,above 200DMA; above 50DMA; RSI >=50; volume >=1.2x,False,58.5,113.41,7.62,94.84,0.76,200DMA RECOVERY,13.060256,4.179111,7.8,,79562260480.0,,,17.159,7.669,549.816,,,,3.4000000000000004,,,45.0,53.1,False
339,SIS,2026-09-30,419.1,372.7,424.71,12.45,True,False,True,True,48.98,0.77,480.95,257.05,-12.86,63.04,40,NORMAL,within 15% of 52W high; above 200DMA; 200DMA rising,,,,0,0,NOT A RECOVERY,False,,401.85,2025-07-31,4.29,True,False,70,PRIOR HIGH BREAKOUT,above prior high; above 200DMA,60,above 200DMA; 200DMA rising; 50DMA > 200DMA,False,55.0,448.51,7.02,377.19,0.7,PRIOR HIGH BREAKOUT,39.73532,2.2914724,10.39,334.0,57457201152.0,,,3.141,0.86,70.299,,,,29.7,11.5,11.5,50.0,53.0,False
926,GEEKAYWIRE,2026-09-30,31.19,26.13,26.37,19.38,True,True,False,True,56.51,0.24,36.8,18.51,-15.24,68.5,45,NORMAL,above 200DMA; above 50DMA; healthy RSI,,,,0,0,NOT A RECOVERY,False,,,,,False,False,40,ABOVE 200DMA,above 200DMA; above 50DMA; RSI >=50,65,above 200DMA; above 50DMA; 50DMA > 200DMA; RSI >=50,False,53.0,35.9,15.1,28.07,1.51,ABOVE 200DMA,,,,,,,,,,,,,,,,,,53.0,False
927,AJAXENGG,2026-09-30,587.0,544.32,576.77,7.84,True,True,False,True,53.73,0.25,697.55,394.8,-15.85,48.68,45,NORMAL,above 200DMA; above 50DMA; healthy RSI,,,,0,0,NOT A RECOVERY,False,,697.55,2025-09-29,-15.85,False,False,40,ABOVE 200DMA,above 200DMA; above 50DMA; RSI >=50,65,above 200DMA; above 50DMA; 50DMA > 200DMA; RSI >=50,False,53.0,627.09,6.83,528.3,0.68,ABOVE 200DMA,,,,,,,,,,,,,,,,,,53.0,False
928,MANINFRA,2026-09-30,126.86,111.54,115.73,13.73,True,True,False,True,59.22,0.72,150.86,77.12,-15.91,64.5,45,NORMAL,above 200DMA; above 50DMA; healthy RSI,,,,0,0,NOT A RECOVERY,False,,169.6,2025-08-21,-25.2,False,False,40,ABOVE 200DMA,above 200DMA; above 50DMA; RSI >=50,65,above 200DMA; above 50DMA; 50DMA > 200DMA; RSI >=50,False,53.0,134.32,5.88,114.17,0.59,ABOVE 200DMA,,,,,,,,,,,,,,,,,,53.0,False
929,SATIA,2026-09-30,69.7,62.25,62.8,11.97,True,True,False,True,67.08,1.08,83.8,50.8,-16.83,37.2,45,NORMAL,above 200DMA; above 50DMA; healthy RSI,,,,0,0,NOT A RECOVERY,False,,90.7,2025-08-25,-23.15,False,False,40,ABOVE 200DMA,above 200DMA; above 50DMA; RSI >=50,65,above 200DMA; above 50DMA; 50DMA > 200DMA; RSI >=50,False,53.0,74.89,7.45,62.73,0.75,ABOVE 200DMA,,,,,,,,,,,,,,,,,,53.0,False
930,INDIQUBE,2026-09-30,196.38,176.36,188.86,11.35,True,True,False,True,53.26,0.41,237.5,131.15,-17.31,49.74,45,NORMAL,above 200DMA; above 50DMA; healthy RSI,,,,0,0,NOT A RECOVERY,False,,232.01,2025-11-26,-15.36,False,False,40,ABOVE 200DMA,above 200DMA; above 50DMA; RSI >=50,65,above 200DMA; above 50DMA; 50DMA > 200DMA; RSI >=50,False,53.0,215.92,9.95,176.74,1.0,ABOVE 200DMA,,,,,,,,,,,,,,,,,,53.0,False
931,BLACKBUCK,2026-09-30,607.9,583.74,586.67,4.14,True,True,False,True,51.83,0.54,748.0,496.0,-18.73,22.56,45,NORMAL,above 200DMA; above 50DMA; healthy RSI,,,,0,0,NOT A RECOVERY,False,,707.4,2026-01-05,-14.07,False,False,40,ABOVE 200DMA,above 200DMA; above 50DMA; RSI >=50,65,above 200DMA; above 50DMA; 50DMA > 200DMA; RSI >=50,False,53.0,660.9,8.72,547.11,0.87,ABOVE 200DMA,,,,,,,,,,,,,,,,,,53.0,False
932,SHARDAMOTR,2026-09-30,956.95,875.89,906.09,9.25,True,True,False,True,56.71,0.47,1189.9,700.0,-19.58,36.71,45,NORMAL,above 200DMA; above 50DMA; healthy RSI,,,,0,0,NOT A RECOVERY,False,,1016.7,2026-02-03,-5.88,False,False,40,ABOVE 200DMA,above 200DMA; above 50DMA; RSI >=50,65,above 200DMA; above 50DMA; 50DMA > 200DMA; RSI >=50,False,53.0,1035.08,8.16,861.26,0.82,ABOVE 200DMA,,,,,,,,,,,,,,,,,,53.0,False
933,HERITGFOOD,2026-09-30,402.0,361.05,374.52,11.34,True,True,False,True,53.53,0.26,503.8,292.55,-20.21,37.41,45,NORMAL,above 200DMA; above 50DMA; healthy RSI,,,,0,0,NOT A RECOVERY,False,,480.0,2025-12-15,-16.25,False,False,40,ABOVE 200DMA,above 200DMA; above 50DMA; RSI >=50,65,above 200DMA; above 50DMA; 50DMA > 200DMA; RSI >=50,False,53.0,433.63,7.87,361.8,0.79,ABOVE 200DMA,,,,,,,,,,,,,,,,,,53.0,False
934,SUPERSPIN,2026-09-30,7.71,6.19,6.54,24.58,True,True,False,True,65.51,0.74,9.98,3.79,-22.75,103.43,45,NORMAL,above 200DMA; above 50DMA; healthy RSI,,,,0,0,NOT A RECOVERY,False,,,,,False,False,40,ABOVE 200DMA,above 200DMA; above 50DMA; RSI >=50,65,above 200DMA; above 50DMA; 50DMA > 200DMA; RSI >=50,False,53.0,8.6,11.54,6.94,1.15,ABOVE 200DMA,,,,,,,,,,,,,,,,,,53.0,False
935,NUVOCO,2026-09-30,337.8,327.43,334.87,3.17,True,True,False,True,54.09,0.54,439.85,276.25,-23.2,22.28,45,NORMAL,above 200DMA; above 50DMA; healthy RSI,,,,0,0,NOT A RECOVERY,False,,398.0,2026-07-15,-15.13,False,False,40,ABOVE 200DMA,above 200DMA; above 50DMA; RSI >=50,65,above 200DMA; above 50DMA; 50DMA > 200DMA; RSI >=50,False,53.0,359.14,6.32,304.02,0.63,ABOVE 200DMA,,,,,,,,,,,,,,,,,,53.0,False
936,NECCLTD,2026-09-30,18.42,15.96,16.87,15.43,True,True,False,True,52.19,0.59,24.01,10.55,-23.28,74.6,45,NORMAL,above 200DMA; above 50DMA; healthy RSI,,,,0,0,NOT A RECOVERY,False,,24.01,2025-10-23,-23.28,False,False,40,ABOVE 200DMA,above 200DMA; above 50DMA; RSI >=50,65,above 200DMA; above 50DMA; 50DMA > 200DMA; RSI >=50,False,53.0,20.44,10.95,16.58,1.1,ABOVE 200DMA,,,,,,,,,,,,,,,,,,53.0,False
937,PDMJEPAPER,2026-09-30,97.22,86.5,94.56,12.39,True,True,False,True,53.18,0.56,127.18,65.0,-23.56,49.57,45,NORMAL,above 200DMA; above 50DMA; healthy RSI,,,,0,0,NOT A RECOVERY,False,,103.9,2025-12-01,-6.43,False,False,40,ABOVE 200DMA,above 200DMA; above 50DMA; RSI >=50,65,above 200DMA; above 50DMA; 50DMA > 200DMA; RSI >=50,False,53.0,106.95,10.01,87.5,1.0,ABOVE 200DMA,,,,,,,,,,,,,,,,,,53.0,False
938,PARADEEP,2026-09-30,154.28,136.04,151.92,13.41,True,True,False,True,50.53,0.81,201.99,99.7,-23.62,54.74,45,NORMAL,above 200DMA; above 50DMA; healthy RSI,,,,0,0,NOT A RECOVERY,False,,180.8,2025-11-10,-14.67,False,False,40,ABOVE 200DMA,above 200DMA; above 50DMA; RSI >=50,65,above 200DMA; above 50DMA; 50DMA > 200DMA; RSI >=50,False,53.0,162.66,5.43,138.85,0.54,ABOVE 200DMA,,,,,,,,,,,,,,,,,,53.0,False
939,TIL,2026-09-30,252.69,223.09,242.68,13.27,True,True,False,True,53.92,0.8,334.7,161.25,-24.5,56.71,45,NORMAL,above 200DMA; above 50DMA; healthy RSI,,,,0,0,NOT A RECOVERY,False,,300.2,2025-12-23,-15.83,False,False,40,ABOVE 200DMA,above 200DMA; above 50DMA; RSI >=50,65,above 200DMA; above 50DMA; 50DMA > 200DMA; RSI >=50,False,53.0,275.75,9.12,227.42,0.91,ABOVE 200DMA,,,,,,,,,,,,,,,,,,53.0,False
940,EMKAY,2026-09-30,278.2,247.87,249.52,12.24,True,True,False,True,62.29,0.76,370.9,186.0,-24.99,49.57,45,NORMAL,above 200DMA; above 50DMA; healthy RSI,,,,0,0,NOT A RECOVERY,False,,325.98,2026-06-04,-14.66,False,False,40,ABOVE 200DMA,above 200DMA; above 50DMA; RSI >=50,65,above 200DMA; above 50DMA; 50DMA > 200DMA; RSI >=50,False,53.0,304.76,9.55,250.38,0.95,ABOVE 200DMA,,,,,,,,,,,,,,,,,,53.0,False
941,ARIHANTCAP,2026-09-30,89.74,76.21,79.72,17.75,True,True,False,True,62.66,0.45,120.0,56.97,-25.22,57.52,45,NORMAL,above 200DMA; above 50DMA; healthy RSI,,,,0,0,NOT A RECOVERY,False,,99.5,2026-01-07,-9.81,False,False,40,ABOVE 200DMA,above 200DMA; above 50DMA; RSI >=50,65,above 200DMA; above 50DMA; 50DMA > 200DMA; RSI >=50,False,53.0,98.84,10.14,80.77,1.01,ABOVE 200DMA,,,,,,,,,,,,,,,,,,53.0,False
942,SHOPERSTOP,2026-09-30,415.0,360.77,399.81,15.03,True,True,False,True,58.03,0.07,558.0,275.95,-25.63,50.39,45,NORMAL,above 200DMA; above 50DMA; healthy RSI,,,,0,0,NOT A RECOVERY,False,,504.5,2025-11-04,-17.74,False,False,40,ABOVE 200DMA,above 200DMA; above 50DMA; RSI >=50,65,above 200DMA; above 50DMA; 50DMA > 200DMA; RSI >=50,False,53.0,462.29,11.4,373.5,1.14,ABOVE 200DMA,,,,,,,,,,,,,,,,,,53.0,False
943,BANARBEADS,2026-09-30,120.75,113.71,114.04,6.19,True,True,False,True,59.27,0.93,164.7,96.05,-26.68,25.72,45,NORMAL,above 200DMA; above 50DMA; healthy RSI,,,,0,0,NOT A RECOVERY,False,,134.84,2025-12-11,-10.45,False,False,40,ABOVE 200DMA,above 200DMA; above 50DMA; RSI >=50,65,above 200DMA; above 50DMA; 50DMA > 200DMA; RSI >=50,False,53.0,133.85,10.85,108.67,1.09,ABOVE 200DMA,,,,,,,,,,,,,,,,,,53.0,False
944,PARAGMILK,2026-09-30,271.65,234.5,241.11,15.84,True,True,False,True,57.66,0.44,376.95,177.84,-27.93,52.75,45,NORMAL,above 200DMA; above 50DMA; healthy RSI,,,,0,0,NOT A RECOVERY,False,,322.95,2025-12-12,-15.88,False,False,40,ABOVE 200DMA,above 200DMA; above 50DMA; RSI >=50,65,above 200DMA; above 50DMA; 50DMA > 200DMA; RSI >=50,False,53.0,301.91,11.14,244.48,1.11,ABOVE 200DMA,,,,,,,,,,,,,,,,,,53.0,False
945,ZUARIIND,2026-09-30,282.2,266.24,268.65,6.0,True,True,False,True,56.76,1.06,395.85,210.0,-28.71,34.38,45,NORMAL,above 200DMA; above 50DMA; healthy RSI,,,,0,0,NOT A RECOVERY,False,,335.45,2025-12-31,-15.87,False,False,40,ABOVE 200DMA,above 200DMA; above 50DMA; RSI >=50,65,above 200DMA; above 50DMA; 50DMA > 200DMA; RSI >=50,False,53.0,304.98,8.07,253.98,0.81,ABOVE 200DMA,,,,,,,,,,,,,,,,,,53.0,False
946,EPACKPEB,2026-09-30,243.2,219.04,239.44,11.03,True,True,False,True,53.81,0.24,344.0,132.17,-29.3,84.01,45,NORMAL,above 200DMA; above 50DMA; healthy RSI,,,,0,0,NOT A RECOVERY,False,,293.9,2025-12-29,-17.25,False,False,40,ABOVE 200DMA,above 200DMA; above 50DMA; RSI >=50,65,above 200DMA; above 50DMA; 50DMA > 200DMA; RSI >=50,False,53.0,266.76,9.69,218.88,0.97,ABOVE 200DMA,,,,,,,,,,,,,,,,,,53.0,False
947,KIRIINDUS,2026-09-30,541.3,450.15,486.35,20.25,True,True,False,True,54.41,0.28,779.0,333.8,-30.51,62.16,45,NORMAL,above 200DMA; above 50DMA; healthy RSI,,,,0,0,NOT A RECOVERY,False,,779.0,2026-01-01,-30.51,False,False,40,ABOVE 200DMA,above 200DMA; above 50DMA; RSI >=50,65,above 200DMA; above 50DMA; 50DMA > 200DMA; RSI >=50,False,53.0,587.43,8.52,487.17,0.85,ABOVE 200DMA,,,,,,,,,,,,,,,,,,53.0,False
948,MANAKCOAT,2026-09-30,126.98,117.73,123.72,7.86,True,True,False,True,50.83,0.45,182.82,94.2,-30.54,34.8,45,NORMAL,above 200DMA; above 50DMA; healthy RSI,,,,0,0,NOT A RECOVERY,False,,148.37,2025-11-10,-14.42,False,False,40,ABOVE 200DMA,above 200DMA; above 50DMA; RSI >=50,65,above 200DMA; above 50DMA; 50DMA > 200DMA; RSI >=50,False,53.0,137.69,8.44,114.28,0.84,ABOVE 200DMA,,,,,,,,,,,,,,,,,,53.0,False
949,HLEGLAS,2026-09-30,439.4,366.88,382.77,19.77,True,True,False,True,61.2,0.25,661.95,250.0,-33.62,75.76,45,NORMAL,above 200DMA; above 50DMA; healthy RSI,,,,0,0,NOT A RECOVERY,False,,488.7,2025-11-21,-10.09,False,False,40,ABOVE 200DMA,above 200DMA; above 50DMA; RSI >=50,65,above 200DMA; above 50DMA; 50DMA > 200DMA; RSI >=50,False,53.0,498.79,13.52,395.46,1.35,ABOVE 200DMA,,,,,,,,,,,,,,,,,,53.0,False
950,CYBERTECH,2026-09-30,138.83,133.76,137.35,3.79,True,True,False,True,52.49,0.49,274.8,95.3,-49.48,45.68,45,NORMAL,above 200DMA; above 50DMA; healthy RSI,,,,0,0,NOT A RECOVERY,False,,159.5,2026-05-27,-12.96,False,False,40,ABOVE 200DMA,above 200DMA; above 50DMA; RSI >=50,65,above 200DMA; above 50DMA; 50DMA > 200DMA; RSI >=50,False,53.0,148.19,6.74,124.95,0.67,ABOVE 200DMA,,,,,,,,,,,,,,,,,,53.0,False
568,SHRIRAMFIN,2026-09-30,982.7,1008.15,1059.59,-2.52,False,False,True,True,37.2,1.41,1153.7,611.15,-14.82,60.8,30,NORMAL,within 15% of 52W high; 200DMA rising; volume confirmation,2026-09-24,965.1,1.82,35,35,NEAR 200DMA,True,within 3% of 200DMA; above breakdown low; volume >=1.2x,1153.7,2026-08-06,-14.82,False,False,10,NORMAL,volume >=1.2x,50,200DMA rising; 50DMA > 200DMA; volume >=1.2x,False,35.0,1027.47,4.56,884.43,0.46,200DMA RECOVERY,16.696114,2.6973875,56.6,140.0,2223627567104.0,18.495001,,68.518996,50.009996,276.215,,,,42.8,29.5,29.5,80.0,53.0,False
402,ANKITMETAL,2026-09-30,1.97,1.62,1.66,21.6,True,True,True,True,76.13,1.34,2.12,1.29,-7.08,52.71,75,APPROACHING 52W HIGH,within 10% of 52W high; above 200DMA; above 50DMA; 200DMA rising; volume confirmation,,,,0,0,NOT A RECOVERY,False,,1.98,2026-08-27,-0.51,False,True,85,NEAR PRIOR HIGH,within 5% of prior high; above 200DMA; above 50DMA; RSI >=50; volume >=1.2x,100,above 200DMA; above 50DMA; 200DMA rising; 50DMA > 200DMA; RSI >=50; volume >=1.2x,False,88.25,2.03,3.05,1.77,0.3,NEAR PRIOR HIGH,,-0.028162464,-23.9,,290687616.0,,,-51.785000000000004,-31.392999999999997,,,,,-25.5,,,0.0,52.95,False
438,BOROLTD,2026-09-30,293.38,247.36,250.49,18.6,True,True,False,True,69.89,2.85,363.4,213.73,-19.27,37.27,55,NORMAL,above 200DMA; above 50DMA; healthy RSI; volume confirmation,,,,0,0,NOT A RECOVERY,False,,295.85,2026-01-07,-0.83,False,True,85,NEAR PRIOR HIGH,within 5% of prior high; above 200DMA; above 50DMA; RSI >=50; volume >=1.2x,80,above 200DMA; above 50DMA; 50DMA > 200DMA; RSI >=50; volume >=1.2x,False,72.25,316.34,7.83,264.04,0.78,NEAR PRIOR HIGH,47.979454,3.7588542,5.84,,33508456448.0,,,4.9689997,5.757000000000001,16.696,,,,9.0,-26.700000000000003,-26.700000000000003,24.0,52.95,False
531,ABSLAMC,2026-09-30,995.3,982.54,1027.24,1.3,True,False,True,True,42.98,1.15,1224.9,708.0,-18.74,40.58,30,NORMAL,above 200DMA; 200DMA rising,2026-09-29,947.9,5.0,65,65,RECOVERY WATCH,True,at/above 200DMA; moving toward 200DMA; recovery >=5%,1224.9,2026-06-22,-18.74,False,False,20,ABOVE 200DMA,above 200DMA,60,above 200DMA; 200DMA rising; 50DMA > 200DMA,False,41.5,1081.34,8.64,895.77,0.86,200DMA RECOVERY,28.546343,7.086406,34.74,256.0,286973329408.0,,,65.116,47.594002,1.577,,,,10.6,11.3,11.3,70.0,52.9,False
481,BVCL,2026-09-30,43.02,42.29,41.83,1.74,True,True,False,False,57.07,2.23,54.9,31.2,-21.64,37.88,55,NORMAL,above 200DMA; above 50DMA; healthy RSI; volume confirmation,2026-09-11,40.0,7.55,100,100,STRONG RETEST,True,at/above 200DMA; moving toward 200DMA; recovery >=5%; above 50DMA; volume >=1.2x; RSI >=50,54.9,2026-02-05,-21.64,False,False,50,ABOVE 200DMA,above 200DMA; above 50DMA; RSI >=50; volume >=1.2x,65,above 200DMA; above 50DMA; RSI >=50; volume >=1.2x,False,58.5,46.14,7.25,38.72,0.72,200DMA RECOVERY,45.483513,0.7268927,0.91,,917202368.0,,,8.0970004,0.9400000000000001,23.443,,,,5.800000000000001,130.0,130.0,44.0,52.7,False
509,EMMBI,2026-09-30,89.74,88.26,87.14,1.68,True,True,False,False,54.1,0.77,116.9,60.3,-23.23,48.82,45,NORMAL,above 200DMA; above 50DMA; healthy RSI,2026-09-25,85.01,5.56,70,70,RECOVERY WATCH,True,at/above 200DMA; recovery >=5%; above 50DMA; RSI >=50,112.7,2026-06-23,-20.37,False,False,40,ABOVE 200DMA,above 200DMA; above 50DMA; RSI >=50,50,above 200DMA; above 50DMA; RSI >=50,False,46.25,96.86,7.94,80.77,0.79,200DMA RECOVERY,19.077604,0.8322129,4.51,33.0,1655431168.0,,,6.422,1.8579999999999999,88.654,,,,11.200000000000001,53.2,53.2,62.0,52.55,False
452,STOVEKRAFT,2026-09-30,794.95,637.28,803.63,24.74,True,False,True,True,44.05,0.72,877.0,447.05,-9.36,77.82,50,APPROACHING 52W HIGH,within 10% of 52W high; above 200DMA; 200DMA rising,,,,0,0,NOT A RECOVERY,False,,820.0,2025-03-20,-3.05,False,True,55,NEAR PRIOR HIGH,within 5% of prior high; above 200DMA,60,above 200DMA; 200DMA rising; 50DMA > 200DMA,False,55.5,843.24,6.07,715.46,0.61,NEAR PRIOR HIGH,55.006798,5.305971,14.71,44.0,26788788224.0,,,6.348,2.781,23.223,,,,41.3,63.5,63.5,48.0,52.5,False
358,PARAS,2026-09-30,1311.0,958.17,1366.04,36.82,True,False,True,True,40.64,0.6,1585.0,580.5,-17.29,125.84,30,NORMAL,above 200DMA; 200DMA rising,,,,0,0,NOT A RECOVERY,False,,942.0,2025-07-07,39.17,True,False,70,PRIOR HIGH BREAKOUT,above prior high; above 200DMA,60,above 200DMA; 200DMA rising; 50DMA > 200DMA,False,51.5,1429.37,9.03,1179.9,0.9,PRIOR HIGH BREAKOUT,109.34019,14.162043,11.67,8.0,102829432832.0,,,21.437,18.473,3.731,,,,37.3,42.5,42.5,54.0,52.5,False
374,PRUDENT,2026-09-30,3129.2,2793.47,3294.29,12.02,True,False,True,True,41.97,0.96,4105.5,2121.0,-23.78,47.53,30,NORMAL,above 200DMA; 200DMA rising,,,,0,0,NOT A RECOVERY,False,,3098.0,2025-07-31,1.01,True,False,70,PRIOR HIGH BREAKOUT,above prior high; above 200DMA,60,above 200DMA; 200DMA rising; 50DMA > 200DMA,False,51.5,3394.77,8.49,2816.28,0.85,PRIOR HIGH BREAKOUT,52.740955,14.631023,59.14,11.0,129151582208.0,,,27.326,17.491,3.866,,,,20.9,44.4,44.4,54.0,52.5,False
383,SASKEN,2026-09-30,1672.7,1624.12,1839.79,2.99,True,False,True,True,37.23,0.52,2780.2,991.0,-39.84,68.79,30,NORMAL,above 200DMA; 200DMA rising,2026-05-05,1320.0,26.72,70,70,RECOVERY WATCH,True,at/above 200DMA; moving toward 200DMA; recovery >=10%,1635.7,2025-08-19,2.26,True,False,70,PRIOR HIGH BREAKOUT,above prior high; above 200DMA,60,above 200DMA; 200DMA rising; 50DMA > 200DMA,False,51.5,1806.87,8.02,1505.43,0.8,PRIOR HIGH BREAKOUT,37.813187,3.0536995,45.5,155.0,26136961024.0,6.9879999999999995,,6.84,4.8449997,3.212,2.165,1.768,,125.69999999999999,144.5,144.5,54.0,52.5,False
520,LANDSMILL,2026-09-30,0.96,0.96,0.7,0.05,True,True,False,False,81.76,1.13,1.72,0.52,-44.19,84.62,35,NORMAL,above 200DMA; above 50DMA,2026-02-10,0.52,84.62,95,95,STRONG RETEST,True,at/above 200DMA; moving toward 200DMA; recovery >=10%; above 50DMA; RSI >=50,1.74,2025-09-17,-44.83,False,False,40,ABOVE 200DMA,above 200DMA; above 50DMA; RSI >=50,50,above 200DMA; above 50DMA; RSI >=50,False,42.75,1.05,9.67,0.86,0.97,200DMA RECOVERY,52.5,0.72363883,0.02,,1481229696.0,,,-213.036,117.241,0.444,,,,,,,67.0,52.45,False
283,MANGLMCEM,2026-09-30,993.2,882.99,995.08,12.48,True,False,True,True,44.14,1.34,1120.0,679.35,-11.32,46.2,50,NORMAL,within 15% of 52W high; above 200DMA; 200DMA rising; volume confirmation,,,,0,0,NOT A RECOVERY,False,,850.45,2025-04-22,16.79,True,False,80,PRIOR HIGH BREAKOUT,above prior high; above 200DMA; volume >=1.2x,75,above 200DMA; 200DMA rising; 50DMA > 200DMA; volume >=1.2x,False,67.25,1055.7,6.29,893.88,0.63,PRIOR HIGH BREAKOUT,23.60705,2.770431,41.71,15.0,27075215360.0,,,6.876,6.514,90.914,,,,0.8,-44.0,-44.0,30.0,52.35,False
431,HALEOSLABS,2026-09-30,1501.4,1404.93,1490.19,6.87,True,True,True,True,52.66,0.72,1774.0,1091.1,-15.37,37.6,55,NORMAL,above 200DMA; above 50DMA; 200DMA rising; healthy RSI,,,,0,0,NOT A RECOVERY,False,,1539.0,2025-11-21,-2.44,False,True,75,NEAR PRIOR HIGH,within 5% of prior high; above 200DMA; above 50DMA; RSI >=50,85,above 200DMA; above 50DMA; 200DMA rising; 50DMA > 200DMA; RSI >=50,False,72.5,1603.7,6.81,1351.26,0.68,NEAR PRIOR HIGH,28.516747,2.1111364,52.25,10.0,4504697856.0,,,6.6850000000000005,4.874,48.153,,,,-11.600000000000001,-36.4,-36.4,22.0,52.3,False
436,WESTLIFE,2026-09-30,589.85,503.18,556.81,17.22,True,True,True,True,58.42,0.11,763.8,398.4,-22.77,48.05,55,NORMAL,above 200DMA; above 50DMA; 200DMA rising; healthy RSI,,,,0,0,NOT A RECOVERY,False,,610.0,2025-11-03,-3.3,False,True,75,NEAR PRIOR HIGH,within 5% of prior high; above 200DMA; above 50DMA; RSI >=50,85,above 200DMA; above 50DMA; 200DMA rising; 50DMA > 200DMA; RSI >=50,False,72.5,636.57,7.92,530.86,0.79,NEAR PRIOR HIGH,292.5622,15.039256,2.01,14.000000000000002,91274625024.0,,,4.491000199999999,1.1849999,291.521,,,,11.4,-50.0,-50.0,22.0,52.3,False
767,KOPRAN,2026-09-30,278.32,171.93,220.68,61.88,True,True,True,True,63.9,0.2,295.83,107.0,-5.92,160.11,75,APPROACHING 52W HIGH,within 10% of 52W high; above 200DMA; above 50DMA; 200DMA rising; healthy RSI,,,,0,0,NOT A RECOVERY,False,,,,,False,False,40,ABOVE 200DMA,above 200DMA; above 50DMA; RSI >=50,85,above 200DMA; above 50DMA; 200DMA rising; 50DMA > 200DMA; RSI >=50,False,72.5,312.72,12.36,250.49,1.24,HIGH LEVEL,54.449806,2.5682466,5.18,108.0,13630376960.0,,,6.514,3.5680000000000005,28.795,,,,13.900000000000002,-9.700000000000001,-9.700000000000001,22.0,52.3,False
774,PRIMESECU,2026-09-30,298.45,282.3,285.37,5.72,True,True,True,True,57.69,0.13,325.0,253.1,-8.17,17.92,75,APPROACHING 52W HIGH,within 10% of 52W high; above 200DMA; above 50DMA; 200DMA rising; healthy RSI,,,,0,0,NOT A RECOVERY,False,,324.0,2026-06-23,-7.89,False,False,40,ABOVE 200DMA,above 200DMA; above 50DMA; RSI >=50,85,above 200DMA; above 50DMA; 200DMA rising; 50DMA > 200DMA; RSI >=50,False,72.5,320.91,7.52,268.61,0.75,HIGH LEVEL,150.75,3.286569,2.0,50.0,10239037440.0,,,19.178,6.8919999999999995,0.582,,,,-28.799999999999997,-78.4,-78.4,22.0,52.3,False
477,RPSGVENT,2026-09-30,850.5,827.74,872.47,2.75,True,False,True,True,50.79,1.3,1179.0,551.9,-27.86,54.1,50,NORMAL,above 200DMA; 200DMA rising; healthy RSI; volume confirmation,2026-09-16,819.05,3.84,55,55,RECOVERY WATCH,True,at/above 200DMA; above breakdown low; volume >=1.2x; RSI >=50,1179.0,2026-04-07,-27.86,False,False,40,ABOVE 200DMA,above 200DMA; RSI >=50; volume >=1.2x,85,above 200DMA; 200DMA rising; 50DMA > 200DMA; RSI >=50; volume >=1.2x,False,63.75,900.44,5.87,765.45,0.59,200DMA RECOVERY,,1.0957458,-39.29,,27456755712.0,,,16.986999,-1.09,188.639,,,,20.4,9.6,9.6,35.0,52.25,False
494,DHARMAJ,2026-09-30,264.35,257.8,271.83,2.54,True,False,True,True,39.52,2.04,325.05,210.65,-18.67,25.49,40,NORMAL,above 200DMA; 200DMA rising; volume confirmation,2026-07-21,253.1,4.44,65,65,RECOVERY WATCH,True,at/above 200DMA; moving toward 200DMA; above breakdown low; volume >=1.2x,303.0,2025-10-29,-12.76,False,False,30,ABOVE 200DMA,above 200DMA; volume >=1.2x,75,above 200DMA; 200DMA rising; 50DMA > 200DMA; volume >=1.2x,False,53.75,288.16,9.01,237.92,0.9,200DMA RECOVERY,15.019641,2.0214643,17.82,,9045846016.0,,,13.741999999999999,5.219,29.375,,,,4.1000000000000005,17.0,17.0,50.0,52.25,False
327,SIEMENS,2026-09-30,3725.6,3514.62,3901.22,6.0,True,False,True,True,38.13,0.73,4149.4,2826.0,-10.21,31.83,40,NORMAL,within 15% of 52W high; above 200DMA; 200DMA rising,,,,0,0,NOT A RECOVERY,False,,3440.0,2026-02-27,8.3,True,False,70,PRIOR HIGH BREAKOUT,above prior high; above 200DMA,60,above 200DMA; 200DMA rising; 50DMA > 200DMA,False,55.0,3909.2,4.93,3353.04,0.49,PRIOR HIGH BREAKOUT,80.38884,9.788029,47.32,48.0,1354682466304.0,,,7.4889995,19.017,2.213,,,,14.799999999999999,406.1,406.1,48.0,52.2,False
341,CRAFTSMAN,2026-09-30,10417.0,8699.75,10662.62,19.74,True,False,True,True,40.28,0.91,11999.0,6324.0,-13.18,64.72,40,NORMAL,within 15% of 52W high; above 200DMA; 200DMA rising,,,,0,0,NOT A RECOVERY,False,,8220.0,2026-02-03,26.73,True,False,70,PRIOR HIGH BREAKOUT,above prior high; above 200DMA,60,above 200DMA; 200DMA rising; 50DMA > 200DMA,False,55.0,11198.0,7.5,9375.3,0.75,PRIOR HIGH BREAKOUT,52.983074,7.5029707,193.76,11.0,268501401600.0,,,10.836001000000001,5.3340003,111.011,,,,36.3,113.3,113.3,48.0,52.2,False
530,MANAKSIA,2026-09-30,59.99,59.67,60.27,0.54,True,False,True,True,43.49,0.36,73.4,42.1,-18.27,42.49,30,NORMAL,above 200DMA; 200DMA rising,2026-06-01,54.73,9.61,65,65,RECOVERY WATCH,True,at/above 200DMA; moving toward 200DMA; recovery >=5%,73.4,2026-01-06,-18.27,False,False,20,ABOVE 200DMA,above 200DMA,60,above 200DMA; 200DMA rising; 50DMA > 200DMA,False,41.5,67.91,13.2,53.99,1.32,200DMA RECOVERY,6.210636,0.5395758,9.59,,3903207936.0,,,6.768000000000001,7.541,4.069,,,,28.499999999999996,69.89999999999999,69.89999999999999,68.0,52.1,False
533,KNAGRI,2026-09-30,198.13,195.21,207.81,1.49,True,False,True,True,45.31,0.41,244.0,148.3,-18.8,33.6,30,NORMAL,above 200DMA; 200DMA rising,2026-09-10,163.55,21.14,70,70,RECOVERY WATCH,True,at/above 200DMA; moving toward 200DMA; recovery >=10%,233.9,2026-04-13,-15.29,False,False,20,ABOVE 200DMA,above 200DMA,60,above 200DMA; 200DMA rising; 50DMA > 200DMA,False,41.5,222.74,12.42,178.32,1.24,200DMA RECOVERY,15.837283,1.3028024,12.66,,5012281344.0,,,3.903,1.8319999999999999,8.87,,,,34.599999999999994,41.699999999999996,41.699999999999996,68.0,52.1,False
535,PATINTLOG,2026-09-30,13.11,12.81,13.74,2.33,True,False,True,True,42.5,0.67,16.25,8.01,-19.32,63.67,30,NORMAL,above 200DMA; 200DMA rising,2026-06-11,12.42,5.56,65,65,RECOVERY WATCH,True,at/above 200DMA; moving toward 200DMA; recovery >=5%,16.9,2025-09-23,-22.43,False,False,20,ABOVE 200DMA,above 200DMA,60,above 200DMA; 200DMA rising; 50DMA > 200DMA,False,41.5,14.78,12.71,11.8,1.27,200DMA RECOVERY,8.82,0.74330014,1.5,153.0,849177344.0,,,1.644,2.6619998999999996,5.065,,,,46.0,50.0,50.0,68.0,52.1,False
541,POONAWALLA,2026-09-30,443.85,441.6,469.19,0.51,True,False,True,True,41.76,0.57,570.4,361.2,-22.19,22.88,30,NORMAL,above 200DMA; 200DMA rising,2026-09-15,428.1,3.68,55,55,RECOVERY WATCH,True,at/above 200DMA; moving toward 200DMA; above breakdown low,511.9,2026-08-14,-13.29,False,False,20,ABOVE 200DMA,above 200DMA,60,above 200DMA; 200DMA rising; 50DMA > 200DMA,False,41.5,474.89,6.99,399.47,0.7,200DMA RECOVERY,45.429768,3.383981,9.54,,379612004352.0,,,38.981998000000004,22.666,468.058,,,,100.29999999999998,337.0,337.0,68.0,52.1,False
542,SIGNPOST,2026-09-30,262.0,255.72,270.93,2.46,True,False,True,True,46.46,0.16,336.8,191.41,-22.21,36.88,30,NORMAL,above 200DMA; 200DMA rising,2026-09-02,240.15,9.1,65,65,RECOVERY WATCH,True,at/above 200DMA; moving toward 200DMA; recovery >=5%,336.8,2026-07-14,-22.21,False,False,20,ABOVE 200DMA,above 200DMA,60,above 200DMA; 200DMA rising; 50DMA > 200DMA,False,41.5,285.01,8.78,235.8,0.88,200DMA RECOVERY,18.838053,4.8047714,13.77,19.0,13864929280.0,,,18.921,12.451000500000001,69.752,,,,10.6,22.0,22.0,68.0,52.1,False
544,SANDHAR,2026-09-30,585.9,577.56,622.49,1.44,True,False,True,True,39.69,1.15,763.2,424.0,-23.23,38.18,30,NORMAL,above 200DMA; 200DMA rising,2026-09-24,561.35,4.37,55,55,RECOVERY WATCH,True,at/above 200DMA; moving toward 200DMA; above breakdown low,763.2,2026-06-12,-23.23,False,False,20,ABOVE 200DMA,above 200DMA,60,above 200DMA; 200DMA rising; 50DMA > 200DMA,False,41.5,621.9,6.14,527.31,0.61,200DMA RECOVERY,16.310385,2.5466444,34.57,68.0,34020075520.0,,,4.004,4.042,86.084,,,,26.8,33.1,33.1,68.0,52.1,False
454,BBTCL,2026-09-30,228.67,203.39,229.05,12.43,True,False,True,True,48.71,0.14,262.0,156.0,-12.72,46.58,40,NORMAL,within 15% of 52W high; above 200DMA; 200DMA rising,,,,0,0,NOT A RECOVERY,False,,229.35,2025-11-17,-0.3,False,True,55,NEAR PRIOR HIGH,within 5% of prior high; above 200DMA,60,above 200DMA; 200DMA rising; 50DMA > 200DMA,False,52.0,246.67,7.87,205.8,0.79,NEAR PRIOR HIGH,6.6116395,3.5639522,34.71,44.0,4707124736.0,,,13.743,5.153,192.896,,,,18.5,,,52.0,52.0,False
489,ENDURANCE,2026-09-30,2656.5,2596.56,2812.25,2.31,True,False,True,True,40.73,1.66,3072.0,2142.8,-13.53,23.97,50,NORMAL,within 15% of 52W high; above 200DMA; 200DMA rising; volume confirmation,2026-07-01,2548.6,4.23,65,65,RECOVERY WATCH,True,at/above 200DMA; moving toward 200DMA; above breakdown low; volume >=1.2x,2990.0,2025-10-21,-11.15,False,False,30,ABOVE 200DMA,above 200DMA; volume >=1.2x,75,above 200DMA; 200DMA rising; 50DMA > 200DMA; volume >=1.2x,False,57.25,2806.94,5.66,2390.85,0.57,200DMA RECOVERY,37.66324,5.349076,69.07,43.0,365920321536.0,,,7.2749999999999995,6.22,19.393,,,,30.0,8.0,8.0,44.0,51.95,False
323,RKFORGE,2026-09-30,702.3,587.8,706.87,19.48,True,False,True,True,47.33,0.95,772.8,460.15,-9.12,52.62,50,APPROACHING 52W HIGH,within 10% of 52W high; above 200DMA; 200DMA rising,,,,0,0,NOT A RECOVERY,False,,632.0,2026-05-05,11.12,True,False,70,PRIOR HIGH BREAKOUT,above prior high; above 200DMA,60,above 200DMA; 200DMA rising; 50DMA > 200DMA,False,58.5,748.19,6.53,632.07,0.65,PRIOR HIGH BREAKOUT,119.28817,3.8262417,5.83,28.000000000000004,128803938304.0,,,9.783,2.408,74.422,,,,19.8,289.2,289.2,42.0,51.9,False
507,ASHOKAMET,2026-09-30,15.18,14.88,14.35,2.02,True,True,False,False,53.32,0.09,19.4,12.13,-21.75,25.14,45,NORMAL,above 200DMA; above 50DMA; healthy RSI,2026-09-21,14.21,6.83,90,90,STRONG RETEST,True,at/above 200DMA; moving toward 200DMA; recovery >=5%; above 50DMA; RSI >=50,19.4,2026-09-15,-21.75,False,False,40,ABOVE 200DMA,above 200DMA; above 50DMA; RSI >=50,50,above 200DMA; above 50DMA; RSI >=50,False,46.25,17.92,18.03,13.66,1.8,200DMA RECOVERY,2.1088533,0.21265073,6.89,,363191872.0,,,-22.431,49.041998,43.157,,,,-25.4,186.7,186.7,60.0,51.75,False
514,INTLCONV,2026-09-30,80.01,78.72,76.96,1.64,True,True,False,False,55.87,0.64,114.54,60.0,-30.15,33.35,45,NORMAL,above 200DMA; above 50DMA; healthy RSI,2026-09-09,74.55,7.32,90,90,STRONG RETEST,True,at/above 200DMA; moving toward 200DMA; recovery >=5%; above 50DMA; RSI >=50,96.09,2025-12-24,-16.73,False,False,40,ABOVE 200DMA,above 200DMA; above 50DMA; RSI >=50,50,above 200DMA; above 50DMA; RSI >=50,False,46.25,85.22,6.51,72.01,0.65,200DMA RECOVERY,3.7661176,1.202934,21.25,62.0,5104393216.0,,,18.884,63.914,17.291,,,,-0.4,127.89999999999999,127.89999999999999,60.0,51.75,False
104,SGIL,2026-09-30,666.2,549.7,598.4,21.19,True,True,True,True,67.33,0.35,697.95,420.0,-4.55,58.62,85,NEAR 52W HIGH,within 5% of 52W high; above 200DMA; above 50DMA; 200DMA rising; healthy RSI,,,,0,0,NOT A RECOVERY,False,,630.2,2026-07-10,5.71,True,False,90,PRIOR HIGH BREAKOUT,above prior high; above 200DMA; above 50DMA; RSI >=50,85,above 200DMA; above 50DMA; 200DMA rising; 50DMA > 200DMA; RSI >=50,True,86.0,726.82,9.1,599.58,0.91,PRIOR HIGH BREAKOUT,,8.584595,-5.66,17.0,9536159744.0,,,-5.4180003999999995,-2.467,225.406,,,,-10.100000000000001,,,0.0,51.6,False
434,INDOCO,2026-09-30,261.67,222.18,239.16,17.78,True,True,True,True,55.75,0.59,317.35,162.19,-17.55,61.34,55,NORMAL,above 200DMA; above 50DMA; 200DMA rising; healthy RSI,,,,0,0,NOT A RECOVERY,False,,270.0,2026-05-07,-3.09,False,True,75,NEAR PRIOR HIGH,within 5% of prior high; above 200DMA; above 50DMA; RSI >=50,85,above 200DMA; above 50DMA; 200DMA rising; 50DMA > 200DMA; RSI >=50,False,72.5,292.76,11.88,235.5,1.19,NEAR PRIOR HIGH,354.57748,2.2568355,0.71,8.0,23204730880.0,,,1.388,0.301,116.912,,,,6.800000000000001,,,20.0,51.5,False
951,AIIL,2026-09-30,546.6,520.62,548.65,4.99,True,False,True,True,50.91,0.33,683.0,400.0,-19.97,36.65,40,NORMAL,above 200DMA; 200DMA rising; healthy RSI,,,,0,0,NOT A RECOVERY,False,,683.0,2026-01-13,-19.97,False,False,30,ABOVE 200DMA,above 200DMA; RSI >=50,70,above 200DMA; 200DMA rising; 50DMA > 200DMA; RSI >=50,False,51.5,587.54,7.49,491.94,0.75,ABOVE 200DMA,,,,,,,,,,,,,,,,,,51.5,False
952,ROTO,2026-09-30,64.58,62.46,65.33,3.4,True,False,True,True,52.42,1.06,80.77,47.5,-20.04,35.96,40,NORMAL,above 200DMA; 200DMA rising; healthy RSI,,,,0,0,NOT A RECOVERY,False,,78.87,2026-06-24,-18.12,False,False,30,ABOVE 200DMA,above 200DMA; RSI >=50,70,above 200DMA; 200DMA rising; 50DMA > 200DMA; RSI >=50,False,51.5,69.18,7.13,58.12,0.71,ABOVE 200DMA,,,,,,,,,,,,,,,,,,51.5,False
953,UDS,2026-09-30,208.57,178.85,210.21,16.62,True,False,True,True,51.0,0.21,262.85,125.1,-20.65,66.72,40,NORMAL,above 200DMA; 200DMA rising; healthy RSI,,,,0,0,NOT A RECOVERY,False,,256.99,2025-10-08,-18.84,False,False,30,ABOVE 200DMA,above 200DMA; RSI >=50,70,above 200DMA; 200DMA rising; 50DMA > 200DMA; RSI >=50,False,51.5,226.75,8.72,187.71,0.87,ABOVE 200DMA,,,,,,,,,,,,,,,,,,51.5,False
954,AHLWEST,2026-09-30,535.05,373.87,537.54,43.11,True,False,True,True,51.34,0.61,751.4,137.0,-28.79,290.55,40,NORMAL,above 200DMA; 200DMA rising; healthy RSI,,,,0,0,NOT A RECOVERY,False,,,,,False,False,30,ABOVE 200DMA,above 200DMA; RSI >=50,70,above 200DMA; 200DMA rising; 50DMA > 200DMA; RSI >=50,False,51.5,586.64,9.64,481.54,0.96,ABOVE 200DMA,,,,,,,,,,,,,,,,,,51.5,False
955,GLOTTIS,2026-09-30,62.88,58.85,63.65,6.85,True,False,True,True,53.66,1.03,93.0,37.0,-32.39,69.95,40,NORMAL,above 200DMA; 200DMA rising; healthy RSI,,,,0,0,NOT A RECOVERY,False,,73.92,2026-05-21,-14.94,False,False,30,ABOVE 200DMA,above 200DMA; RSI >=50,70,above 200DMA; 200DMA rising; 50DMA > 200DMA; RSI >=50,False,51.5,69.02,9.77,56.59,0.98,ABOVE 200DMA,,,,,,,,,,,,,,,,,,51.5,False
956,STALLION,2026-09-30,230.55,185.8,231.8,24.08,True,False,True,True,55.16,1.02,423.8,99.32,-45.6,132.13,40,NORMAL,above 200DMA; 200DMA rising; healthy RSI,,,,0,0,NOT A RECOVERY,False,,423.8,2025-10-17,-45.6,False,False,30,ABOVE 200DMA,above 200DMA; RSI >=50,70,above 200DMA; 200DMA rising; 50DMA > 200DMA; RSI >=50,False,51.5,250.81,8.79,207.5,0.88,ABOVE 200DMA,,,,,,,,,,,,,,,,,,51.5,False
465,GOKULAGRO,2026-09-30,212.98,205.08,228.79,3.85,True,False,True,True,33.11,0.38,259.8,151.0,-18.02,41.05,30,NORMAL,above 200DMA; 200DMA rising,,,,0,0,NOT A RECOVERY,False,,221.5,2025-12-01,-3.85,False,True,55,NEAR PRIOR HIGH,within 5% of prior high; above 200DMA,60,above 200DMA; 200DMA rising; 50DMA > 200DMA,False,48.5,226.89,6.53,191.68,0.65,NEAR PRIOR HIGH,14.74386,4.367439,14.25,,61997723648.0,,,3.5869999999999997,1.7239999,41.405,,,,7.3,71.5,71.5,56.0,51.5,False
651,VHL,2026-09-30,3400.8,3420.39,3456.52,-0.57,False,False,False,True,47.72,1.69,4275.0,2870.0,-20.45,18.49,10,NORMAL,volume confirmation,2026-09-15,3273.0,3.9,65,65,RECOVERY WATCH,True,at/above 200DMA; moving toward 200DMA; above breakdown low; volume >=1.2x,3799.8,2026-05-06,-10.5,False,False,10,NORMAL,volume >=1.2x,30,50DMA > 200DMA; volume >=1.2x,False,19.0,3554.69,4.52,3060.72,0.45,200DMA RECOVERY,4.359684,0.29121667,787.97,15.0,10963884032.0,,,93.386,1164.937,,,,,193.79999999999998,56.699999999999996,56.699999999999996,100.0,51.4,False
295,RISHABH,2026-09-30,703.0,526.87,702.56,33.43,True,True,True,True,42.81,0.59,852.0,315.0,-17.49,123.17,45,NORMAL,above 200DMA; above 50DMA; 200DMA rising,,,,0,0,NOT A RECOVERY,False,,490.0,2025-09-04,43.47,True,False,80,PRIOR HIGH BREAKOUT,above prior high; above 200DMA; above 50DMA,75,above 200DMA; above 50DMA; 200DMA rising; 50DMA > 200DMA,False,65.5,778.4,10.73,632.7,1.07,PRIOR HIGH BREAKOUT,33.58001,3.6154613,20.81,28.000000000000004,27041443840.0,,,12.026,10.326,10.752,,,,4.2,-4.5,-4.5,30.0,51.3,False
957,TPLPLASTEH,2026-09-30,71.14,68.85,73.33,3.33,True,False,False,True,55.99,9.4,90.33,50.01,-21.24,42.25,40,NORMAL,above 200DMA; healthy RSI; volume confirmation,,,,0,0,NOT A RECOVERY,False,,90.33,2026-07-06,-21.24,False,False,40,ABOVE 200DMA,above 200DMA; RSI >=50; volume >=1.2x,65,above 200DMA; 50DMA > 200DMA; RSI >=50; volume >=1.2x,False,51.25,77.46,8.88,64.03,0.89,ABOVE 200DMA,,,,,,,,,,,,,,,,,,51.25,False
329,ADANIENT,2026-09-30,2903.4,2577.29,2997.07,12.65,True,False,True,True,45.2,1.17,3245.0,1753.0,-10.53,65.62,40,NORMAL,within 15% of 52W high; above 200DMA; 200DMA rising,,,,0,0,NOT A RECOVERY,False,,2695.0,2025-09-23,7.73,True,False,70,PRIOR HIGH BREAKOUT,above prior high; above 200DMA,60,above 200DMA; 200DMA rising; 50DMA > 200DMA,False,55.0,3060.23,5.4,2613.06,0.54,PRIOR HIGH BREAKOUT,48.996346,4.499458,57.49,4.0,3813166022656.0,,,9.395000000000001,6.546,119.56,,,,49.9,,,45.0,51.0,False
351,SUNDRMFAST,2026-09-30,1139.3,949.82,1157.88,19.95,True,False,True,True,37.5,0.27,1347.2,730.1,-15.43,56.05,30,NORMAL,above 200DMA; 200DMA rising,,,,0,0,NOT A RECOVERY,False,,1080.0,2025-07-07,5.49,True,False,70,PRIOR HIGH BREAKOUT,above prior high; above 200DMA,60,above 200DMA; 200DMA rising; 50DMA > 200DMA,False,51.5,1200.57,5.38,1025.37,0.54,PRIOR HIGH BREAKOUT,38.678143,5.52276,29.05,75.0,236100222976.0,,,12.101,9.259,14.532,,,,20.4,13.5,13.5,50.0,50.9,False
381,J&KBANK,2026-09-30,138.65,134.09,151.77,3.4,True,False,True,True,32.05,0.89,201.75,97.35,-31.28,42.42,30,NORMAL,above 200DMA; 200DMA rising,,,,0,0,NOT A RECOVERY,False,,117.25,2025-07-01,18.25,True,False,70,PRIOR HIGH BREAKOUT,above prior high; above 200DMA,60,above 200DMA; 200DMA rising; 50DMA > 200DMA,False,51.5,145.89,5.22,124.78,0.52,PRIOR HIGH BREAKOUT,6.6944046,0.90747607,20.91,143.0,154143522816.0,14.609,,38.034,34.216,,,,,-4.3,-11.600000000000001,-11.600000000000001,50.0,50.9,False
570,OIL,2026-09-30,448.65,461.38,471.4,-2.76,False,False,True,True,33.71,1.45,531.0,395.6,-15.51,13.41,20,NORMAL,200DMA rising; volume confirmation,2026-09-29,446.25,0.54,55,55,RECOVERY WATCH,True,within 3% of 200DMA; moving toward 200DMA; above breakdown low; volume >=1.2x,531.0,2026-05-14,-15.51,False,False,10,NORMAL,volume >=1.2x,50,200DMA rising; 50DMA > 200DMA; volume >=1.2x,False,31.5,471.14,5.01,403.78,0.5,200DMA RECOVERY,8.643177,1.2450297,51.37,290.0,722213863424.0,,,40.747002,21.685,58.741,,,,57.699999999999996,91.4,91.4,80.0,50.9,False
197,MAXESTATES,2026-09-30,587.1,432.88,497.48,35.63,True,True,True,True,61.23,0.55,652.8,305.45,-10.06,92.21,65,NORMAL,within 15% of 52W high; above 200DMA; above 50DMA; 200DMA rising; healthy RSI,,,,0,0,NOT A RECOVERY,False,,500.0,2025-11-10,17.42,True,False,90,PRIOR HIGH BREAKOUT,above prior high; above 200DMA; above 50DMA; RSI >=50,85,above 200DMA; above 50DMA; 200DMA rising; 50DMA > 200DMA; RSI >=50,False,79.0,641.04,9.19,528.39,0.92,PRIOR HIGH BREAKOUT,745.0658,3.8245664,0.76,,92627099648.0,,,35.111,3.0150002,76.199,,,,-0.1,-31.1,-31.1,8.0,50.6,False
330,ARVIND,2026-09-30,539.9,441.02,546.44,22.42,True,False,True,True,45.8,1.03,607.15,277.9,-11.08,94.28,40,NORMAL,within 15% of 52W high; above 200DMA; 200DMA rising,,,,0,0,NOT A RECOVERY,False,,404.0,2025-05-15,33.64,True,False,70,PRIOR HIGH BREAKOUT,above prior high; above 200DMA,60,above 200DMA; 200DMA rising; 50DMA > 200DMA,False,55.0,579.91,7.41,485.91,0.74,PRIOR HIGH BREAKOUT,33.7579,3.4613166,15.82,83.0,139995676672.0,,,5.883,4.227,40.071,,,,24.7,0.5,0.5,44.0,50.6,False
340,CGPOWER,2026-09-30,854.2,796.52,880.88,7.24,True,False,True,True,40.63,1.07,980.9,525.5,-12.92,62.55,40,NORMAL,within 15% of 52W high; above 200DMA; 200DMA rising,,,,0,0,NOT A RECOVERY,False,,797.55,2025-09-17,7.1,True,False,70,PRIOR HIGH BREAKOUT,above prior high; above 200DMA,60,above 200DMA; 200DMA rising; 50DMA > 200DMA,False,55.0,903.11,5.73,768.78,0.57,PRIOR HIGH BREAKOUT,110.70529,17.368452,7.94,15.0,1384836628480.0,,,10.4490004,9.75,1.446,,,,14.000000000000002,13.100000000000001,13.100000000000001,44.0,50.6,False
519,SINCLAIR,2026-09-30,78.63,77.69,77.93,1.21,True,True,False,True,46.93,0.22,101.13,68.82,-22.25,14.25,35,NORMAL,above 200DMA; above 50DMA,2026-09-29,76.51,2.77,50,50,NEAR 200DMA,True,at/above 200DMA; above breakdown low; above 50DMA,86.9,2026-09-07,-9.52,False,False,30,ABOVE 200DMA,above 200DMA; above 50DMA,55,above 200DMA; above 50DMA; 50DMA > 200DMA,False,43.0,84.79,7.84,70.77,0.78,200DMA RECOVERY,36.528572,3.4020755,2.1,102.0,3932154624.0,,,31.746000000000002,16.924,28.381,,,,28.4,27.3,27.3,62.0,50.6,False
566,SCHAEFFLER,2026-09-30,3897.1,4007.59,4033.74,-2.76,False,False,True,True,40.72,1.26,4467.7,3518.4,-12.77,10.76,30,NORMAL,within 15% of 52W high; 200DMA rising; volume confirmation,2026-09-28,3877.3,0.51,35,35,NEAR 200DMA,True,within 3% of 200DMA; above breakdown low; volume >=1.2x,4467.7,2026-03-06,-12.77,False,False,10,NORMAL,volume >=1.2x,50,200DMA rising; 50DMA > 200DMA; volume >=1.2x,False,35.0,4094.93,5.08,3507.39,0.51,200DMA RECOVERY,48.4006,9.899997,80.28,90.0,607333515264.0,21.645,,14.774999,11.932000500000001,0.783,2.487,1.423,,17.299999999999997,13.0,13.0,74.0,50.6,False
456,EPL,2026-09-30,237.0,223.14,241.17,6.21,True,False,True,True,46.44,1.17,274.03,176.4,-13.51,34.35,40,NORMAL,within 15% of 52W high; above 200DMA; 200DMA rising,,,,0,0,NOT A RECOVERY,False,,245.45,2026-05-08,-3.44,False,True,55,NEAR PRIOR HIGH,within 5% of prior high; above 200DMA,60,above 200DMA; 200DMA rising; 50DMA > 200DMA,False,52.0,250.26,5.6,213.3,0.56,NEAR PRIOR HIGH,19.22167,2.5987139,12.09,211.0,74555637760.0,,,11.196999,7.684,33.579,,,,25.3,-1.6,-1.6,48.0,50.4,False
274,INOXINDIA,2026-09-30,2052.5,1560.74,2037.1,31.51,True,True,True,True,47.56,0.54,2339.5,1068.2,-12.27,92.15,55,NORMAL,within 15% of 52W high; above 200DMA; above 50DMA; 200DMA rising,,,,0,0,NOT A RECOVERY,False,,1288.0,2025-07-02,59.36,True,False,80,PRIOR HIGH BREAKOUT,above prior high; above 200DMA; above 50DMA,75,above 200DMA; above 50DMA; 200DMA rising; 50DMA > 200DMA,False,69.0,2240.19,9.14,1847.25,0.91,PRIOR HIGH BREAKOUT,77.57782,17.609272,27.95,10.0,197147164672.0,,,17.899999,15.748000000000001,7.251,,,,9.2,-4.9,-4.9,22.0,50.2,False
350,HONASA,2026-09-30,431.35,372.34,468.64,15.85,True,False,True,True,34.76,0.88,509.8,248.4,-15.39,73.65,30,NORMAL,above 200DMA; 200DMA rising,,,,0,0,NOT A RECOVERY,False,,319.0,2026-02-13,35.22,True,False,70,PRIOR HIGH BREAKOUT,above prior high; above 200DMA,60,above 200DMA; 200DMA rising; 50DMA > 200DMA,False,51.5,465.75,7.97,388.22,0.8,PRIOR HIGH BREAKOUT,56.081257,9.845382,7.63,70.0,139505762304.0,,,13.189,9.748999999999999,9.586,,,,27.0,119.0,119.0,48.0,50.1,False
366,YASHO,2026-09-30,4005.4,2376.61,4043.11,68.53,True,False,True,True,48.1,0.46,4994.0,1130.0,-19.8,254.46,30,NORMAL,above 200DMA; 200DMA rising,,,,0,0,NOT A RECOVERY,False,,2343.85,2025-02-05,70.89,True,False,70,PRIOR HIGH BREAKOUT,above prior high; above 200DMA,60,above 200DMA; 200DMA rising; 50DMA > 200DMA,False,51.5,4424.83,10.47,3604.86,1.05,PRIOR HIGH BREAKOUT,84.683174,10.960094,47.66,1.0,48662433792.0,,,19.155,6.140000000000001,125.684,,,,54.900000000000006,890.1,890.1,48.0,50.1,False
378,ADANIENSOL,2026-09-30,1314.6,1290.41,1506.13,1.87,True,False,True,True,35.64,0.81,1789.0,803.1,-26.52,63.69,30,NORMAL,above 200DMA; 200DMA rising,2026-01-30,842.8,55.98,70,70,RECOVERY WATCH,True,at/above 200DMA; moving toward 200DMA; recovery >=10%,1067.7,2026-01-02,23.12,True,False,70,PRIOR HIGH BREAKOUT,above prior high; above 200DMA,60,above 200DMA; 200DMA rising; 50DMA > 200DMA,False,51.5,1388.19,5.6,1183.14,0.56,PRIOR HIGH BREAKOUT,54.539474,6.2663584,24.32,,1622126886912.0,,,24.951999999999998,9.5769994,194.5,,,,42.4,124.10000000000001,124.10000000000001,48.0,50.1,False
780,AMANTA,2026-09-30,190.39,137.66,180.53,38.31,True,True,True,True,53.4,0.6,209.95,92.0,-9.32,106.95,75,APPROACHING 52W HIGH,within 10% of 52W high; above 200DMA; above 50DMA; 200DMA rising; healthy RSI,,,,0,0,NOT A RECOVERY,False,,,,,False,False,40,ABOVE 200DMA,above 200DMA; above 50DMA; RSI >=50,85,above 200DMA; above 50DMA; 200DMA rising; 50DMA > 200DMA; RSI >=50,False,72.5,199.49,4.78,171.35,0.48,HIGH LEVEL,50.237465,2.9706366,3.79,,7393108480.0,,,14.321999,5.041,111.004,,,,5.4,-30.3,-30.3,16.0,49.9,False
463,POLYPLEX,2026-09-30,1055.0,950.63,1140.65,10.98,True,False,True,True,35.5,0.91,1264.0,740.0,-16.53,42.57,30,NORMAL,above 200DMA; 200DMA rising,,,,0,0,NOT A RECOVERY,False,,1095.0,2025-09-24,-3.65,False,True,55,NEAR PRIOR HIGH,within 5% of prior high; above 200DMA,60,above 200DMA; 200DMA rising; 50DMA > 200DMA,False,48.5,1123.19,6.46,949.5,0.65,NEAR PRIOR HIGH,20.801296,0.7611342,49.42,19.0,33500631040.0,,,10.727999,2.043,13.292,,,,29.599999999999998,,,52.0,49.9,False
602,SESHAPAPER,2026-09-30,240.47,241.93,236.06,-0.61,False,True,True,False,49.28,0.99,293.11,209.96,-17.96,14.53,25,NORMAL,above 50DMA; 200DMA rising,2026-09-30,234.81,2.41,70,70,RECOVERY WATCH,True,at/above 200DMA; moving toward 200DMA; above breakdown low; above 50DMA,293.11,2026-02-18,-17.96,False,False,10,NORMAL,above 50DMA,35,above 50DMA; 200DMA rising,False,26.5,256.02,6.47,216.42,0.65,200DMA RECOVERY,14.367781,0.69710714,16.45,83.0,14906155008.0,,,6.564,5.449,,,,,27.700000000000003,107.0,107.0,85.0,49.9,False
529,RAJRATAN,2026-09-30,461.6,451.9,495.12,2.15,True,False,True,True,43.15,0.28,563.95,305.55,-18.15,51.07,30,NORMAL,above 200DMA; 200DMA rising,2026-09-22,445.0,3.73,55,55,RECOVERY WATCH,True,at/above 200DMA; moving toward 200DMA; above breakdown low,563.95,2026-08-05,-18.15,False,False,20,ABOVE 200DMA,above 200DMA,60,above 200DMA; 200DMA rising; 50DMA > 200DMA,False,41.5,501.24,8.59,415.44,0.86,200DMA RECOVERY,28.980831,3.5402339,15.65,43.0,23027185664.0,,,10.743,6.476,49.797,,,,29.099999999999998,69.89999999999999,69.89999999999999,62.0,49.7,False
532,AARVI,2026-09-30,136.83,135.49,147.25,0.99,True,False,True,True,38.48,0.27,168.4,115.99,-18.75,17.97,30,NORMAL,above 200DMA; 200DMA rising,2026-05-18,119.31,14.68,70,70,RECOVERY WATCH,True,at/above 200DMA; moving toward 200DMA; recovery >=10%,152.0,2025-11-17,-9.98,False,False,20,ABOVE 200DMA,above 200DMA,60,above 200DMA; 200DMA rising; 50DMA > 200DMA,False,41.5,144.49,5.6,123.15,0.56,200DMA RECOVERY,10.555812,1.4294798,12.99,146.0,2030843136.0,,,2.316,2.8930000000000002,18.792,,,,14.099999999999998,42.8,42.8,62.0,49.7,False
537,LUMAXIND,2026-09-30,5568.5,5480.87,5796.03,1.6,True,False,True,True,37.82,0.95,6934.5,4480.0,-19.7,24.3,30,NORMAL,above 200DMA; 200DMA rising,2026-07-16,5020.5,10.92,70,70,RECOVERY WATCH,True,at/above 200DMA; moving toward 200DMA; recovery >=10%,6934.5,2026-02-11,-19.7,False,False,20,ABOVE 200DMA,above 200DMA,60,above 200DMA; 200DMA rising; 50DMA > 200DMA,False,41.5,5908.14,6.1,5011.65,0.61,200DMA RECOVERY,27.68494,5.6544604,200.47,99.0,51879911424.0,,,5.527,4.1770000000000005,106.063,,,,32.6,41.199999999999996,41.199999999999996,62.0,49.7,False
550,HMVL,2026-09-30,75.96,75.68,87.62,0.38,True,False,True,True,41.55,0.54,108.16,55.2,-29.77,37.61,30,NORMAL,above 200DMA; 200DMA rising,2026-09-24,68.11,11.53,70,70,RECOVERY WATCH,True,at/above 200DMA; moving toward 200DMA; recovery >=10%,108.16,2026-08-04,-29.77,False,False,20,ABOVE 200DMA,above 200DMA,60,above 200DMA; 200DMA rising; 50DMA > 200DMA,False,41.5,83.96,10.53,68.36,1.05,200DMA RECOVERY,3.343696,0.35940874,23.16,,5705125376.0,,,12.42,11.6059996,5.347,,,,7.8,400.0,400.0,62.0,49.7,False
442,TI,2026-09-30,540.65,464.76,533.34,16.33,True,True,True,True,46.68,1.11,607.8,381.55,-11.05,41.7,55,NORMAL,within 15% of 52W high; above 200DMA; above 50DMA; 200DMA rising,,,,0,0,NOT A RECOVERY,False,,549.7,2025-10-31,-1.65,False,True,65,NEAR PRIOR HIGH,within 5% of prior high; above 200DMA; above 50DMA,75,above 200DMA; above 50DMA; 200DMA rising; 50DMA > 200DMA,False,66.0,583.66,7.95,486.59,0.8,NEAR PRIOR HIGH,,4.5206094,-2.31,18.0,134497001472.0,,,12.234,-1.202,77.177,,,,155.7,-72.0,-72.0,25.0,49.6,False
160,AGASTYAEN,2026-09-30,70.96,32.6,62.1,117.7,True,True,True,True,62.23,0.72,76.89,9.26,-7.71,666.31,75,APPROACHING 52W HIGH,within 10% of 52W high; above 200DMA; above 50DMA; 200DMA rising; healthy RSI,,,,0,0,NOT A RECOVERY,False,,12.89,2025-04-08,450.5,True,False,90,PRIOR HIGH BREAKOUT,above prior high; above 200DMA; above 50DMA; RSI >=50,85,above 200DMA; above 50DMA; 200DMA rising; 50DMA > 200DMA; RSI >=50,False,82.5,73.96,4.22,63.86,0.42,PRIOR HIGH BREAKOUT,,3.8830888,-7.35,,1801452928.0,,,-44.699,-13.622,26.413,,,,-44.9,,,0.0,49.5,False
334,RSWM,2026-09-30,208.6,174.4,211.25,19.61,True,False,True,True,45.16,0.63,238.0,120.0,-12.35,73.83,40,NORMAL,within 15% of 52W high; above 200DMA; 200DMA rising,,,,0,0,NOT A RECOVERY,False,,171.18,2025-09-10,21.86,True,False,70,PRIOR HIGH BREAKOUT,above prior high; above 200DMA,60,above 200DMA; 200DMA rising; 50DMA > 200DMA,False,55.0,229.27,9.91,187.74,0.99,PRIOR HIGH BREAKOUT,15.079046,0.6997855,13.41,,9524431872.0,3.9130002,,2.74,1.1419999,123.995,1.065,0.571,,-9.1,2241.3,2241.3,41.0,49.4,False
492,TITAGARH,2026-09-30,818.15,798.14,837.28,2.51,True,False,True,True,43.48,1.39,971.0,568.7,-15.74,43.86,40,NORMAL,above 200DMA; 200DMA rising; volume confirmation,2026-06-01,789.45,3.64,65,65,RECOVERY WATCH,True,at/above 200DMA; moving toward 200DMA; above breakdown low; volume >=1.2x,965.0,2025-09-15,-15.22,False,False,30,ABOVE 200DMA,above 200DMA; volume >=1.2x,75,above 200DMA; 200DMA rising; 50DMA > 200DMA; volume >=1.2x,False,53.75,867.34,6.01,736.34,0.6,200DMA RECOVERY,55.295326,4.4559937,14.56,12.0,96516186112.0,,,10.446,6.072,25.363,,,,12.6,67.0,67.0,42.0,49.05,False
650,NAHARCAP,2026-09-30,244.9,247.12,254.9,-0.9,False,False,False,True,42.65,1.22,307.0,191.0,-20.23,28.22,10,NORMAL,volume confirmation,2026-09-28,230.0,6.48,75,75,STRONG RETEST,True,at/above 200DMA; moving toward 200DMA; recovery >=5%; volume >=1.2x,293.0,2026-08-06,-16.42,False,False,10,NORMAL,volume >=1.2x,30,50DMA > 200DMA; volume >=1.2x,False,19.0,267.29,9.14,220.41,0.91,200DMA RECOVERY,3.3367546,0.2472891,71.12,61.0,3974032896.0,,,80.083,226.49200000000002,0.603,,,,24.6,487.0,487.0,94.0,49.0,False
289,BALRAMCHIN,2026-09-30,662.85,537.81,661.45,23.25,True,True,True,True,47.08,0.65,780.95,393.55,-15.12,68.43,45,NORMAL,above 200DMA; above 50DMA; 200DMA rising,,,,0,0,NOT A RECOVERY,False,,627.8,2025-07-16,5.58,True,False,80,PRIOR HIGH BREAKOUT,above prior high; above 200DMA; above 50DMA,75,above 200DMA; above 50DMA; 200DMA rising; 50DMA > 200DMA,False,65.5,707.33,6.71,596.56,0.67,PRIOR HIGH BREAKOUT,35.6034,3.1680758,18.23,106.0,137337356288.0,,,4.2529996,5.829,76.606,,,,6.1,-15.4,-15.4,24.0,48.9,False
554,PPAP,2026-09-30,234.45,231.84,266.96,1.13,True,False,True,True,40.17,0.52,379.5,176.0,-38.22,33.21,30,NORMAL,above 200DMA; 200DMA rising,2026-09-15,222.0,5.61,65,65,RECOVERY WATCH,True,at/above 200DMA; moving toward 200DMA; recovery >=5%,379.5,2026-07-13,-38.22,False,False,20,ABOVE 200DMA,above 200DMA,60,above 200DMA; 200DMA rising; 50DMA > 200DMA,False,41.5,256.15,9.26,211.0,0.93,200DMA RECOVERY,6.985326,0.9454707,32.71,107.0,3233816064.0,,,2.1440001,7.635,60.801,,,,34.1,,,60.0,48.9,False
577,SIL,2026-09-30,15.69,16.05,18.02,-2.22,False,False,True,True,33.54,2.59,22.3,11.7,-29.64,34.1,20,NORMAL,200DMA rising; volume confirmation,2026-09-30,15.5,1.23,55,55,RECOVERY WATCH,True,within 3% of 200DMA; moving toward 200DMA; above breakdown low; volume >=1.2x,22.3,2026-08-21,-29.64,False,False,10,NORMAL,volume >=1.2x,50,200DMA rising; 50DMA > 200DMA; volume >=1.2x,False,31.5,17.61,12.24,14.12,1.22,200DMA RECOVERY,1.6438214,0.88500035,9.63,319.0,1018327104.0,,,44.443,28.607,3.137,,,,1734.9,,,75.0,48.9,False
556,COALINDIA,2026-09-30,425.0,433.92,415.42,-2.06,False,True,True,False,54.92,0.95,491.25,369.6,-13.49,14.99,45,NORMAL,within 15% of 52W high; above 50DMA; 200DMA rising; healthy RSI,2026-09-11,409.65,3.75,70,70,RECOVERY WATCH,True,within 3% of 200DMA; moving toward 200DMA; above breakdown low; above 50DMA; RSI >=50,491.25,2026-04-30,-13.49,False,False,20,NORMAL,above 50DMA; RSI >=50,45,above 50DMA; 200DMA rising; RSI >=50,False,40.0,439.64,3.44,382.5,0.34,200DMA RECOVERY,8.31981,2.1750827,50.53,494.00000000000006,2590811095040.0,,,21.113001,18.138,11.629,,,,45.1,1.2,1.2,62.0,48.8,False
958,BEDMUTHA,2026-09-30,109.96,113.64,108.83,-3.24,False,True,True,False,55.09,1.22,144.0,94.55,-23.64,16.3,45,NORMAL,above 50DMA; 200DMA rising; healthy RSI; volume confirmation,,,,0,0,NOT A RECOVERY,False,,144.0,2026-02-24,-23.64,False,False,30,NORMAL,above 50DMA; RSI >=50; volume >=1.2x,60,above 50DMA; 200DMA rising; RSI >=50; volume >=1.2x,False,48.75,120.72,9.79,98.96,0.98,NORMAL,,,,,,,,,,,,,,,,,,48.75,False
959,TORNTPHARM,2026-09-30,4800.0,4446.57,4939.8,7.95,True,False,True,True,42.59,1.17,5250.0,3480.6,-8.57,37.91,50,APPROACHING 52W HIGH,within 10% of 52W high; above 200DMA; 200DMA rising,,,,0,0,NOT A RECOVERY,False,,,,,False,False,20,ABOVE 200DMA,above 200DMA,60,above 200DMA; 200DMA rising; 50DMA > 200DMA,False,48.5,5010.0,4.37,4320.0,0.44,HIGH LEVEL,,,,,,,,,,,,,,,,,,48.5,False
960,SCPL,2026-09-30,629.15,439.59,635.33,43.12,True,False,True,True,47.15,0.14,690.0,190.03,-8.82,231.08,50,APPROACHING 52W HIGH,within 10% of 52W high; above 200DMA; 200DMA rising,,,,0,0,NOT A RECOVERY,False,,,,,False,False,20,ABOVE 200DMA,above 200DMA,60,above 200DMA; 200DMA rising; 50DMA > 200DMA,False,48.5,682.09,8.41,566.24,0.84,HIGH LEVEL,,,,,,,,,,,,,,,,,,48.5,False
961,IDFCFIRSTB,2026-09-30,81.44,77.61,84.98,4.94,True,False,True,True,40.69,1.03,89.61,58.08,-9.12,40.22,50,APPROACHING 52W HIGH,within 10% of 52W high; above 200DMA; 200DMA rising,,,,0,0,NOT A RECOVERY,False,,87.0,2026-01-02,-6.39,False,False,20,ABOVE 200DMA,above 200DMA,60,above 200DMA; 200DMA rising; 50DMA > 200DMA,False,48.5,85.43,4.9,73.3,0.49,HIGH LEVEL,,,,,,,,,,,,,,,,,,48.5,False
485,MAXIND,2026-09-30,160.83,160.51,157.08,0.2,True,True,False,False,62.46,1.52,241.57,120.0,-33.42,34.03,55,NORMAL,above 200DMA; above 50DMA; healthy RSI; volume confirmation,2026-08-12,135.3,18.87,105,105,STRONG RETEST,True,at/above 200DMA; moving toward 200DMA; recovery >=10%; above 50DMA; volume >=1.2x; RSI >=50,210.99,2025-12-01,-23.77,False,False,50,ABOVE 200DMA,above 200DMA; above 50DMA; RSI >=50; volume >=1.2x,65,above 200DMA; above 50DMA; RSI >=50; volume >=1.2x,False,58.5,175.34,9.02,144.75,0.9,200DMA RECOVERY,,2.0939567,-25.31,,9167880192.0,,,-19.703,-55.416,23.563,,,,66.0,,,33.0,48.3,False
460,AVL,2026-09-30,594.35,548.05,613.14,8.45,True,False,True,True,41.7,0.55,705.0,436.55,-15.7,36.15,30,NORMAL,above 200DMA; 200DMA rising,,,,0,0,NOT A RECOVERY,False,,598.7,2025-11-04,-0.73,False,True,55,NEAR PRIOR HIGH,within 5% of prior high; above 200DMA,60,above 200DMA; 200DMA rising; 50DMA > 200DMA,False,48.5,627.95,5.65,534.91,0.57,NEAR PRIOR HIGH,53.18773,10.689204,10.76,21.0,73905700864.0,,,9.397,4.753,83.205,,,,26.900000000000002,39.800000000000004,39.800000000000004,48.0,48.3,False
461,GABRIEL,2026-09-30,1341.8,1127.5,1402.2,19.01,True,False,True,True,47.56,0.38,1600.0,795.7,-16.14,68.63,30,NORMAL,above 200DMA; 200DMA rising,,,,0,0,NOT A RECOVERY,False,,1388.0,2025-10-08,-3.33,False,True,55,NEAR PRIOR HIGH,within 5% of prior high; above 200DMA,60,above 200DMA; 200DMA rising; 50DMA > 200DMA,False,48.5,1464.6,9.15,1207.62,0.92,NEAR PRIOR HIGH,74.67348,13.821736,17.61,37.0,251999010816.0,,,6.444,5.2360002,10.642,,,,29.799999999999997,40.6,40.6,48.0,48.3,False
564,AFSL,2026-09-30,201.0,202.1,203.06,-0.54,False,False,True,True,45.2,1.32,227.0,194.41,-11.45,3.39,30,NORMAL,within 15% of 52W high; 200DMA rising; volume confirmation,2026-09-25,201.0,0.0,35,35,NEAR 200DMA,True,at/above 200DMA; volume >=1.2x,223.0,2026-08-12,-9.87,False,False,10,NORMAL,volume >=1.2x,50,200DMA rising; 50DMA > 200DMA; volume >=1.2x,False,35.0,205.12,2.05,180.9,0.2,200DMA RECOVERY,7.5820446,0.8146062,26.51,,10294240256.0,,,2.6679999999999997,0.49900003000000004,55.763,,,,95.89999999999999,88.9,88.9,68.0,48.2,False
653,SANDESH,2026-09-30,999.3,1009.37,1033.83,-1.0,False,False,False,True,40.52,1.48,1270.0,811.0,-21.31,23.22,10,NORMAL,volume confirmation,2026-09-30,990.6,0.88,65,65,RECOVERY WATCH,True,at/above 200DMA; moving toward 200DMA; above breakdown low; volume >=1.2x,1270.0,2026-08-07,-21.31,False,False,10,NORMAL,volume >=1.2x,30,50DMA > 200DMA; volume >=1.2x,False,19.0,1063.09,6.38,899.37,0.64,200DMA RECOVERY,6.986944,0.5249497,141.7,50.0,7494105088.0,,,19.989,12.187000000000001,,,,,329.9,71.39999999999999,71.39999999999999,92.0,48.2,False
298,HATSUN,2026-09-30,1099.0,961.93,1055.43,14.25,True,True,True,True,45.54,0.16,1349.7,855.3,-18.57,28.49,45,NORMAL,above 200DMA; above 50DMA; 200DMA rising,,,,0,0,NOT A RECOVERY,False,,1091.4,2025-11-28,0.7,True,False,80,PRIOR HIGH BREAKOUT,above prior high; above 200DMA; above 50DMA,75,above 200DMA; above 50DMA; 200DMA rising; 50DMA > 200DMA,False,65.5,1206.84,9.81,989.1,0.98,PRIOR HIGH BREAKOUT,70.144295,12.834168,15.94,182.0,249054838784.0,,,6.453,3.3910000000000005,94.535,,,,19.3,-1.2,-1.2,22.0,48.1,False
586,EXPLEOSOL,2026-09-30,857.85,851.62,863.47,0.73,True,False,False,True,44.51,0.26,1175.1,640.0,-27.0,34.04,20,NORMAL,above 200DMA,2026-08-31,842.0,1.88,55,55,RECOVERY WATCH,True,at/above 200DMA; moving toward 200DMA; above breakdown low,1075.2,2025-12-15,-20.21,False,False,20,ABOVE 200DMA,above 200DMA,40,above 200DMA; 50DMA > 200DMA,False,29.0,903.59,5.33,772.06,0.53,200DMA RECOVERY,9.559072,1.6967907,88.79,1282.0,13172378624.0,,,13.196999000000002,12.084,1.011,,,,12.3,67.30000000000001,67.30000000000001,76.0,47.8,False
504,JSL,2026-09-30,747.4,747.1,733.54,0.04,True,True,False,False,52.89,0.67,884.0,652.25,-15.45,14.59,45,NORMAL,above 200DMA; above 50DMA; healthy RSI,2026-09-28,726.0,2.95,80,80,STRONG RETEST,True,at/above 200DMA; moving toward 200DMA; above breakdown low; above 50DMA; RSI >=50,835.95,2026-01-29,-10.59,False,False,40,ABOVE 200DMA,above 200DMA; above 50DMA; RSI >=50,50,above 200DMA; above 50DMA; RSI >=50,False,46.25,789.21,5.59,672.66,0.56,200DMA RECOVERY,18.601168,13.412782,39.39,54.0,603708063744.0,,,9.104,7.379,37.523,,,,10.5,7.6,7.6,50.0,47.75,False
349,SHAILY,2026-09-30,3063.0,2597.39,3222.23,17.93,True,False,True,True,41.68,0.51,3615.2,1770.9,-15.27,72.96,30,NORMAL,above 200DMA; 200DMA rising,,,,0,0,NOT A RECOVERY,False,,2799.9,2025-11-17,9.4,True,False,70,PRIOR HIGH BREAKOUT,above prior high; above 200DMA,60,above 200DMA; 200DMA rising; 50DMA > 200DMA,False,51.5,3298.1,7.68,2756.7,0.77,PRIOR HIGH BREAKOUT,78.5871,19.295164,38.29,10.0,138404298752.0,,,24.587999999999997,17.255000000000003,24.755,,,,13.8,16.7,16.7,42.0,47.7,False
196,OILCOUNTUB,2026-09-30,76.61,55.71,62.25,37.52,True,True,True,True,81.09,0.51,82.17,35.65,-6.77,114.89,65,APPROACHING 52W HIGH,within 10% of 52W high; above 200DMA; above 50DMA; 200DMA rising,,,,0,0,NOT A RECOVERY,False,,74.76,2025-12-03,2.47,True,False,90,PRIOR HIGH BREAKOUT,above prior high; above 200DMA; above 50DMA; RSI >=50,85,above 200DMA; above 50DMA; 200DMA rising; 50DMA > 200DMA; RSI >=50,False,79.0,79.44,3.69,68.95,0.37,PRIOR HIGH BREAKOUT,,2.057778,-13.06,,4390259200.0,,,-88.76899499999999,-107.65899999999999,12.601,,,,-28.999999999999996,,,0.0,47.4,False
583,BAJAJHLDNG,2026-09-30,10788.0,10675.45,11190.68,1.05,True,False,False,True,43.33,0.95,13250.0,8588.0,-18.58,25.62,20,NORMAL,above 200DMA,2026-09-29,10600.0,1.77,55,55,RECOVERY WATCH,True,at/above 200DMA; moving toward 200DMA; above breakdown low,11644.0,2026-08-31,-7.35,False,False,20,ABOVE 200DMA,above 200DMA,40,above 200DMA; 50DMA > 200DMA,False,29.0,11263.14,4.4,9709.2,0.44,200DMA RECOVERY,13.396973,1.6227577,796.15,121.0,1187056582656.0,11.598,,84.845,734.641,0.012,,,,24.2,-22.400000000000002,-22.400000000000002,75.0,47.4,False
538,VIYASH,2026-09-30,235.8,232.66,258.6,1.35,True,False,True,True,33.93,0.5,298.0,178.13,-20.87,32.38,30,NORMAL,above 200DMA; 200DMA rising,2026-05-05,199.88,17.97,70,70,RECOVERY WATCH,True,at/above 200DMA; moving toward 200DMA; recovery >=10%,257.85,2025-11-19,-8.55,False,False,20,ABOVE 200DMA,above 200DMA,60,above 200DMA; 200DMA rising; 50DMA > 200DMA,False,41.5,251.31,6.58,212.22,0.66,200DMA RECOVERY,48.892406,3.4745128,4.74,,102251675648.0,,,12.474,5.9120003,15.724,,,,114.39999999999999,162.5,162.5,56.0,47.3,False
545,SFL,2026-09-30,634.1,617.82,683.94,2.64,True,False,True,True,37.89,0.26,832.45,456.8,-23.83,38.81,30,NORMAL,above 200DMA; 200DMA rising,2026-06-03,591.8,7.15,65,65,RECOVERY WATCH,True,at/above 200DMA; moving toward 200DMA; recovery >=5%,752.0,2025-09-11,-15.68,False,False,20,ABOVE 200DMA,above 200DMA,60,above 200DMA; 200DMA rising; 50DMA > 200DMA,False,41.5,674.41,6.36,570.69,0.64,200DMA RECOVERY,31.477797,2.0706782,19.59,16.0,67340226560.0,,,7.2700000000000005,5.321,27.85,,,,25.6,726.5,726.5,56.0,47.3,False
555,TECHM,2026-09-30,1524.0,1517.37,1590.45,0.44,True,False,False,True,41.64,1.65,1854.0,1304.1,-17.8,16.86,30,NORMAL,above 200DMA; volume confirmation,2026-09-29,1510.5,0.89,65,65,RECOVERY WATCH,True,at/above 200DMA; moving toward 200DMA; above breakdown low; volume >=1.2x,1854.0,2026-02-03,-17.8,False,False,30,ABOVE 200DMA,above 200DMA; volume >=1.2x,55,above 200DMA; 50DMA > 200DMA; volume >=1.2x,False,41.25,1597.06,4.79,1371.6,0.48,200DMA RECOVERY,26.54086,4.5842204,57.76,335.0,1358120615936.0,,,14.408999999999999,8.6780004,7.269,,,,17.7,28.299999999999997,28.299999999999997,56.0,47.15,False
326,PARIN,2026-09-30,710.9,670.64,712.53,6.0,True,False,True,True,49.86,1.12,789.0,499.0,-9.9,42.46,50,APPROACHING 52W HIGH,within 10% of 52W high; above 200DMA; 200DMA rising,,,,0,0,NOT A RECOVERY,False,,410.95,2024-12-13,72.99,True,False,70,PRIOR HIGH BREAKOUT,above prior high; above 200DMA,60,above 200DMA; 200DMA rising; 50DMA > 200DMA,False,58.5,778.77,9.55,639.81,0.95,PRIOR HIGH BREAKOUT,125.46345,10.38663,5.61,,7825403904.0,10.3549995,,6.479,2.54,118.309,1.764,0.584,,5.6000000000000005,-28.000000000000004,-28.000000000000004,30.0,47.1,False
468,SANSTAR,2026-09-30,104.94,100.52,110.42,4.39,True,False,True,True,37.11,0.36,137.49,74.3,-23.67,41.24,30,NORMAL,above 200DMA; 200DMA rising,,,,0,0,NOT A RECOVERY,False,,107.29,2025-06-30,-2.19,False,True,55,NEAR PRIOR HIGH,within 5% of prior high; above 200DMA,60,above 200DMA; 200DMA rising; 50DMA > 200DMA,False,48.5,111.62,6.37,94.45,0.64,NEAR PRIOR HIGH,42.738586,2.704406,2.41,,20627644416.0,,,4.9089998,5.357,2.868,,,,22.1,,,45.0,47.1,False
616,ICICIBANK,2026-09-30,1321.7,1353.5,1402.69,-2.35,False,False,False,True,36.17,1.6,1480.0,1187.6,-10.7,11.29,20,NORMAL,within 15% of 52W high; volume confirmation,2026-09-17,1291.0,2.38,35,35,NEAR 200DMA,True,within 3% of 200DMA; above breakdown low; volume >=1.2x,1480.0,2026-07-20,-10.7,False,False,10,NORMAL,volume >=1.2x,30,50DMA > 200DMA; volume >=1.2x,False,22.5,1361.71,3.03,1189.53,0.3,200DMA RECOVERY,16.943762,2.4710724,77.35,91.0,9408024150016.0,16.073999,,38.509998,27.531,,,,,11.4,13.8,13.8,84.0,47.1,False
585,BALUFORGE,2026-09-30,496.35,487.85,514.94,1.74,True,False,False,True,41.96,0.35,678.0,341.05,-26.79,45.54,20,NORMAL,above 200DMA,2026-09-16,470.0,5.61,45,45,NEAR 200DMA,True,at/above 200DMA; recovery >=5%,650.0,2026-08-31,-23.64,False,False,20,ABOVE 200DMA,above 200DMA,40,above 200DMA; 50DMA > 200DMA,False,29.0,536.06,8.0,446.72,0.8,200DMA RECOVERY,20.063602,3.1744437,24.37,3.0,59354574848.0,,,27.087998000000002,22.806999,9.524,,,,28.999999999999996,88.0,88.0,74.0,47.0,False
598,DHUNINV,2026-09-30,955.65,949.92,966.67,0.6,True,False,False,True,43.42,1.06,1573.1,667.1,-39.25,43.25,20,NORMAL,above 200DMA,2026-08-18,948.5,0.75,55,55,RECOVERY WATCH,True,at/above 200DMA; moving toward 200DMA; above breakdown low,1360.0,2025-12-24,-29.73,False,False,20,ABOVE 200DMA,above 200DMA,40,above 200DMA; 50DMA > 200DMA,False,29.0,1019.91,6.72,860.09,0.67,200DMA RECOVERY,6.153308,0.21505433,157.2,31.0,5897800192.0,,,46.918,19.601999,27.145,,,,38.7,151.4,151.4,74.0,47.0,False
505,LGBBROSLTD,2026-09-30,1730.1,1697.59,1646.87,1.91,True,True,False,False,62.4,0.4,2048.0,1314.9,-15.52,31.58,45,NORMAL,above 200DMA; above 50DMA; healthy RSI,2026-09-15,1671.1,3.53,60,60,RECOVERY WATCH,True,at/above 200DMA; above breakdown low; above 50DMA; RSI >=50,2048.0,2026-02-12,-15.52,False,False,40,ABOVE 200DMA,above 200DMA; above 50DMA; RSI >=50,50,above 200DMA; above 50DMA; RSI >=50,False,46.25,1799.6,4.02,1557.09,0.4,200DMA RECOVERY,17.111,2.5338292,100.0,127.0,54578737152.0,,,9.140000500000001,9.908999999999999,10.719,,,,21.6,0.0,0.0,48.0,46.95,False
508,VITAL,2026-09-30,53.9,53.13,52.31,1.45,True,True,False,False,50.02,0.79,69.4,35.4,-22.33,52.26,45,NORMAL,above 200DMA; above 50DMA; healthy RSI,2026-09-29,51.5,4.66,80,80,STRONG RETEST,True,at/above 200DMA; moving toward 200DMA; above breakdown low; above 50DMA; RSI >=50,69.4,2026-04-16,-22.33,False,False,40,ABOVE 200DMA,above 200DMA; above 50DMA; RSI >=50,50,above 200DMA; above 50DMA; RSI >=50,False,46.25,60.12,11.55,48.51,1.15,200DMA RECOVERY,54.551018,1.2594529,0.98,,1280425728.0,,,8.408999999999999,1.8339999,61.906,,,,51.5,163.39999999999998,163.39999999999998,48.0,46.95,False
740,ANSALAPI,2026-09-30,4.16,3.42,3.44,21.51,True,True,True,True,85.53,1.83,4.78,2.51,-12.97,65.74,65,NORMAL,within 15% of 52W high; above 200DMA; above 50DMA; 200DMA rising; volume confirmation,,,,0,0,NOT A RECOVERY,False,,4.51,2026-05-18,-7.76,False,False,50,ABOVE 200DMA,above 200DMA; above 50DMA; RSI >=50; volume >=1.2x,100,above 200DMA; above 50DMA; 200DMA rising; 50DMA > 200DMA; RSI >=50; volume >=1.2x,False,77.75,4.36,4.77,3.74,0.48,ABOVE 200DMA,,-0.03706126,-10.1,,642211904.0,,,-628.619,-159.15401,,0.608,0.042,,-3.3000000000000003,,,0.0,46.65,False
962,SSDL,2026-09-30,75.81,62.48,59.9,21.33,True,True,False,False,64.12,1.09,90.69,46.15,-16.41,64.27,45,NORMAL,above 200DMA; above 50DMA; healthy RSI,,,,0,0,NOT A RECOVERY,False,,80.69,2025-12-24,-6.05,False,False,40,ABOVE 200DMA,above 200DMA; above 50DMA; RSI >=50,50,above 200DMA; above 50DMA; RSI >=50,False,46.25,87.52,15.44,68.23,1.54,ABOVE 200DMA,,,,,,,,,,,,,,,,,,46.25,False
963,CRESTO,2026-09-30,23.21,17.6,16.9,31.91,True,True,False,False,69.39,0.62,28.45,14.35,-18.42,61.74,45,NORMAL,above 200DMA; above 50DMA; healthy RSI,,,,0,0,NOT A RECOVERY,False,,28.45,2025-11-06,-18.42,False,False,40,ABOVE 200DMA,above 200DMA; above 50DMA; RSI >=50,50,above 200DMA; above 50DMA; RSI >=50,False,46.25,27.06,16.59,20.89,1.66,ABOVE 200DMA,,,,,,,,,,,,,,,,,,46.25,False
964,EASTSILK,2026-09-30,73.81,63.27,62.39,16.66,True,True,False,False,64.06,0.68,99.25,43.03,-25.63,71.53,45,NORMAL,above 200DMA; above 50DMA; healthy RSI,,,,0,0,NOT A RECOVERY,False,,99.25,2025-12-08,-25.63,False,False,40,ABOVE 200DMA,above 200DMA; above 50DMA; RSI >=50,50,above 200DMA; above 50DMA; RSI >=50,False,46.25,83.11,12.59,66.43,1.26,ABOVE 200DMA,,,,,,,,,,,,,,,,,,46.25,False
965,ANMOL,2026-09-30,13.71,11.76,11.52,16.57,True,True,False,False,56.06,0.05,18.55,8.4,-26.09,63.21,45,NORMAL,above 200DMA; above 50DMA; healthy RSI,,,,0,0,NOT A RECOVERY,False,,,,,False,False,40,ABOVE 200DMA,above 200DMA; above 50DMA; RSI >=50,50,above 200DMA; above 50DMA; RSI >=50,False,46.25,16.29,18.84,12.34,1.88,ABOVE 200DMA,,,,,,,,,,,,,,,,,,46.25,False
966,PROTEAN,2026-09-30,659.3,594.98,564.26,10.81,True,True,False,False,70.13,0.31,909.5,444.0,-27.51,48.49,45,NORMAL,above 200DMA; above 50DMA; healthy RSI,,,,0,0,NOT A RECOVERY,False,,,,,False,False,40,ABOVE 200DMA,above 200DMA; above 50DMA; RSI >=50,50,above 200DMA; above 50DMA; RSI >=50,False,46.25,734.21,11.36,593.37,1.14,ABOVE 200DMA,,,,,,,,,,,,,,,,,,46.25,False
967,MEDICAMEQ,2026-09-30,321.75,285.99,269.34,12.5,True,True,False,False,60.3,0.22,447.65,212.4,-28.12,51.48,45,NORMAL,above 200DMA; above 50DMA; healthy RSI,,,,0,0,NOT A RECOVERY,False,,457.15,2025-05-06,-29.62,False,False,40,ABOVE 200DMA,above 200DMA; above 50DMA; RSI >=50,50,above 200DMA; above 50DMA; RSI >=50,False,46.25,368.54,14.54,289.57,1.45,ABOVE 200DMA,,,,,,,,,,,,,,,,,,46.25,False
968,HBLENGINE,2026-09-30,794.5,759.17,715.24,4.65,True,True,False,False,63.72,0.43,1122.0,613.0,-29.19,29.61,45,NORMAL,above 200DMA; above 50DMA; healthy RSI,,,,0,0,NOT A RECOVERY,False,,1122.0,2025-11-10,-29.19,False,False,40,ABOVE 200DMA,above 200DMA; above 50DMA; RSI >=50,50,above 200DMA; above 50DMA; RSI >=50,False,46.25,852.45,7.29,715.05,0.73,ABOVE 200DMA,,,,,,,,,,,,,,,,,,46.25,False
969,AKI,2026-09-30,6.14,5.32,5.15,15.33,True,True,False,False,53.28,0.11,9.83,3.8,-37.54,61.58,45,NORMAL,above 200DMA; above 50DMA; healthy RSI,,,,0,0,NOT A RECOVERY,False,,16.05,2025-07-11,-61.74,False,False,40,ABOVE 200DMA,above 200DMA; above 50DMA; RSI >=50,50,above 200DMA; above 50DMA; RSI >=50,False,46.25,6.87,11.96,5.53,1.2,ABOVE 200DMA,,,,,,,,,,,,,,,,,,46.25,False
970,WHIRLPOOL,2026-09-30,890.25,838.98,796.74,6.11,True,True,False,False,64.95,1.08,1437.0,706.0,-38.05,26.1,45,NORMAL,above 200DMA; above 50DMA; healthy RSI,,,,0,0,NOT A RECOVERY,False,,1473.8,2025-07-23,-39.59,False,False,40,ABOVE 200DMA,above 200DMA; above 50DMA; RSI >=50,50,above 200DMA; above 50DMA; RSI >=50,False,46.25,984.84,10.63,801.23,1.06,ABOVE 200DMA,,,,,,,,,,,,,,,,,,46.25,False
971,VMSTMT,2026-09-30,49.12,46.86,46.61,4.82,True,True,False,False,59.68,1.17,85.42,33.5,-42.5,46.63,45,NORMAL,above 200DMA; above 50DMA; healthy RSI,,,,0,0,NOT A RECOVERY,False,,55.5,2026-01-05,-11.5,False,False,40,ABOVE 200DMA,above 200DMA; above 50DMA; RSI >=50,50,above 200DMA; above 50DMA; RSI >=50,False,46.25,53.08,8.06,44.21,0.81,ABOVE 200DMA,,,,,,,,,,,,,,,,,,46.25,False
972,RACE,2026-09-30,118.02,115.2,105.19,2.45,True,True,False,False,63.83,0.24,240.0,84.11,-50.83,40.32,45,NORMAL,above 200DMA; above 50DMA; healthy RSI,,,,0,0,NOT A RECOVERY,False,,,,,False,False,40,ABOVE 200DMA,above 200DMA; above 50DMA; RSI >=50,50,above 200DMA; above 50DMA; RSI >=50,False,46.25,135.89,15.14,106.22,1.51,ABOVE 200DMA,,,,,,,,,,,,,,,,,,46.25,False
973,KAVDEFENCE,2026-09-30,79.48,64.46,63.62,23.3,True,True,False,False,63.33,0.14,162.87,51.51,-51.2,54.3,45,NORMAL,above 200DMA; above 50DMA; healthy RSI,,,,0,0,NOT A RECOVERY,False,,90.0,2026-02-12,-11.69,False,False,40,ABOVE 200DMA,above 200DMA; above 50DMA; RSI >=50,50,above 200DMA; above 50DMA; RSI >=50,False,46.25,91.5,15.12,71.53,1.51,ABOVE 200DMA,,,,,,,,,,,,,,,,,,46.25,False
499,MUKTAARTS,2026-09-30,57.09,56.62,57.04,0.82,True,True,False,True,50.3,0.92,72.7,37.01,-21.47,54.26,45,NORMAL,above 200DMA; above 50DMA; healthy RSI,2026-09-29,55.11,3.59,80,80,STRONG RETEST,True,at/above 200DMA; moving toward 200DMA; above breakdown low; above 50DMA; RSI >=50,69.85,2026-01-13,-18.27,False,False,40,ABOVE 200DMA,above 200DMA; above 50DMA; RSI >=50,65,above 200DMA; above 50DMA; 50DMA > 200DMA; RSI >=50,False,53.0,62.28,9.09,51.38,0.91,200DMA RECOVERY,,-1.960798,-3.47,,1262964352.0,,,-9.913999599999999,-4.418000200000001,,,,,10.5,,,35.0,45.8,False
563,RSYSTEMS,2026-09-30,279.9,288.15,249.31,-2.86,False,True,False,False,64.36,1.74,435.9,213.52,-35.79,31.09,35,NORMAL,above 50DMA; healthy RSI; volume confirmation,2026-09-30,269.51,3.86,80,80,STRONG RETEST,True,within 3% of 200DMA; moving toward 200DMA; above breakdown low; above 50DMA; volume >=1.2x; RSI >=50,400.0,2026-01-19,-30.03,False,False,30,NORMAL,above 50DMA; RSI >=50; volume >=1.2x,40,above 50DMA; RSI >=50; volume >=1.2x,False,36.25,307.71,9.94,251.91,0.99,200DMA RECOVERY,16.940874,2.843827,15.56,572.0,31235534848.0,17.333001,,14.920998999999998,8.5930005,28.616,2.289,1.757,,30.5,-26.6,-26.6,60.0,45.75,False
525,CINELINE,2026-09-30,86.96,85.03,88.84,2.27,True,False,True,True,42.36,0.44,104.4,73.35,-16.7,18.55,30,NORMAL,above 200DMA; 200DMA rising,2026-07-27,80.0,8.7,65,65,RECOVERY WATCH,True,at/above 200DMA; moving toward 200DMA; recovery >=5%,97.4,2025-11-06,-10.72,False,False,20,ABOVE 200DMA,above 200DMA,60,above 200DMA; 200DMA rising; 50DMA > 200DMA,False,41.5,95.01,9.25,78.26,0.93,200DMA RECOVERY,23.811634,1.8970274,3.61,144.0,3276157952.0,,,4.507,4.932,77.936,,,,30.9,,,52.0,45.7,False
1,DSKULKARNI,2026-09-30,25.56,14.46,17.2,76.73,True,True,True,True,95.88,0.27,25.56,8.6,0.0,197.21,85,52W HIGH BREAKOUT,at/new 52W high; above 200DMA; above 50DMA; 200DMA rising,,,,0,0,NOT A RECOVERY,False,,,,,False,False,40,ABOVE 200DMA,above 200DMA; above 50DMA; RSI >=50,85,above 200DMA; above 50DMA; 200DMA rising; 50DMA > 200DMA; RSI >=50,True,76.0,26.33,3.0,23.0,0.3,52W HIGH BREAKOUT,,-0.20217139,-2.06,,260700000.0,,,0.0,0.0,,,,,,,,0.0,45.6,False
498,PALREDTEC,2026-09-30,43.86,43.57,50.01,0.66,True,False,True,True,34.48,3.77,73.6,27.45,-40.41,59.78,40,NORMAL,above 200DMA; 200DMA rising; volume confirmation,2026-06-11,42.6,2.96,65,65,RECOVERY WATCH,True,at/above 200DMA; moving toward 200DMA; above breakdown low; volume >=1.2x,73.6,2025-10-10,-40.41,False,False,30,ABOVE 200DMA,above 200DMA; volume >=1.2x,75,above 200DMA; 200DMA rising; 50DMA > 200DMA; volume >=1.2x,False,53.75,49.83,13.62,39.47,1.36,200DMA RECOVERY,,1.1926789,-3.02,,510954272.0,,,-3.8280000000000003,-4.2940002,161.322,,,,63.9,,,33.0,45.45,False
590,CLEAN,2026-09-30,794.35,791.8,807.83,0.32,True,False,False,True,42.83,0.75,1108.0,652.0,-28.31,21.83,20,NORMAL,above 200DMA,2026-09-28,766.0,3.7,55,55,RECOVERY WATCH,True,at/above 200DMA; moving toward 200DMA; above breakdown low,899.5,2026-05-08,-11.69,False,False,20,ABOVE 200DMA,above 200DMA,40,above 200DMA; 50DMA > 200DMA,False,29.0,842.27,6.03,714.91,0.6,200DMA RECOVERY,36.63549,5.391732,21.92,76.0,85351464960.0,,,28.083000000000002,23.719,0.135,,,,10.5,4.7,4.7,70.0,45.4,False
371,SPAL,2026-09-30,964.6,843.86,994.94,14.31,True,False,True,True,44.92,0.86,1221.9,600.0,-21.06,60.77,30,NORMAL,above 200DMA; 200DMA rising,,,,0,0,NOT A RECOVERY,False,,905.0,2025-07-25,6.59,True,False,70,PRIOR HIGH BREAKOUT,above prior high; above 200DMA,60,above 200DMA; 200DMA rising; 50DMA > 200DMA,False,51.5,1025.31,6.29,868.14,0.63,PRIOR HIGH BREAKOUT,22.431072,2.483542,41.71,31.0,23519938560.0,,,11.999,6.672000000000001,44.596,,,,-0.6,19.8,19.8,36.0,45.3,False
487,DIAMONDYD,2026-09-30,1108.5,1090.93,1140.25,1.61,True,False,True,True,48.93,8.23,1245.0,858.9,-10.96,29.06,50,NORMAL,within 15% of 52W high; above 200DMA; 200DMA rising; volume confirmation,2026-09-22,1037.7,6.82,55,55,RECOVERY WATCH,True,at/above 200DMA; recovery >=5%; volume >=1.2x,1245.0,2026-08-11,-10.96,False,False,30,ABOVE 200DMA,above 200DMA; volume >=1.2x,75,above 200DMA; 200DMA rising; 50DMA > 200DMA; volume >=1.2x,False,57.25,1182.53,6.68,997.65,0.67,200DMA RECOVERY,224.94759,3.6657443,4.77,5.0,25676843008.0,1.398,,1.0410000000000001,0.563,6.454,1.939,0.724,,4.9,,,27.0,45.15,False
491,CREST,2026-09-30,366.85,364.06,366.8,0.77,True,True,False,True,52.95,1.1,418.0,298.15,-12.24,23.04,55,NORMAL,within 15% of 52W high; above 200DMA; above 50DMA; healthy RSI,2026-09-25,354.0,3.63,80,80,STRONG RETEST,True,at/above 200DMA; moving toward 200DMA; above breakdown low; above 50DMA; RSI >=50,414.0,2026-06-18,-11.39,False,False,40,ABOVE 200DMA,above 200DMA; above 50DMA; RSI >=50,65,above 200DMA; above 50DMA; 50DMA > 200DMA; RSI >=50,False,56.5,393.28,7.2,330.17,0.72,200DMA RECOVERY,31.237068,0.7836425,11.6,27.0,10243190784.0,,,45.528,26.096000000000004,15.374,,,,-52.0,-55.300000000000004,-55.300000000000004,28.0,45.1,False
464,MONARCH,2026-09-30,337.85,323.78,376.69,4.35,True,False,True,True,26.46,0.31,406.95,235.45,-16.98,43.49,30,NORMAL,above 200DMA; 200DMA rising,,,,0,0,NOT A RECOVERY,False,,351.85,2025-08-20,-3.98,False,True,55,NEAR PRIOR HIGH,within 5% of prior high; above 200DMA,60,above 200DMA; 200DMA rising; 50DMA > 200DMA,False,48.5,359.79,6.49,304.07,0.65,NEAR PRIOR HIGH,15.030703,2.7951782,22.8,30.0,27178967040.0,,,62.637,50.529,3.83,,,,-8.3,-0.2,-0.2,40.0,45.1,False
342,JINDALSAW,2026-09-30,277.7,229.11,283.41,21.21,True,False,True,True,41.69,0.77,320.0,153.0,-13.22,81.5,40,NORMAL,within 15% of 52W high; above 200DMA; 200DMA rising,,,,0,0,NOT A RECOVERY,False,,230.44,2025-07-17,20.51,True,False,70,PRIOR HIGH BREAKOUT,above prior high; above 200DMA,60,above 200DMA; 200DMA rising; 50DMA > 200DMA,False,55.0,299.38,7.81,249.93,0.78,PRIOR HIGH BREAKOUT,26.44814,1.3697935,10.22,72.0,172348981248.0,,,5.2330000000000005,3.578,38.19,,,,9.0,-75.4,-75.4,30.0,45.0,False
974,TASTYBITE,2026-09-30,9487.0,8164.94,9742.83,16.19,True,False,True,True,40.03,0.51,10544.0,6430.0,-10.02,47.54,40,NORMAL,within 15% of 52W high; above 200DMA; 200DMA rising,,,,0,0,NOT A RECOVERY,False,,10604.0,2025-08-13,-10.53,False,False,20,ABOVE 200DMA,above 200DMA,60,above 200DMA; 200DMA rising; 50DMA > 200DMA,False,45.0,10066.43,6.11,8538.3,0.61,ABOVE 200DMA,,,,,,,,,,,,,,,,,,45.0,False
975,VARDHACRLC,2026-09-30,43.64,40.28,44.21,8.33,True,False,True,True,47.14,0.52,48.55,27.01,-10.11,61.57,40,NORMAL,within 15% of 52W high; above 200DMA; 200DMA rising,,,,0,0,NOT A RECOVERY,False,,59.8,2024-12-12,-27.02,False,False,20,ABOVE 200DMA,above 200DMA,60,above 200DMA; 200DMA rising; 50DMA > 200DMA,False,45.0,46.44,6.41,39.28,0.64,ABOVE 200DMA,,,,,,,,,,,,,,,,,,45.0,False
976,KRYSTAL,2026-09-30,626.2,593.69,628.78,5.48,True,False,True,True,46.94,0.31,696.9,500.0,-10.14,25.24,40,NORMAL,within 15% of 52W high; above 200DMA; 200DMA rising,,,,0,0,NOT A RECOVERY,False,,729.5,2025-09-03,-14.16,False,False,20,ABOVE 200DMA,above 200DMA,60,above 200DMA; 200DMA rising; 50DMA > 200DMA,False,45.0,678.74,8.39,563.58,0.84,ABOVE 200DMA,,,,,,,,,,,,,,,,,,45.0,False
977,GARFIBRES,2026-09-30,770.85,694.5,784.1,10.99,True,False,True,True,44.53,0.44,863.4,579.75,-10.72,32.96,40,NORMAL,within 15% of 52W high; above 200DMA; 200DMA rising,,,,0,0,NOT A RECOVERY,False,,825.0,2025-09-19,-6.56,False,False,20,ABOVE 200DMA,above 200DMA,60,above 200DMA; 200DMA rising; 50DMA > 200DMA,False,45.0,821.34,6.55,693.76,0.66,ABOVE 200DMA,,,,,,,,,,,,,,,,,,45.0,False
978,CANHLIFE,2026-09-30,148.51,145.33,151.26,2.19,True,False,True,True,42.32,0.27,166.69,106.0,-10.91,40.1,40,NORMAL,within 15% of 52W high; above 200DMA; 200DMA rising,,,,0,0,NOT A RECOVERY,False,,,,,False,False,20,ABOVE 200DMA,above 200DMA,60,above 200DMA; 200DMA rising; 50DMA > 200DMA,False,45.0,159.7,7.53,133.66,0.75,ABOVE 200DMA,,,,,,,,,,,,,,,,,,45.0,False
979,OBEROIRLTY,2026-09-30,1765.7,1685.16,1825.79,4.78,True,False,True,True,43.37,1.2,1986.1,1391.2,-11.1,26.92,40,NORMAL,within 15% of 52W high; above 200DMA; 200DMA rising,,,,0,0,NOT A RECOVERY,False,,1986.1,2026-07-06,-11.1,False,False,20,ABOVE 200DMA,above 200DMA,60,above 200DMA; 200DMA rising; 50DMA > 200DMA,False,45.0,1873.17,6.09,1589.13,0.61,ABOVE 200DMA,,,,,,,,,,,,,,,,,,45.0,False
980,IKS,2026-09-30,1747.5,1657.26,1789.51,5.44,True,False,True,True,45.06,0.69,1970.0,1262.0,-11.29,38.47,40,NORMAL,within 15% of 52W high; above 200DMA; 200DMA rising,,,,0,0,NOT A RECOVERY,False,,1876.0,2025-06-17,-6.85,False,False,20,ABOVE 200DMA,above 200DMA,60,above 200DMA; 200DMA rising; 50DMA > 200DMA,False,45.0,1873.24,7.2,1572.75,0.72,ABOVE 200DMA,,,,,,,,,,,,,,,,,,45.0,False
981,GEOJITFSL,2026-09-30,76.59,72.67,79.48,5.39,True,False,True,True,40.58,0.61,86.5,50.86,-11.46,50.59,40,NORMAL,within 15% of 52W high; above 200DMA; 200DMA rising,,,,0,0,NOT A RECOVERY,False,,85.39,2025-09-23,-10.31,False,False,20,ABOVE 200DMA,above 200DMA,60,above 200DMA; 200DMA rising; 50DMA > 200DMA,False,45.0,82.62,7.87,68.93,0.79,ABOVE 200DMA,,,,,,,,,,,,,,,,,,45.0,False
982,JKPAPER,2026-09-30,393.7,364.33,398.89,8.06,True,False,True,True,42.94,0.49,444.8,304.85,-11.49,29.15,40,NORMAL,within 15% of 52W high; above 200DMA; 200DMA rising,,,,0,0,NOT A RECOVERY,False,,444.8,2025-10-03,-11.49,False,False,20,ABOVE 200DMA,above 200DMA,60,above 200DMA; 200DMA rising; 50DMA > 200DMA,False,45.0,418.89,6.4,354.33,0.64,ABOVE 200DMA,,,,,,,,,,,,,,,,,,45.0,False
983,NILKAMAL,2026-09-30,1901.7,1474.68,1914.33,28.96,True,False,True,True,46.22,0.36,2149.5,1050.5,-11.53,81.03,40,NORMAL,within 15% of 52W high; above 200DMA; 200DMA rising,,,,0,0,NOT A RECOVERY,False,,2020.0,2025-01-02,-5.86,False,False,20,ABOVE 200DMA,above 200DMA,60,above 200DMA; 200DMA rising; 50DMA > 200DMA,False,45.0,2045.84,7.58,1711.53,0.76,ABOVE 200DMA,,,,,,,,,,,,,,,,,,45.0,False
984,CARTRADE,2026-09-30,2899.8,2381.2,2923.76,21.78,True,False,True,True,45.58,0.59,3290.5,1600.0,-11.87,81.24,40,NORMAL,within 15% of 52W high; above 200DMA; 200DMA rising,,,,0,0,NOT A RECOVERY,False,,3290.5,2025-11-17,-11.87,False,False,20,ABOVE 200DMA,above 200DMA,60,above 200DMA; 200DMA rising; 50DMA > 200DMA,False,45.0,3133.24,8.05,2609.82,0.81,ABOVE 200DMA,,,,,,,,,,,,,,,,,,45.0,False
985,PIRAMALFIN,2026-09-30,2043.9,1941.43,2157.53,5.28,True,False,True,True,35.76,0.57,2326.4,1260.0,-12.14,62.21,40,NORMAL,within 15% of 52W high; above 200DMA; 200DMA rising,,,,0,0,NOT A RECOVERY,False,,,,,False,False,20,ABOVE 200DMA,above 200DMA,60,above 200DMA; 200DMA rising; 50DMA > 200DMA,False,45.0,2254.49,10.3,1839.51,1.03,ABOVE 200DMA,,,,,,,,,,,,,,,,,,45.0,False
986,ANTHEM,2026-09-30,858.6,751.08,879.8,14.32,True,False,True,True,39.52,0.23,977.55,579.15,-12.17,48.25,40,NORMAL,within 15% of 52W high; above 200DMA; 200DMA rising,,,,0,0,NOT A RECOVERY,False,,,,,False,False,20,ABOVE 200DMA,above 200DMA,60,above 200DMA; 200DMA rising; 50DMA > 200DMA,False,45.0,910.48,6.04,772.74,0.6,ABOVE 200DMA,,,,,,,,,,,,,,,,,,45.0,False
987,VENKEYS,2026-09-30,1588.1,1491.73,1601.59,6.46,True,False,True,True,41.65,0.47,1814.9,1165.0,-12.5,36.32,40,NORMAL,within 15% of 52W high; above 200DMA; 200DMA rising,,,,0,0,NOT A RECOVERY,False,,1800.0,2026-05-13,-11.77,False,False,20,ABOVE 200DMA,above 200DMA,60,above 200DMA; 200DMA rising; 50DMA > 200DMA,False,45.0,1710.09,7.68,1429.29,0.77,ABOVE 200DMA,,,,,,,,,,,,,,,,,,45.0,False
988,EQUIPPP,2026-09-30,22.65,19.8,23.09,14.41,True,False,True,True,47.11,0.08,25.89,13.85,-12.51,63.54,40,NORMAL,within 15% of 52W high; above 200DMA; 200DMA rising,,,,0,0,NOT A RECOVERY,False,,23.97,2025-12-29,-5.51,False,False,20,ABOVE 200DMA,above 200DMA,60,above 200DMA; 200DMA rising; 50DMA > 200DMA,False,45.0,25.01,10.44,20.38,1.04,ABOVE 200DMA,,,,,,,,,,,,,,,,,,45.0,False
989,CLSEL,2026-09-30,284.15,273.13,290.87,4.03,True,False,True,True,42.72,1.08,324.8,203.75,-12.52,39.46,40,NORMAL,within 15% of 52W high; above 200DMA; 200DMA rising,,,,0,0,NOT A RECOVERY,False,,321.0,2026-02-13,-11.48,False,False,20,ABOVE 200DMA,above 200DMA,60,above 200DMA; 200DMA rising; 50DMA > 200DMA,False,45.0,304.82,7.27,255.73,0.73,ABOVE 200DMA,,,,,,,,,,,,,,,,,,45.0,False
990,SUTLEJTEX,2026-09-30,37.5,34.78,38.55,7.82,True,False,True,True,43.5,0.85,42.93,24.0,-12.65,56.25,40,NORMAL,within 15% of 52W high; above 200DMA; 200DMA rising,,,,0,0,NOT A RECOVERY,False,,,,,False,False,20,ABOVE 200DMA,above 200DMA,60,above 200DMA; 200DMA rising; 50DMA > 200DMA,False,45.0,40.86,8.97,33.75,0.9,ABOVE 200DMA,,,,,,,,,,,,,,,,,,45.0,False
991,MMFL,2026-09-30,598.6,487.16,611.13,22.88,True,False,True,True,44.9,0.66,687.95,288.1,-12.99,107.78,40,NORMAL,within 15% of 52W high; above 200DMA; 200DMA rising,,,,0,0,NOT A RECOVERY,False,,,,,False,False,20,ABOVE 200DMA,above 200DMA,60,above 200DMA; 200DMA rising; 50DMA > 200DMA,False,45.0,649.28,8.47,538.74,0.85,ABOVE 200DMA,,,,,,,,,,,,,,,,,,45.0,False
992,ANDHRSUGAR,2026-09-30,93.15,83.55,94.64,11.49,True,False,True,True,43.38,0.52,107.23,66.5,-13.13,40.08,40,NORMAL,within 15% of 52W high; above 200DMA; 200DMA rising,,,,0,0,NOT A RECOVERY,False,,107.23,2026-05-06,-13.13,False,False,20,ABOVE 200DMA,above 200DMA,60,above 200DMA; 200DMA rising; 50DMA > 200DMA,False,45.0,99.24,6.54,83.84,0.65,ABOVE 200DMA,,,,,,,,,,,,,,,,,,45.0,False
993,NITIRAJ,2026-09-30,209.26,201.09,215.08,4.06,True,False,True,True,39.43,0.18,241.0,168.0,-13.17,24.56,40,NORMAL,within 15% of 52W high; above 200DMA; 200DMA rising,,,,0,0,NOT A RECOVERY,False,,231.0,2026-03-11,-9.41,False,False,20,ABOVE 200DMA,above 200DMA,60,above 200DMA; 200DMA rising; 50DMA > 200DMA,False,45.0,233.77,11.71,188.33,1.17,ABOVE 200DMA,,,,,,,,,,,,,,,,,,45.0,False
994,JMA,2026-09-30,89.6,85.9,89.83,4.3,True,False,True,True,48.62,0.44,103.7,70.25,-13.6,27.54,40,NORMAL,within 15% of 52W high; above 200DMA; 200DMA rising,,,,0,0,NOT A RECOVERY,False,,97.5,2025-10-15,-8.1,False,False,20,ABOVE 200DMA,above 200DMA,60,above 200DMA; 200DMA rising; 50DMA > 200DMA,False,45.0,97.39,8.69,80.64,0.87,ABOVE 200DMA,,,,,,,,,,,,,,,,,,45.0,False
995,QUESS,2026-09-30,334.95,247.44,340.19,35.37,True,False,True,True,42.5,0.9,388.75,166.3,-13.84,101.41,40,NORMAL,within 15% of 52W high; above 200DMA; 200DMA rising,,,,0,0,NOT A RECOVERY,False,,,,,False,False,20,ABOVE 200DMA,above 200DMA,60,above 200DMA; 200DMA rising; 50DMA > 200DMA,False,45.0,363.18,8.43,301.46,0.84,ABOVE 200DMA,,,,,,,,,,,,,,,,,,45.0,False
996,GPTHEALTH,2026-09-30,150.74,142.56,158.53,5.73,True,False,True,True,35.23,0.57,175.0,115.0,-13.86,31.08,40,NORMAL,within 15% of 52W high; above 200DMA; 200DMA rising,,,,0,0,NOT A RECOVERY,False,,160.8,2025-08-25,-6.26,False,False,20,ABOVE 200DMA,above 200DMA,60,above 200DMA; 200DMA rising; 50DMA > 200DMA,False,45.0,162.54,7.83,135.67,0.78,ABOVE 200DMA,,,,,,,,,,,,,,,,,,45.0,False
997,SKIPPER,2026-09-30,531.15,467.68,546.47,13.57,True,False,True,True,43.02,0.18,616.8,327.05,-13.89,62.41,40,NORMAL,within 15% of 52W high; above 200DMA; 200DMA rising,,,,0,0,NOT A RECOVERY,False,,588.0,2025-09-08,-9.67,False,False,20,ABOVE 200DMA,above 200DMA,60,above 200DMA; 200DMA rising; 50DMA > 200DMA,False,45.0,574.31,8.13,478.04,0.81,ABOVE 200DMA,,,,,,,,,,,,,,,,,,45.0,False
998,SUPRAJIT,2026-09-30,481.2,458.52,500.07,4.95,True,False,True,True,44.36,0.47,559.25,389.95,-13.96,23.4,40,NORMAL,within 15% of 52W high; above 200DMA; 200DMA rising,,,,0,0,NOT A RECOVERY,False,,517.65,2025-09-24,-7.04,False,False,20,ABOVE 200DMA,above 200DMA,60,above 200DMA; 200DMA rising; 50DMA > 200DMA,False,45.0,514.28,6.87,433.08,0.69,ABOVE 200DMA,,,,,,,,,,,,,,,,,,45.0,False
999,TARSONS,2026-09-30,320.3,247.0,326.42,29.68,True,False,True,True,47.02,0.3,375.0,164.45,-14.59,94.77,40,NORMAL,within 15% of 52W high; above 200DMA; 200DMA rising,,,,0,0,NOT A RECOVERY,False,,464.3,2024-12-09,-31.01,False,False,20,ABOVE 200DMA,above 200DMA,60,above 200DMA; 200DMA rising; 50DMA > 200DMA,False,45.0,351.98,9.89,288.27,0.99,ABOVE 200DMA,,,,,,,,,,,,,,,,,,45.0,False
1000,WIPL,2026-09-30,164.8,157.15,166.61,4.87,True,False,True,True,48.41,0.15,193.2,133.1,-14.7,23.82,40,NORMAL,within 15% of 52W high; above 200DMA; 200DMA rising,,,,0,0,NOT A RECOVERY,False,,193.2,2025-10-30,-14.7,False,False,20,ABOVE 200DMA,above 200DMA,60,above 200DMA; 200DMA rising; 50DMA > 200DMA,False,45.0,177.48,7.69,148.32,0.77,ABOVE 200DMA,,,,,,,,,,,,,,,,,,45.0,False
1001,RUBICON,2026-09-30,1619.4,1126.31,1691.48,43.78,True,False,True,True,38.58,0.85,1899.0,570.75,-14.72,183.73,40,NORMAL,within 15% of 52W high; above 200DMA; 200DMA rising,,,,0,0,NOT A RECOVERY,False,,,,,False,False,20,ABOVE 200DMA,above 200DMA,60,above 200DMA; 200DMA rising; 50DMA > 200DMA,False,45.0,1749.96,8.06,1457.46,0.81,ABOVE 200DMA,,,,,,,,,,,,,,,,,,45.0,False
1002,JINDRILL,2026-09-30,600.6,561.68,616.45,6.93,True,False,True,True,46.67,0.24,704.4,440.1,-14.74,36.47,40,NORMAL,within 15% of 52W high; above 200DMA; 200DMA rising,,,,0,0,NOT A RECOVERY,False,,693.5,2026-05-19,-13.4,False,False,20,ABOVE 200DMA,above 200DMA,60,above 200DMA; 200DMA rising; 50DMA > 200DMA,False,45.0,656.66,9.33,540.54,0.93,ABOVE 200DMA,,,,,,,,,,,,,,,,,,45.0,False
1003,KALYANKJIL,2026-09-30,553.15,459.97,595.82,20.26,True,False,True,True,35.95,0.99,648.95,327.05,-14.76,69.13,40,NORMAL,within 15% of 52W high; above 200DMA; 200DMA rising,,,,0,0,NOT A RECOVERY,False,,617.7,2025-07-24,-10.45,False,False,20,ABOVE 200DMA,above 200DMA,60,above 200DMA; 200DMA rising; 50DMA > 200DMA,False,45.0,583.6,5.5,497.84,0.55,ABOVE 200DMA,,,,,,,,,,,,,,,,,,45.0,False
1004,IIFL,2026-09-30,600.75,539.97,619.43,11.26,True,False,True,True,45.28,0.48,705.0,409.1,-14.79,46.85,40,NORMAL,within 15% of 52W high; above 200DMA; 200DMA rising,,,,0,0,NOT A RECOVERY,False,,675.0,2026-01-06,-11.0,False,False,20,ABOVE 200DMA,above 200DMA,60,above 200DMA; 200DMA rising; 50DMA > 200DMA,False,45.0,637.41,6.1,540.68,0.61,ABOVE 200DMA,,,,,,,,,,,,,,,,,,45.0,False
1005,EMMVEE,2026-09-30,315.9,270.82,325.25,16.65,True,False,True,True,42.45,0.54,371.55,171.51,-14.98,84.19,40,NORMAL,within 15% of 52W high; above 200DMA; 200DMA rising,,,,0,0,NOT A RECOVERY,False,,,,,False,False,20,ABOVE 200DMA,above 200DMA,60,above 200DMA; 200DMA rising; 50DMA > 200DMA,False,45.0,340.58,7.81,284.31,0.78,ABOVE 200DMA,,,,,,,,,,,,,,,,,,45.0,False
377,IDEAFORGE,2026-09-30,730.95,649.96,796.65,12.46,True,False,True,True,43.68,1.0,992.25,366.0,-26.33,99.71,30,NORMAL,above 200DMA; 200DMA rising,,,,0,0,NOT A RECOVERY,False,,556.25,2025-09-22,31.41,True,False,70,PRIOR HIGH BREAKOUT,above prior high; above 200DMA,60,above 200DMA; 200DMA rising; 50DMA > 200DMA,False,51.5,782.84,7.1,657.86,0.71,PRIOR HIGH BREAKOUT,835.2273,5.309773,0.88,,36542238720.0,,,-17.316000000000003,1.397,13.974,,,,436.7,,,35.0,44.9,False
543,PODDARMENT,2026-09-30,257.15,250.98,263.9,2.46,True,False,True,True,42.95,0.11,333.4,201.1,-22.87,27.87,30,NORMAL,above 200DMA; 200DMA rising,2026-08-25,242.35,6.11,65,65,RECOVERY WATCH,True,at/above 200DMA; moving toward 200DMA; recovery >=5%,293.3,2026-06-11,-12.33,False,False,20,ABOVE 200DMA,above 200DMA,60,above 200DMA; 200DMA rising; 50DMA > 200DMA,False,41.5,289.72,12.67,231.43,1.27,200DMA RECOVERY,17.675957,0.7677081,14.35,156.0,2691226368.0,,,2.774,4.077999999999999,1.743,,,,-1.2,11.4,11.4,50.0,44.9,False
615,MUNJALSHOW,2026-09-30,126.44,128.53,132.06,-1.62,False,False,True,True,44.03,0.84,147.1,110.3,-14.04,14.63,20,NORMAL,within 15% of 52W high; 200DMA rising,2026-09-28,122.25,3.43,45,45,NEAR 200DMA,True,within 3% of 200DMA; moving toward 200DMA; above breakdown low,147.1,2026-08-03,-14.04,False,False,0,NORMAL,,35,200DMA rising; 50DMA > 200DMA,False,22.75,135.03,6.79,113.8,0.68,200DMA RECOVERY,20.05314,0.7345689,6.21,356.0,4980577280.0,,,-0.058,1.802,,,,,21.5,35.699999999999996,35.699999999999996,78.0,44.85,False
444,UCAL,2026-09-30,140.15,113.48,135.5,23.5,True,True,True,True,48.7,0.51,163.8,77.0,-14.44,82.01,55,NORMAL,within 15% of 52W high; above 200DMA; above 50DMA; 200DMA rising,,,,0,0,NOT A RECOVERY,False,,141.39,2026-01-16,-0.88,False,True,65,NEAR PRIOR HIGH,within 5% of prior high; above 200DMA; above 50DMA,75,above 200DMA; above 50DMA; 200DMA rising; 50DMA > 200DMA,False,66.0,152.29,8.66,126.13,0.87,NEAR PRIOR HIGH,,0.9517095,-9.71,,3104752640.0,,,6.491,-2.537,56.888,,,,4.3999999999999995,,,13.0,44.8,False
608,ITCHOTELS,2026-09-30,164.13,168.32,161.96,-2.49,False,True,False,False,57.0,0.97,232.0,137.3,-29.25,19.54,25,NORMAL,above 50DMA; healthy RSI,2026-07-16,149.85,9.53,80,80,STRONG RETEST,True,within 3% of 200DMA; moving toward 200DMA; recovery >=5%; above 50DMA; RSI >=50,226.63,2025-10-27,-27.58,False,False,20,NORMAL,above 50DMA; RSI >=50,25,above 50DMA; RSI >=50,False,24.0,171.74,4.63,147.72,0.46,200DMA RECOVERY,38.19518,2.8322046,4.15,61.0,330186522624.0,,,20.086999,20.283002,0.634,,,,14.799999999999999,35.9,35.9,76.0,44.8,False
1006,COFORGE,2026-09-30,1749.1,1517.45,1809.9,15.27,True,False,False,True,40.89,1.33,2021.2,1008.1,-13.46,73.5,40,NORMAL,within 15% of 52W high; above 200DMA; volume confirmation,,,,0,0,NOT A RECOVERY,False,,1989.7,2025-12-08,-12.09,False,False,30,ABOVE 200DMA,above 200DMA; volume >=1.2x,55,above 200DMA; 50DMA > 200DMA; volume >=1.2x,False,44.75,1860.94,6.39,1574.19,0.64,ABOVE 200DMA,,,,,,,,,,,,,,,,,,44.75,False
1007,NAUKRI,2026-09-30,1219.5,1143.7,1285.31,6.63,True,False,False,True,39.32,1.21,1419.9,908.3,-14.11,34.26,40,NORMAL,within 15% of 52W high; above 200DMA; volume confirmation,,,,0,0,NOT A RECOVERY,False,,1550.0,2025-06-10,-21.32,False,False,30,ABOVE 200DMA,above 200DMA; volume >=1.2x,55,above 200DMA; 50DMA > 200DMA; volume >=1.2x,False,44.75,1297.73,6.41,1097.55,0.64,ABOVE 200DMA,,,,,,,,,,,,,,,,,,44.75,False
760,DELTACORP,2026-09-30,80.51,64.61,61.51,24.61,True,True,True,False,78.17,8.28,87.9,48.3,-8.41,66.69,75,APPROACHING 52W HIGH,within 10% of 52W high; above 200DMA; above 50DMA; 200DMA rising; volume confirmation,,,,0,0,NOT A RECOVERY,False,,88.44,2025-09-05,-8.97,False,False,50,ABOVE 200DMA,above 200DMA; above 50DMA; RSI >=50; volume >=1.2x,85,above 200DMA; above 50DMA; 200DMA rising; RSI >=50; volume >=1.2x,False,74.5,91.23,13.32,72.46,1.33,HIGH LEVEL,,0.88003165,-5.84,62.0,19675822080.0,,,12.151,-23.273,2.175,,,,-8.5,,,0.0,44.7,False
591,IRMENERGY,2026-09-30,264.45,261.14,277.13,1.27,True,False,False,True,38.67,0.63,378.0,165.4,-30.04,59.89,20,NORMAL,above 200DMA,2026-07-03,250.3,5.65,65,65,RECOVERY WATCH,True,at/above 200DMA; moving toward 200DMA; recovery >=5%,366.89,2026-04-30,-27.92,False,False,20,ABOVE 200DMA,above 200DMA,40,above 200DMA; 50DMA > 200DMA,False,29.0,280.81,6.19,238.01,0.62,200DMA RECOVERY,14.47753,1.0599269,17.8,56.99999999999999,10581079040.0,,,13.919,6.468999999999999,7.333,,,,24.099999999999998,142.79999999999998,142.79999999999998,68.0,44.6,False
630,LINCOLN,2026-09-30,585.65,589.32,603.73,-0.62,False,False,True,True,39.82,0.56,770.0,440.0,-23.94,33.1,10,NORMAL,200DMA rising,2026-09-28,581.4,0.73,55,55,RECOVERY WATCH,True,at/above 200DMA; moving toward 200DMA; above breakdown low,770.0,2026-05-27,-23.94,False,False,0,NORMAL,,35,200DMA rising; 50DMA > 200DMA,False,19.25,619.44,5.77,527.09,0.58,200DMA RECOVERY,12.090776,1.5384269,48.14,31.0,11658302464.0,,,13.283000000000001,13.893,0.584,,,,15.1,30.9,30.9,82.0,44.35,False
336,ORCHPHARMA,2026-09-30,997.0,799.59,1003.41,24.69,True,False,True,True,46.89,0.48,1143.5,480.0,-12.81,107.71,40,NORMAL,within 15% of 52W high; above 200DMA; 200DMA rising,,,,0,0,NOT A RECOVERY,False,,899.0,2025-11-26,10.9,True,False,70,PRIOR HIGH BREAKOUT,above prior high; above 200DMA,60,above 200DMA; 200DMA rising; 50DMA > 200DMA,False,55.0,1104.81,10.81,897.3,1.08,PRIOR HIGH BREAKOUT,300.91187,3.8979294,3.29,,50211913728.0,,,1.00300005,3.457,28.156,,,,75.9,-81.6,-81.6,28.0,44.2,False
368,UFBL,2026-09-30,678.8,449.67,730.65,50.96,True,False,True,True,41.68,0.8,850.0,172.34,-20.14,293.87,30,NORMAL,above 200DMA; 200DMA rising,,,,0,0,NOT A RECOVERY,False,,342.1,2025-06-25,98.42,True,False,70,PRIOR HIGH BREAKOUT,above prior high; above 200DMA,60,above 200DMA; 200DMA rising; 50DMA > 200DMA,False,51.5,753.99,11.08,610.92,1.11,PRIOR HIGH BREAKOUT,,8.726789,-10.18,,27098759168.0,,,5.669,-2.7,275.522,,,,43.4,,,33.0,44.1,False
369,SUVEN,2026-09-30,320.2,238.69,341.81,34.15,True,False,True,True,37.92,0.77,403.35,124.11,-20.61,158.0,30,NORMAL,above 200DMA; 200DMA rising,,,,0,0,NOT A RECOVERY,False,,294.8,2025-07-18,8.62,True,False,70,PRIOR HIGH BREAKOUT,above prior high; above 200DMA,60,above 200DMA; 200DMA rising; 50DMA > 200DMA,False,51.5,347.54,8.54,288.18,0.85,PRIOR HIGH BREAKOUT,,13.748049,-14.6,,87114072064.0,,,-3776.3702000000003,0.0,2.823,,,,91.0,,,33.0,44.1,False
526,KOTHARIPET,2026-09-30,129.43,126.52,136.68,2.3,True,False,True,True,42.49,0.45,155.47,94.75,-16.75,36.6,30,NORMAL,above 200DMA; 200DMA rising,2026-07-22,124.61,3.87,55,55,RECOVERY WATCH,True,at/above 200DMA; moving toward 200DMA; above breakdown low,154.9,2025-11-03,-16.44,False,False,20,ABOVE 200DMA,above 200DMA,60,above 200DMA; 200DMA rising; 50DMA > 200DMA,False,41.5,139.43,7.72,116.49,0.77,200DMA RECOVERY,10.358429,2.0009801,12.22,155.0,7448777216.0,,,13.459,12.4630004,0.601,,,,-8.799999999999999,-3.3000000000000003,-3.3000000000000003,48.0,44.1,False
528,GRPLTD,2026-09-30,1898.6,1853.04,1992.31,2.46,True,False,True,True,39.88,0.3,2300.1,1500.0,-17.46,26.57,30,NORMAL,above 200DMA; 200DMA rising,2026-07-16,1826.0,3.98,55,55,RECOVERY WATCH,True,at/above 200DMA; moving toward 200DMA; above breakdown low,2209.9,2025-10-23,-14.09,False,False,20,ABOVE 200DMA,above 200DMA,60,above 200DMA; 200DMA rising; 50DMA > 200DMA,False,41.5,2016.6,6.22,1708.74,0.62,200DMA RECOVERY,178.9424,5.6663914,10.59,18.0,10106663936.0,,,7.593999999999999,0.9980001000000001,116.333,,,,26.700000000000003,139.9,139.9,48.0,44.1,False
484,HITECHGEAR,2026-09-30,621.8,617.19,566.12,0.75,True,True,False,False,62.85,1.22,897.45,521.25,-30.71,19.29,55,NORMAL,above 200DMA; above 50DMA; healthy RSI; volume confirmation,2026-07-07,523.0,18.89,105,105,STRONG RETEST,True,at/above 200DMA; moving toward 200DMA; recovery >=10%; above 50DMA; volume >=1.2x; RSI >=50,897.45,2025-10-13,-30.71,False,False,50,ABOVE 200DMA,above 200DMA; above 50DMA; RSI >=50; volume >=1.2x,65,above 200DMA; above 50DMA; RSI >=50; volume >=1.2x,False,58.5,678.55,9.13,559.62,0.91,200DMA RECOVERY,57.254993,2.1620173,10.51,64.0,11324961792.0,,,3.794,2.121,34.925,,,,10.299999999999999,-20.7,-20.7,22.0,43.9,False
380,CEMPRO,2026-09-30,1192.2,964.1,1285.08,23.66,True,False,True,True,38.0,1.06,1649.2,503.3,-27.71,136.88,30,NORMAL,above 200DMA; 200DMA rising,,,,0,0,NOT A RECOVERY,False,,944.0,2025-06-30,26.29,True,False,70,PRIOR HIGH BREAKOUT,above prior high; above 200DMA,60,above 200DMA; 200DMA rising; 50DMA > 200DMA,False,51.5,1284.2,7.72,1072.98,0.77,PRIOR HIGH BREAKOUT,33.634808,8.439764,35.05,25.0,202520379392.0,,,8.524,5.892000299999999,37.711,,,,7.000000000000001,2.6,2.6,32.0,43.7,False
634,SCI,2026-09-30,270.5,271.66,286.3,-0.43,False,False,True,True,37.49,0.79,368.75,195.55,-26.64,38.33,10,NORMAL,200DMA rising,2026-09-30,269.75,0.28,35,35,NEAR 200DMA,True,at/above 200DMA; above breakdown low,368.75,2026-05-11,-26.64,False,False,0,NORMAL,,35,200DMA rising; 50DMA > 200DMA,False,19.25,284.91,5.33,243.45,0.53,200DMA RECOVERY,7.682681,1.3668935,34.76,277.0,124391620608.0,,,32.518002,25.642002,29.454,,,,40.300000000000004,75.0,75.0,80.0,43.55,False
560,NTPCGREEN,2026-09-30,93.37,95.36,90.98,-2.08,False,True,True,False,57.53,1.13,119.95,84.0,-22.16,11.15,35,NORMAL,above 50DMA; 200DMA rising; healthy RSI,2026-09-25,89.65,4.15,70,70,RECOVERY WATCH,True,within 3% of 200DMA; moving toward 200DMA; above breakdown low; above 50DMA; RSI >=50,119.95,2026-04-27,-22.16,False,False,20,NORMAL,above 50DMA; RSI >=50,45,above 50DMA; 200DMA rising; RSI >=50,False,36.5,98.08,5.05,84.03,0.5,200DMA RECOVERY,126.51388,4.115016,0.72,,767554355200.0,,,58.36299700000001,18.476,165.281,,,,62.7,38.5,38.5,54.0,43.5,False
562,NAGREEKCAP,2026-09-30,26.03,26.17,24.27,-0.55,False,True,True,False,50.29,0.12,42.75,19.3,-39.11,34.87,35,NORMAL,above 50DMA; 200DMA rising; healthy RSI,2026-09-29,25.2,3.29,80,80,STRONG RETEST,True,at/above 200DMA; moving toward 200DMA; above breakdown low; above 50DMA; RSI >=50,38.0,2026-04-23,-31.5,False,False,20,NORMAL,above 50DMA; RSI >=50,45,above 50DMA; 200DMA rising; RSI >=50,False,36.5,30.92,18.79,23.43,1.88,200DMA RECOVERY,4.727612,1.1201485,5.36,,319671712.0,,,27.282,11.639,380.22,,,,108.3,-0.7000000000000001,-0.7000000000000001,54.0,43.5,False
581,MAHLIFE,2026-09-30,360.3,358.95,371.56,0.37,True,False,False,True,48.05,1.02,427.05,286.8,-15.63,25.63,20,NORMAL,above 200DMA,2026-09-22,347.85,3.58,55,55,RECOVERY WATCH,True,at/above 200DMA; moving toward 200DMA; above breakdown low,408.0,2026-07-23,-11.69,False,False,20,ABOVE 200DMA,above 200DMA,40,above 200DMA; 50DMA > 200DMA,False,29.0,384.35,6.67,324.27,0.67,200DMA RECOVERY,22.409061,2.065564,15.67,97.0,75000143872.0,12.038,,9.295999,15.76,18.26,,,,2909.5,36.5,36.5,65.0,43.4,False
1008,APLLTD,2026-09-30,825.45,781.13,823.74,5.67,True,True,False,True,47.22,1.19,998.0,635.8,-17.29,29.83,35,NORMAL,above 200DMA; above 50DMA,,,,0,0,NOT A RECOVERY,False,,958.0,2025-11-21,-13.84,False,False,30,ABOVE 200DMA,above 200DMA; above 50DMA,55,above 200DMA; above 50DMA; 50DMA > 200DMA,False,43.0,879.09,6.5,742.91,0.65,ABOVE 200DMA,,,,,,,,,,,,,,,,,,43.0,False
1009,TOTAL,2026-09-30,69.54,61.54,66.35,13.01,True,True,False,True,47.8,0.4,87.89,45.0,-20.88,54.53,35,NORMAL,above 200DMA; above 50DMA,,,,0,0,NOT A RECOVERY,False,,93.5,2025-05-26,-25.63,False,False,30,ABOVE 200DMA,above 200DMA; above 50DMA,55,above 200DMA; above 50DMA; 50DMA > 200DMA,False,43.0,75.78,8.97,62.59,0.9,ABOVE 200DMA,,,,,,,,,,,,,,,,,,43.0,False
1010,MANYAVAR,2026-09-30,535.1,462.09,522.34,15.8,True,True,False,True,47.23,0.35,711.45,329.2,-24.79,62.55,35,NORMAL,above 200DMA; above 50DMA,,,,0,0,NOT A RECOVERY,False,,,,,False,False,30,ABOVE 200DMA,above 200DMA; above 50DMA,55,above 200DMA; above 50DMA; 50DMA > 200DMA,False,43.0,572.91,7.07,481.59,0.71,ABOVE 200DMA,,,,,,,,,,,,,,,,,,43.0,False
1011,VAISHALI,2026-09-30,8.35,7.68,8.19,8.76,True,True,False,True,48.8,1.14,12.2,4.75,-31.56,75.79,35,NORMAL,above 200DMA; above 50DMA,,,,0,0,NOT A RECOVERY,False,,,,,False,False,30,ABOVE 200DMA,above 200DMA; above 50DMA,55,above 200DMA; above 50DMA; 50DMA > 200DMA,False,43.0,9.57,14.61,7.52,1.46,ABOVE 200DMA,,,,,,,,,,,,,,,,,,43.0,False
1012,GFLLIMITED,2026-09-30,54.94,49.44,53.35,11.12,True,True,False,True,47.56,0.24,81.0,37.25,-32.17,47.49,35,NORMAL,above 200DMA; above 50DMA,,,,0,0,NOT A RECOVERY,False,,62.84,2025-11-28,-12.57,False,False,30,ABOVE 200DMA,above 200DMA; above 50DMA,55,above 200DMA; above 50DMA; 50DMA > 200DMA,False,43.0,60.7,10.48,49.45,1.05,ABOVE 200DMA,,,,,,,,,,,,,,,,,,43.0,False
472,NEUEON,2026-09-30,15.06,14.9,13.97,1.1,True,True,True,False,62.97,2.38,27.4,5.22,-45.04,188.51,65,NORMAL,above 200DMA; above 50DMA; 200DMA rising; healthy RSI; volume confirmation,2026-09-29,13.64,10.41,105,105,STRONG RETEST,True,at/above 200DMA; moving toward 200DMA; recovery >=10%; above 50DMA; volume >=1.2x; RSI >=50,27.4,2026-05-18,-45.04,False,False,50,ABOVE 200DMA,above 200DMA; above 50DMA; RSI >=50; volume >=1.2x,85,above 200DMA; above 50DMA; 200DMA rising; RSI >=50; volume >=1.2x,False,71.0,16.46,9.29,13.55,0.93,200DMA RECOVERY,,3.9228792,-1.88,,8628698112.0,,,-398.94,0.0,19.061,,,,-94.89999999999999,,,0.0,42.6,False
793,TNTELE,2026-09-30,12.84,9.31,9.26,37.86,True,True,True,False,73.19,3.08,15.74,7.81,-18.42,64.4,65,NORMAL,above 200DMA; above 50DMA; 200DMA rising; healthy RSI; volume confirmation,,,,0,0,NOT A RECOVERY,False,,26.0,2025-07-14,-50.62,False,False,50,ABOVE 200DMA,above 200DMA; above 50DMA; RSI >=50; volume >=1.2x,85,above 200DMA; above 50DMA; 200DMA rising; RSI >=50; volume >=1.2x,False,71.0,14.86,15.72,11.56,1.57,ABOVE 200DMA,,-0.2670733,-3.26,,527961408.0,,,0.0,0.0,,0.036,0.024,,,,,0.0,42.6,False
565,MARICO,2026-09-30,786.0,799.13,837.59,-1.64,False,False,True,True,36.22,1.61,889.1,691.3,-11.6,13.7,30,NORMAL,within 15% of 52W high; 200DMA rising; volume confirmation,2026-09-29,786.0,0.0,45,45,NEAR 200DMA,True,within 3% of 200DMA; moving toward 200DMA; volume >=1.2x,889.1,2026-07-30,-11.6,False,False,10,NORMAL,volume >=1.2x,50,200DMA rising; 50DMA > 200DMA; volume >=1.2x,False,35.0,817.04,3.95,707.4,0.39,200DMA RECOVERY,53.73796,24.092688,14.54,51.0,1014186573824.0,,,19.282,13.159999,12.394,,,,21.4,24.7,24.7,54.0,42.6,False
567,PIDILITIND,2026-09-30,1465.1,1500.03,1611.81,-2.33,False,False,True,True,29.38,1.59,1707.5,1259.0,-14.2,16.37,30,NORMAL,within 15% of 52W high; 200DMA rising; volume confirmation,2026-09-29,1461.0,0.28,55,55,RECOVERY WATCH,True,within 3% of 200DMA; moving toward 200DMA; above breakdown low; volume >=1.2x,1707.5,2026-08-14,-14.2,False,False,10,NORMAL,volume >=1.2x,50,200DMA rising; 50DMA > 200DMA; volume >=1.2x,False,35.0,1531.51,4.53,1318.59,0.45,200DMA RECOVERY,56.459698,13.755391,25.93,78.0,1491142836224.0,,,24.093,17.202,3.776,,,,21.3,29.599999999999998,29.599999999999998,54.0,42.6,False
587,ECLERX,2026-09-30,1819.9,1773.34,1886.64,2.63,True,False,False,True,42.66,1.16,2497.5,1320.0,-27.13,37.87,20,NORMAL,above 200DMA,2026-09-29,1762.0,3.29,55,55,RECOVERY WATCH,True,at/above 200DMA; moving toward 200DMA; above breakdown low,2497.5,2026-02-03,-27.13,False,False,20,ABOVE 200DMA,above 200DMA,40,above 200DMA; 50DMA > 200DMA,False,29.0,1949.41,7.12,1637.91,0.71,200DMA RECOVERY,23.365732,6.5113673,77.16,5.0,165912363008.0,,,18.712,16.814,15.012,,,,23.3,18.8,18.8,62.0,42.2,False
354,BHARATFORG,2026-09-30,1926.0,1859.54,2052.03,3.57,True,False,True,True,40.2,1.17,2295.0,1179.4,-16.08,63.3,30,NORMAL,above 200DMA; 200DMA rising,,,,0,0,NOT A RECOVERY,False,,1362.1,2025-06-09,41.4,True,False,70,PRIOR HIGH BREAKOUT,above prior high; above 200DMA,60,above 200DMA; 200DMA rising; 50DMA > 200DMA,False,51.5,2021.44,4.96,1733.4,0.5,PRIOR HIGH BREAKOUT,126.43291,9.357314,14.83,44.0,916257505280.0,,,9.616,4.0260002,76.475,,,,18.7,,,28.0,42.1,False
362,HIRECT,2026-09-30,1147.2,960.2,1254.81,19.47,True,False,True,True,34.87,0.65,1399.0,565.2,-18.0,102.97,30,NORMAL,above 200DMA; 200DMA rising,,,,0,0,NOT A RECOVERY,False,,1054.25,2025-08-20,8.82,True,False,70,PRIOR HIGH BREAKOUT,above prior high; above 200DMA,60,above 200DMA; 200DMA rising; 50DMA > 200DMA,False,51.5,1240.64,8.15,1032.48,0.81,PRIOR HIGH BREAKOUT,93.26141,18.51736,12.05,12.0,38627524608.0,,,3.293,3.995,118.871,,,,20.3,-26.700000000000003,-26.700000000000003,28.0,42.1,False
601,LICHSGFIN,2026-09-30,530.2,534.14,533.59,-0.74,False,False,True,False,41.49,1.53,598.2,458.9,-11.37,15.54,30,NORMAL,within 15% of 52W high; 200DMA rising; volume confirmation,2026-09-30,530.2,0.0,55,55,RECOVERY WATCH,True,at/above 200DMA; moving toward 200DMA; volume >=1.2x,598.2,2026-05-11,-11.37,False,False,10,NORMAL,volume >=1.2x,35,200DMA rising; volume >=1.2x,False,28.25,563.86,6.35,477.18,0.63,200DMA RECOVERY,4.8782825,0.675909,104.34,189.0,279982047232.0,,,82.443,65.17699999999999,642.522,,,,14.499999999999998,9.9,9.9,62.0,41.75,False
523,SARLAPOLY,2026-09-30,93.96,92.37,99.93,1.72,True,False,True,True,34.3,0.64,111.0,68.4,-15.35,37.37,30,NORMAL,above 200DMA; 200DMA rising,2026-04-23,86.5,8.62,65,65,RECOVERY WATCH,True,at/above 200DMA; moving toward 200DMA; recovery >=5%,119.5,2025-07-31,-21.37,False,False,20,ABOVE 200DMA,above 200DMA,60,above 200DMA; 200DMA rising; 50DMA > 200DMA,False,41.5,100.31,6.76,84.56,0.68,200DMA RECOVERY,195.78723,1.7603734,0.47,213.0,7315865600.0,,,18.747,0.47000000000000003,39.891,,,,10.6,76.1,76.1,42.0,41.7,False
606,GMBREW,2026-09-30,966.95,967.22,911.6,-0.03,False,True,False,False,64.67,0.99,1328.8,699.7,-27.23,38.19,25,NORMAL,above 50DMA; healthy RSI,2026-09-28,953.15,1.45,80,80,STRONG RETEST,True,at/above 200DMA; moving toward 200DMA; above breakdown low; above 50DMA; RSI >=50,1144.5,2026-01-09,-15.51,False,False,20,NORMAL,above 50DMA; RSI >=50,25,above 50DMA; RSI >=50,False,24.0,1014.11,4.88,870.26,0.49,200DMA RECOVERY,12.887505,2.0171585,73.87,93.0,21750272000.0,,,5.598,8.878,3.201,,,,25.8,45.9,45.9,68.0,41.6,False
1013,COSMOFIRST,2026-09-30,845.6,755.28,901.92,11.96,True,False,True,True,37.3,0.99,996.0,560.8,-15.1,50.78,30,NORMAL,above 200DMA; 200DMA rising,,,,0,0,NOT A RECOVERY,False,,942.85,2025-09-23,-10.31,False,False,20,ABOVE 200DMA,above 200DMA,60,above 200DMA; 200DMA rising; 50DMA > 200DMA,False,41.5,894.78,5.82,761.04,0.58,ABOVE 200DMA,,,,,,,,,,,,,,,,,,41.5,False
1014,GIPCL,2026-09-30,179.68,157.66,181.42,13.97,True,False,True,True,39.39,0.52,211.71,119.9,-15.13,49.86,30,NORMAL,above 200DMA; 200DMA rising,,,,0,0,NOT A RECOVERY,False,,198.0,2025-10-23,-9.25,False,False,20,ABOVE 200DMA,above 200DMA,60,above 200DMA; 200DMA rising; 50DMA > 200DMA,False,41.5,193.03,7.43,161.71,0.74,ABOVE 200DMA,,,,,,,,,,,,,,,,,,41.5,False
1015,63MOONS,2026-09-30,811.05,696.36,827.17,16.47,True,False,True,True,43.74,0.27,957.95,467.0,-15.33,73.67,30,NORMAL,above 200DMA; 200DMA rising,,,,0,0,NOT A RECOVERY,False,,937.65,2025-11-28,-13.5,False,False,20,ABOVE 200DMA,above 200DMA,60,above 200DMA; 200DMA rising; 50DMA > 200DMA,False,41.5,901.51,11.15,729.94,1.12,ABOVE 200DMA,,,,,,,,,,,,,,,,,,41.5,False
1016,STYL,2026-09-30,369.95,298.05,380.99,24.12,True,False,True,True,47.49,0.39,437.45,209.11,-15.43,76.92,30,NORMAL,above 200DMA; 200DMA rising,,,,0,0,NOT A RECOVERY,False,,,,,False,False,20,ABOVE 200DMA,above 200DMA,60,above 200DMA; 200DMA rising; 50DMA > 200DMA,False,41.5,406.5,9.88,332.96,0.99,ABOVE 200DMA,,,,,,,,,,,,,,,,,,41.5,False
1017,LODHA,2026-09-30,1135.0,1020.49,1198.81,11.22,True,False,True,True,45.88,0.96,1344.95,650.8,-15.61,74.4,30,NORMAL,above 200DMA; 200DMA rising,,,,0,0,NOT A RECOVERY,False,,1531.0,2025-06-09,-25.87,False,False,20,ABOVE 200DMA,above 200DMA,60,above 200DMA; 200DMA rising; 50DMA > 200DMA,False,41.5,1211.81,6.77,1021.5,0.68,ABOVE 200DMA,,,,,,,,,,,,,,,,,,41.5,False
1018,JAYAGROGN,2026-09-30,223.18,205.51,227.92,8.6,True,False,True,True,44.2,0.19,265.0,147.26,-15.78,51.56,30,NORMAL,above 200DMA; 200DMA rising,,,,0,0,NOT A RECOVERY,False,,243.0,2026-06-01,-8.16,False,False,20,ABOVE 200DMA,above 200DMA,60,above 200DMA; 200DMA rising; 50DMA > 200DMA,False,41.5,245.19,9.86,200.86,0.99,ABOVE 200DMA,,,,,,,,,,,,,,,,,,41.5,False
1019,PDSL,2026-09-30,352.3,330.15,358.4,6.71,True,False,True,True,48.06,0.45,418.5,246.05,-15.82,43.18,30,NORMAL,above 200DMA; 200DMA rising,,,,0,0,NOT A RECOVERY,False,,449.95,2025-05-15,-21.7,False,False,20,ABOVE 200DMA,above 200DMA,60,above 200DMA; 200DMA rising; 50DMA > 200DMA,False,41.5,374.19,6.21,317.07,0.62,ABOVE 200DMA,,,,,,,,,,,,,,,,,,41.5,False
1020,UMIYA-MRO,2026-09-30,93.16,87.48,93.2,6.49,True,False,True,True,43.95,0.75,110.9,70.0,-16.0,33.09,30,NORMAL,above 200DMA; 200DMA rising,,,,0,0,NOT A RECOVERY,False,,110.9,2025-10-17,-16.0,False,False,20,ABOVE 200DMA,above 200DMA,60,above 200DMA; 200DMA rising; 50DMA > 200DMA,False,41.5,102.41,9.93,83.84,0.99,ABOVE 200DMA,,,,,,,,,,,,,,,,,,41.5,False
1021,MAGADSUGAR,2026-09-30,531.25,488.89,538.12,8.66,True,False,True,True,49.04,0.39,634.95,417.0,-16.33,27.4,30,NORMAL,above 200DMA; 200DMA rising,,,,0,0,NOT A RECOVERY,False,,560.7,2026-05-06,-5.25,False,False,20,ABOVE 200DMA,above 200DMA,60,above 200DMA; 200DMA rising; 50DMA > 200DMA,False,41.5,581.8,9.52,478.12,0.95,ABOVE 200DMA,,,,,,,,,,,,,,,,,,41.5,False
1022,ALKYLAMINE,2026-09-30,1761.7,1675.03,1906.77,5.17,True,False,True,True,33.45,0.65,2115.0,1212.0,-16.7,45.35,30,NORMAL,above 200DMA; 200DMA rising,,,,0,0,NOT A RECOVERY,False,,2127.0,2025-09-04,-17.17,False,False,20,ABOVE 200DMA,above 200DMA,60,above 200DMA; 200DMA rising; 50DMA > 200DMA,False,41.5,1873.86,6.37,1585.53,0.64,ABOVE 200DMA,,,,,,,,,,,,,,,,,,41.5,False
1023,WEWORK,2026-09-30,660.45,602.92,691.32,9.54,True,False,True,True,43.21,0.7,794.5,420.0,-16.87,57.25,30,NORMAL,above 200DMA; 200DMA rising,,,,0,0,NOT A RECOVERY,False,,,,,False,False,20,ABOVE 200DMA,above 200DMA,60,above 200DMA; 200DMA rising; 50DMA > 200DMA,False,41.5,701.03,6.14,594.41,0.61,ABOVE 200DMA,,,,,,,,,,,,,,,,,,41.5,False
1024,KPRMILL,2026-09-30,1103.3,993.19,1108.78,11.09,True,False,True,True,46.32,0.84,1334.0,796.1,-17.29,38.59,30,NORMAL,above 200DMA; 200DMA rising,,,,0,0,NOT A RECOVERY,False,,1389.0,2025-05-09,-20.57,False,False,20,ABOVE 200DMA,above 200DMA,60,above 200DMA; 200DMA rising; 50DMA > 200DMA,False,41.5,1170.8,6.12,992.97,0.61,ABOVE 200DMA,,,,,,,,,,,,,,,,,,41.5,False
1025,IKIO,2026-09-30,196.85,169.45,205.32,16.17,True,False,True,True,42.15,0.26,238.8,103.53,-17.57,90.14,30,NORMAL,above 200DMA; 200DMA rising,,,,0,0,NOT A RECOVERY,False,,304.0,2025-03-21,-35.25,False,False,20,ABOVE 200DMA,above 200DMA,60,above 200DMA; 200DMA rising; 50DMA > 200DMA,False,41.5,214.52,8.98,177.17,0.9,ABOVE 200DMA,,,,,,,,,,,,,,,,,,41.5,False
1026,HMT,2026-09-30,60.1,57.51,62.12,4.51,True,False,True,True,42.72,0.45,72.95,41.0,-17.61,46.59,30,NORMAL,above 200DMA; 200DMA rising,,,,0,0,NOT A RECOVERY,False,,72.31,2026-03-06,-16.89,False,False,20,ABOVE 200DMA,above 200DMA,60,above 200DMA; 200DMA rising; 50DMA > 200DMA,False,41.5,64.94,8.06,54.09,0.81,ABOVE 200DMA,,,,,,,,,,,,,,,,,,41.5,False
1027,CONCORDBIO,2026-09-30,1373.6,1269.22,1448.47,8.22,True,False,True,True,39.71,0.64,1667.6,987.0,-17.63,39.17,30,NORMAL,above 200DMA; 200DMA rising,,,,0,0,NOT A RECOVERY,False,,1513.0,2025-11-17,-9.21,False,False,20,ABOVE 200DMA,above 200DMA,60,above 200DMA; 200DMA rising; 50DMA > 200DMA,False,41.5,1492.33,8.64,1236.24,0.86,ABOVE 200DMA,,,,,,,,,,,,,,,,,,41.5,False
1028,KHAITANLTD,2026-09-30,146.25,121.83,147.72,20.05,True,False,True,True,44.85,0.33,178.0,85.0,-17.84,72.06,30,NORMAL,above 200DMA; 200DMA rising,,,,0,0,NOT A RECOVERY,False,,167.5,2025-05-27,-12.69,False,False,20,ABOVE 200DMA,above 200DMA,60,above 200DMA; 200DMA rising; 50DMA > 200DMA,False,41.5,164.36,12.38,131.62,1.24,ABOVE 200DMA,,,,,,,,,,,,,,,,,,41.5,False
1029,BLUESTONE,2026-09-30,794.85,580.42,827.16,36.94,True,False,True,True,45.17,0.45,969.9,399.8,-18.05,98.81,30,NORMAL,above 200DMA; 200DMA rising,,,,0,0,NOT A RECOVERY,False,,,,,False,False,20,ABOVE 200DMA,above 200DMA,60,above 200DMA; 200DMA rising; 50DMA > 200DMA,False,41.5,912.29,14.78,715.36,1.48,ABOVE 200DMA,,,,,,,,,,,,,,,,,,41.5,False
1030,ATHERENERG,2026-09-30,1425.0,1010.61,1489.16,41.0,True,False,True,True,39.06,0.83,1744.0,556.5,-18.29,156.06,30,NORMAL,above 200DMA; 200DMA rising,,,,0,0,NOT A RECOVERY,False,,,,,False,False,20,ABOVE 200DMA,above 200DMA,60,above 200DMA; 200DMA rising; 50DMA > 200DMA,False,41.5,1539.63,8.04,1282.5,0.8,ABOVE 200DMA,,,,,,,,,,,,,,,,,,41.5,False
1031,NELCO,2026-09-30,914.5,767.27,959.95,19.19,True,False,True,True,42.87,0.34,1120.0,500.1,-18.35,82.86,30,NORMAL,above 200DMA; 200DMA rising,,,,0,0,NOT A RECOVERY,False,,,,,False,False,20,ABOVE 200DMA,above 200DMA,60,above 200DMA; 200DMA rising; 50DMA > 200DMA,False,41.5,996.4,8.96,823.05,0.9,ABOVE 200DMA,,,,,,,,,,,,,,,,,,41.5,False
1032,UNIDT,2026-09-30,222.06,208.69,226.85,6.41,True,False,True,True,46.88,0.55,272.0,146.0,-18.36,52.1,30,NORMAL,above 200DMA; 200DMA rising,,,,0,0,NOT A RECOVERY,False,,256.3,2025-06-17,-13.36,False,False,20,ABOVE 200DMA,above 200DMA,60,above 200DMA; 200DMA rising; 50DMA > 200DMA,False,41.5,258.34,16.34,199.85,1.63,ABOVE 200DMA,,,,,,,,,,,,,,,,,,41.5,False
1033,COUNCODOS,2026-09-30,6.4,5.49,6.44,16.67,True,False,True,True,48.57,0.23,7.85,3.71,-18.47,72.51,30,NORMAL,above 200DMA; 200DMA rising,,,,0,0,NOT A RECOVERY,False,,11.92,2025-04-28,-46.31,False,False,20,ABOVE 200DMA,above 200DMA,60,above 200DMA; 200DMA rising; 50DMA > 200DMA,False,41.5,7.07,10.45,5.76,1.04,ABOVE 200DMA,,,,,,,,,,,,,,,,,,41.5,False
1034,TIIL,2026-09-30,2900.9,2516.26,2997.26,15.29,True,False,True,True,35.78,0.92,3565.3,1868.5,-18.64,55.25,30,NORMAL,above 200DMA; 200DMA rising,,,,0,0,NOT A RECOVERY,False,,3383.0,2025-07-28,-14.25,False,False,20,ABOVE 200DMA,above 200DMA,60,above 200DMA; 200DMA rising; 50DMA > 200DMA,False,41.5,3129.64,7.89,2610.81,0.79,ABOVE 200DMA,,,,,,,,,,,,,,,,,,41.5,False
1035,HESTERBIO,2026-09-30,2175.8,1866.15,2342.17,16.59,True,False,True,True,42.44,0.31,2683.6,1239.3,-18.92,75.57,30,NORMAL,above 200DMA; 200DMA rising,,,,0,0,NOT A RECOVERY,False,,2350.0,2025-08-04,-7.41,False,False,20,ABOVE 200DMA,above 200DMA,60,above 200DMA; 200DMA rising; 50DMA > 200DMA,False,41.5,2351.2,8.06,1958.22,0.81,ABOVE 200DMA,,,,,,,,,,,,,,,,,,41.5,False
1036,MOLDTKPAC,2026-09-30,660.6,623.97,682.4,5.87,True,False,True,True,45.95,1.01,815.0,464.9,-18.94,42.1,30,NORMAL,above 200DMA; 200DMA rising,,,,0,0,NOT A RECOVERY,False,,892.9,2025-07-30,-26.02,False,False,20,ABOVE 200DMA,above 200DMA,60,above 200DMA; 200DMA rising; 50DMA > 200DMA,False,41.5,703.42,6.48,594.54,0.65,ABOVE 200DMA,,,,,,,,,,,,,,,,,,41.5,False
1037,NOCIL,2026-09-30,171.11,162.43,173.37,5.34,True,False,True,True,42.44,0.44,211.2,125.31,-18.98,36.55,30,NORMAL,above 200DMA; 200DMA rising,,,,0,0,NOT A RECOVERY,False,,204.5,2026-06-23,-16.33,False,False,20,ABOVE 200DMA,above 200DMA,60,above 200DMA; 200DMA rising; 50DMA > 200DMA,False,41.5,189.86,10.96,154.0,1.1,ABOVE 200DMA,,,,,,,,,,,,,,,,,,41.5,False
1038,3IINFOLTD,2026-09-30,22.52,18.14,23.91,24.18,True,False,True,True,40.16,0.6,27.8,12.68,-18.99,77.6,30,NORMAL,above 200DMA; 200DMA rising,,,,0,0,NOT A RECOVERY,False,,,,,False,False,20,ABOVE 200DMA,above 200DMA,60,above 200DMA; 200DMA rising; 50DMA > 200DMA,False,41.5,24.76,9.97,20.27,1.0,ABOVE 200DMA,,,,,,,,,,,,,,,,,,41.5,False
1039,GUJTHEM,2026-09-30,387.6,362.74,391.88,6.85,True,False,True,True,41.74,0.32,479.0,225.05,-19.08,72.23,30,NORMAL,above 200DMA; 200DMA rising,,,,0,0,NOT A RECOVERY,False,,457.8,2025-12-26,-15.33,False,False,20,ABOVE 200DMA,above 200DMA,60,above 200DMA; 200DMA rising; 50DMA > 200DMA,False,41.5,422.59,9.03,348.84,0.9,ABOVE 200DMA,,,,,,,,,,,,,,,,,,41.5,False
1040,RANEHOLDIN,2026-09-30,1529.8,1419.46,1665.19,7.77,True,False,True,True,31.94,0.54,1894.5,981.0,-19.25,55.94,30,NORMAL,above 200DMA; 200DMA rising,,,,0,0,NOT A RECOVERY,False,,1798.0,2025-10-06,-14.92,False,False,20,ABOVE 200DMA,above 200DMA,60,above 200DMA; 200DMA rising; 50DMA > 200DMA,False,41.5,1617.57,5.74,1376.82,0.57,ABOVE 200DMA,,,,,,,,,,,,,,,,,,41.5,False
1041,BHARATSE,2026-09-30,212.38,191.85,221.91,10.7,True,False,True,True,44.5,0.32,263.18,133.6,-19.3,58.97,30,NORMAL,above 200DMA; 200DMA rising,,,,0,0,NOT A RECOVERY,False,,239.45,2025-10-17,-11.31,False,False,20,ABOVE 200DMA,above 200DMA,60,above 200DMA; 200DMA rising; 50DMA > 200DMA,False,41.5,227.58,7.16,191.14,0.72,ABOVE 200DMA,,,,,,,,,,,,,,,,,,41.5,False
1042,ASPINWALL,2026-09-30,241.85,234.6,248.81,3.09,True,False,True,True,40.47,0.97,299.8,200.25,-19.33,20.77,30,NORMAL,above 200DMA; 200DMA rising,,,,0,0,NOT A RECOVERY,False,,299.8,2026-01-01,-19.33,False,False,20,ABOVE 200DMA,above 200DMA,60,above 200DMA; 200DMA rising; 50DMA > 200DMA,False,41.5,263.88,9.11,217.67,0.91,ABOVE 200DMA,,,,,,,,,,,,,,,,,,41.5,False
1043,JSFB,2026-09-30,489.3,453.18,542.93,7.97,True,False,True,True,38.75,0.49,606.95,330.0,-19.38,48.27,30,NORMAL,above 200DMA; 200DMA rising,,,,0,0,NOT A RECOVERY,False,,552.5,2025-06-10,-11.44,False,False,20,ABOVE 200DMA,above 200DMA,60,above 200DMA; 200DMA rising; 50DMA > 200DMA,False,41.5,544.64,11.31,440.37,1.13,ABOVE 200DMA,,,,,,,,,,,,,,,,,,41.5,False
1044,ANANTRAJ,2026-09-30,598.9,545.95,612.33,9.7,True,False,True,True,46.08,0.39,743.65,403.0,-19.46,48.61,30,NORMAL,above 200DMA; 200DMA rising,,,,0,0,NOT A RECOVERY,False,,689.55,2025-10-14,-13.15,False,False,20,ABOVE 200DMA,above 200DMA,60,above 200DMA; 200DMA rising; 50DMA > 200DMA,False,41.5,632.94,5.68,539.01,0.57,ABOVE 200DMA,,,,,,,,,,,,,,,,,,41.5,False
1045,RANASUG,2026-09-30,13.24,12.65,13.85,4.63,True,False,True,True,35.96,0.79,16.45,10.21,-19.51,29.68,30,NORMAL,above 200DMA; 200DMA rising,,,,0,0,NOT A RECOVERY,False,,14.8,2026-05-06,-10.54,False,False,20,ABOVE 200DMA,above 200DMA,60,above 200DMA; 200DMA rising; 50DMA > 200DMA,False,41.5,14.23,7.47,11.92,0.75,ABOVE 200DMA,,,,,,,,,,,,,,,,,,41.5,False
1046,EXICOM,2026-09-30,152.11,131.09,162.4,16.03,True,False,True,True,38.59,0.34,189.17,75.6,-19.59,101.2,30,NORMAL,above 200DMA; 200DMA rising,,,,0,0,NOT A RECOVERY,False,,168.3,2025-09-19,-9.62,False,False,20,ABOVE 200DMA,above 200DMA,60,above 200DMA; 200DMA rising; 50DMA > 200DMA,False,41.5,168.52,10.79,136.9,1.08,ABOVE 200DMA,,,,,,,,,,,,,,,,,,41.5,False
1047,VISAKAIND,2026-09-30,83.58,73.96,90.69,13.01,True,False,True,True,36.89,0.39,104.41,50.2,-19.95,66.49,30,NORMAL,above 200DMA; 200DMA rising,,,,0,0,NOT A RECOVERY,False,,88.25,2025-10-09,-5.29,False,False,20,ABOVE 200DMA,above 200DMA,60,above 200DMA; 200DMA rising; 50DMA > 200DMA,False,41.5,91.79,9.83,75.22,0.98,ABOVE 200DMA,,,,,,,,,,,,,,,,,,41.5,False
1048,JETFREIGHT,2026-09-30,20.74,19.91,21.78,4.18,True,False,True,True,46.01,0.35,25.95,12.0,-20.08,72.83,30,NORMAL,above 200DMA; 200DMA rising,,,,0,0,NOT A RECOVERY,False,,25.95,2026-07-16,-20.08,False,False,20,ABOVE 200DMA,above 200DMA,60,above 200DMA; 200DMA rising; 50DMA > 200DMA,False,41.5,23.53,13.44,18.67,1.34,ABOVE 200DMA,,,,,,,,,,,,,,,,,,41.5,False
1049,TAINWALCHM,2026-09-30,205.19,197.38,209.11,3.95,True,False,True,True,43.56,0.26,257.0,155.0,-20.16,32.38,30,NORMAL,above 200DMA; 200DMA rising,,,,0,0,NOT A RECOVERY,False,,230.28,2025-12-16,-10.9,False,False,20,ABOVE 200DMA,above 200DMA,60,above 200DMA; 200DMA rising; 50DMA > 200DMA,False,41.5,223.12,8.74,184.67,0.87,ABOVE 200DMA,,,,,,,,,,,,,,,,,,41.5,False
1050,STYLAMIND,2026-09-30,3308.7,2749.38,3429.01,20.34,True,False,True,True,47.45,0.33,4150.0,1629.0,-20.27,103.11,30,NORMAL,above 200DMA; 200DMA rising,,,,0,0,NOT A RECOVERY,False,,,,,False,False,20,ABOVE 200DMA,above 200DMA,60,above 200DMA; 200DMA rising; 50DMA > 200DMA,False,41.5,3536.54,6.89,2977.83,0.69,ABOVE 200DMA,,,,,,,,,,,,,,,,,,41.5,False
1051,AUTOIND,2026-09-30,82.66,78.52,87.72,5.27,True,False,True,True,46.41,0.34,104.0,48.35,-20.52,70.96,30,NORMAL,above 200DMA; 200DMA rising,,,,0,0,NOT A RECOVERY,False,,104.0,2026-08-13,-20.52,False,False,20,ABOVE 200DMA,above 200DMA,60,above 200DMA; 200DMA rising; 50DMA > 200DMA,False,41.5,90.46,9.44,74.39,0.94,ABOVE 200DMA,,,,,,,,,,,,,,,,,,41.5,False
1052,TATATECH,2026-09-30,707.5,677.77,778.86,4.39,True,False,True,True,36.3,1.04,891.0,507.4,-20.59,39.44,30,NORMAL,above 200DMA; 200DMA rising,,,,0,0,NOT A RECOVERY,False,,,,,False,False,20,ABOVE 200DMA,above 200DMA,60,above 200DMA; 200DMA rising; 50DMA > 200DMA,False,41.5,753.31,6.48,636.75,0.65,ABOVE 200DMA,,,,,,,,,,,,,,,,,,41.5,False
1053,INDOTECH,2026-09-30,3188.2,2407.59,3541.22,32.42,True,False,True,True,32.5,0.56,4030.0,1100.0,-20.89,189.84,30,NORMAL,above 200DMA; 200DMA rising,,,,0,0,NOT A RECOVERY,False,,,,,False,False,20,ABOVE 200DMA,above 200DMA,60,above 200DMA; 200DMA rising; 50DMA > 200DMA,False,41.5,3468.67,8.8,2869.38,0.88,ABOVE 200DMA,,,,,,,,,,,,,,,,,,41.5,False
1054,AUSOMENT,2026-09-30,140.68,125.16,146.03,12.4,True,False,True,True,35.45,0.67,178.0,93.0,-20.97,51.27,30,NORMAL,above 200DMA; 200DMA rising,,,,0,0,NOT A RECOVERY,False,,178.0,2026-01-19,-20.97,False,False,20,ABOVE 200DMA,above 200DMA,60,above 200DMA; 200DMA rising; 50DMA > 200DMA,False,41.5,154.33,9.7,126.61,0.97,ABOVE 200DMA,,,,,,,,,,,,,,,,,,41.5,False
1055,GANECOS,2026-09-30,1000.6,945.24,1067.4,5.86,True,False,True,True,43.94,0.38,1268.0,653.55,-21.09,53.1,30,NORMAL,above 200DMA; 200DMA rising,,,,0,0,NOT A RECOVERY,False,,1396.0,2025-09-02,-28.32,False,False,20,ABOVE 200DMA,above 200DMA,60,above 200DMA; 200DMA rising; 50DMA > 200DMA,False,41.5,1077.13,7.65,900.54,0.76,ABOVE 200DMA,,,,,,,,,,,,,,,,,,41.5,False
1056,GOLDIAM,2026-09-30,313.45,301.14,347.4,4.09,True,False,True,True,38.05,0.74,398.2,198.75,-21.28,57.71,30,NORMAL,above 200DMA; 200DMA rising,,,,0,0,NOT A RECOVERY,False,,333.0,2026-02-10,-5.87,False,False,20,ABOVE 200DMA,above 200DMA,60,above 200DMA; 200DMA rising; 50DMA > 200DMA,False,41.5,336.45,7.34,282.11,0.73,ABOVE 200DMA,,,,,,,,,,,,,,,,,,41.5,False
1057,GOCLCORP,2026-09-30,362.45,338.97,409.4,6.93,True,False,True,True,32.65,0.12,461.4,223.35,-21.45,62.28,30,NORMAL,above 200DMA; 200DMA rising,,,,0,0,NOT A RECOVERY,False,,401.7,2025-08-25,-9.77,False,False,20,ABOVE 200DMA,above 200DMA,60,above 200DMA; 200DMA rising; 50DMA > 200DMA,False,41.5,402.35,11.01,326.21,1.1,ABOVE 200DMA,,,,,,,,,,,,,,,,,,41.5,False
1058,NETWEB,2026-09-30,4548.0,4029.29,4880.14,12.87,True,False,True,True,39.12,0.54,5813.0,2920.0,-21.76,55.75,30,NORMAL,above 200DMA; 200DMA rising,,,,0,0,NOT A RECOVERY,False,,,,,False,False,20,ABOVE 200DMA,above 200DMA,60,above 200DMA; 200DMA rising; 50DMA > 200DMA,False,41.5,4876.07,7.21,4093.2,0.72,ABOVE 200DMA,,,,,,,,,,,,,,,,,,41.5,False
1059,DYCL,2026-09-30,437.15,354.64,445.98,23.26,True,False,True,True,44.54,0.38,560.0,236.8,-21.94,84.61,30,NORMAL,above 200DMA; 200DMA rising,,,,0,0,NOT A RECOVERY,False,,520.0,2025-08-21,-15.93,False,False,20,ABOVE 200DMA,above 200DMA,60,above 200DMA; 200DMA rising; 50DMA > 200DMA,False,41.5,475.69,8.82,393.43,0.88,ABOVE 200DMA,,,,,,,,,,,,,,,,,,41.5,False
1060,KIRLOSIND,2026-09-30,3570.7,3356.43,3736.81,6.38,True,False,True,True,40.0,0.1,4574.8,2463.0,-21.95,44.97,30,NORMAL,above 200DMA; 200DMA rising,,,,0,0,NOT A RECOVERY,False,,4345.0,2025-09-22,-17.82,False,False,20,ABOVE 200DMA,above 200DMA,60,above 200DMA; 200DMA rising; 50DMA > 200DMA,False,41.5,3854.34,7.94,3213.63,0.79,ABOVE 200DMA,,,,,,,,,,,,,,,,,,41.5,False
1061,MUKKA,2026-09-30,25.98,23.94,26.4,8.51,True,False,True,True,41.63,0.14,33.29,18.27,-21.96,42.2,30,NORMAL,above 200DMA; 200DMA rising,,,,0,0,NOT A RECOVERY,False,,30.26,2025-12-04,-14.14,False,False,20,ABOVE 200DMA,above 200DMA,60,above 200DMA; 200DMA rising; 50DMA > 200DMA,False,41.5,29.2,12.39,23.38,1.24,ABOVE 200DMA,,,,,,,,,,,,,,,,,,41.5,False
1062,KECL,2026-09-30,120.64,110.36,130.97,9.31,True,False,True,True,44.46,1.09,155.0,75.47,-22.17,59.85,30,NORMAL,above 200DMA; 200DMA rising,,,,0,0,NOT A RECOVERY,False,,148.0,2026-04-20,-18.49,False,False,20,ABOVE 200DMA,above 200DMA,60,above 200DMA; 200DMA rising; 50DMA > 200DMA,False,41.5,133.13,10.35,108.58,1.04,ABOVE 200DMA,,,,,,,,,,,,,,,,,,41.5,False
1063,BLUEJET,2026-09-30,538.05,489.49,581.51,9.92,True,False,True,True,32.9,0.96,692.9,325.0,-22.35,65.55,30,NORMAL,above 200DMA; 200DMA rising,,,,0,0,NOT A RECOVERY,False,,1027.8,2025-07-21,-47.65,False,False,20,ABOVE 200DMA,above 200DMA,60,above 200DMA; 200DMA rising; 50DMA > 200DMA,False,41.5,573.75,6.64,484.24,0.66,ABOVE 200DMA,,,,,,,,,,,,,,,,,,41.5,False
1064,AKSHOPTFBR,2026-09-30,6.97,6.17,7.01,13.04,True,False,True,True,42.56,0.46,9.01,3.82,-22.64,82.46,30,NORMAL,above 200DMA; 200DMA rising,,,,0,0,NOT A RECOVERY,False,,7.98,2025-10-21,-12.66,False,False,20,ABOVE 200DMA,above 200DMA,60,above 200DMA; 200DMA rising; 50DMA > 200DMA,False,41.5,7.93,13.75,6.27,1.38,ABOVE 200DMA,,,,,,,,,,,,,,,,,,41.5,False
1065,TVSSRICHAK,2026-09-30,4437.5,4123.09,4630.53,7.63,True,False,True,True,39.3,0.53,5760.0,3135.0,-22.96,41.55,30,NORMAL,above 200DMA; 200DMA rising,,,,0,0,NOT A RECOVERY,False,,4775.8,2025-11-25,-7.08,False,False,20,ABOVE 200DMA,above 200DMA,60,above 200DMA; 200DMA rising; 50DMA > 200DMA,False,41.5,4841.57,9.11,3993.75,0.91,ABOVE 200DMA,,,,,,,,,,,,,,,,,,41.5,False
1066,KOLTEPATIL,2026-09-30,424.85,382.77,436.88,10.99,True,False,True,True,43.66,0.31,554.6,292.25,-23.4,45.37,30,NORMAL,above 200DMA; 200DMA rising,,,,0,0,NOT A RECOVERY,False,,451.9,2025-11-03,-5.99,False,False,20,ABOVE 200DMA,above 200DMA,60,above 200DMA; 200DMA rising; 50DMA > 200DMA,False,41.5,449.11,5.71,382.37,0.57,ABOVE 200DMA,,,,,,,,,,,,,,,,,,41.5,False
1067,KESORAMIND,2026-09-30,10.92,10.83,11.76,0.8,True,False,True,True,39.69,1.17,14.26,4.55,-23.42,140.0,30,NORMAL,above 200DMA; 200DMA rising,,,,0,0,NOT A RECOVERY,False,,,,,False,False,20,ABOVE 200DMA,above 200DMA,60,above 200DMA; 200DMA rising; 50DMA > 200DMA,False,41.5,12.08,10.64,9.83,1.06,ABOVE 200DMA,,,,,,,,,,,,,,,,,,41.5,False
1068,ORIENTLTD,2026-09-30,78.23,69.67,80.66,12.29,True,False,True,True,44.27,0.44,102.3,53.72,-23.53,45.63,30,NORMAL,above 200DMA; 200DMA rising,,,,0,0,NOT A RECOVERY,False,,91.39,2025-10-28,-14.4,False,False,20,ABOVE 200DMA,above 200DMA,60,above 200DMA; 200DMA rising; 50DMA > 200DMA,False,41.5,85.24,8.96,70.41,0.9,ABOVE 200DMA,,,,,,,,,,,,,,,,,,41.5,False
1069,ELGIRUBCO,2026-09-30,53.42,49.39,58.62,8.16,True,False,True,True,39.28,0.37,70.0,32.72,-23.69,63.26,30,NORMAL,above 200DMA; 200DMA rising,,,,0,0,NOT A RECOVERY,False,,90.5,2025-09-01,-40.97,False,False,20,ABOVE 200DMA,above 200DMA,60,above 200DMA; 200DMA rising; 50DMA > 200DMA,False,41.5,59.05,10.54,48.08,1.05,ABOVE 200DMA,,,,,,,,,,,,,,,,,,41.5,False
1070,APOLLOPIPE,2026-09-30,507.85,442.21,549.7,14.84,True,False,True,True,37.19,0.81,668.8,252.1,-24.07,101.45,30,NORMAL,above 200DMA; 200DMA rising,,,,0,0,NOT A RECOVERY,False,,,,,False,False,20,ABOVE 200DMA,above 200DMA,60,above 200DMA; 200DMA rising; 50DMA > 200DMA,False,41.5,549.83,8.27,457.07,0.83,ABOVE 200DMA,,,,,,,,,,,,,,,,,,41.5,False
1071,GUJALKALI,2026-09-30,618.85,604.13,681.59,2.44,True,False,True,True,36.25,0.52,815.0,409.15,-24.07,51.25,30,NORMAL,above 200DMA; 200DMA rising,,,,0,0,NOT A RECOVERY,False,,,,,False,False,20,ABOVE 200DMA,above 200DMA,60,above 200DMA; 200DMA rising; 50DMA > 200DMA,False,41.5,666.51,7.7,556.96,0.77,ABOVE 200DMA,,,,,,,,,,,,,,,,,,41.5,False
1072,PPL,2026-09-30,253.35,233.18,267.15,8.65,True,False,True,True,37.47,0.43,334.4,163.21,-24.24,55.23,30,NORMAL,above 200DMA; 200DMA rising,,,,0,0,NOT A RECOVERY,False,,,,,False,False,20,ABOVE 200DMA,above 200DMA,60,above 200DMA; 200DMA rising; 50DMA > 200DMA,False,41.5,279.48,10.31,228.02,1.03,ABOVE 200DMA,,,,,,,,,,,,,,,,,,41.5,False
1073,DEVYANI,2026-09-30,130.29,122.85,134.81,6.06,True,False,True,True,37.5,0.66,172.74,91.55,-24.57,42.32,30,NORMAL,above 200DMA; 200DMA rising,,,,0,0,NOT A RECOVERY,False,,159.66,2026-01-02,-18.4,False,False,20,ABOVE 200DMA,above 200DMA,60,above 200DMA; 200DMA rising; 50DMA > 200DMA,False,41.5,138.83,6.56,117.26,0.66,ABOVE 200DMA,,,,,,,,,,,,,,,,,,41.5,False
1074,BAJAJHIND,2026-09-30,19.54,18.25,19.82,7.06,True,False,True,True,43.51,0.64,26.0,14.85,-24.85,31.58,30,NORMAL,above 200DMA; 200DMA rising,,,,0,0,NOT A RECOVERY,False,,23.3,2025-10-23,-16.14,False,False,20,ABOVE 200DMA,above 200DMA,60,above 200DMA; 200DMA rising; 50DMA > 200DMA,False,41.5,21.23,8.67,17.59,0.87,ABOVE 200DMA,,,,,,,,,,,,,,,,,,41.5,False
1075,ATLANTAELE,2026-09-30,1608.1,1411.42,1692.77,13.93,True,False,True,True,40.43,0.82,2152.6,707.6,-25.29,127.26,30,NORMAL,above 200DMA; 200DMA rising,,,,0,0,NOT A RECOVERY,False,,,,,False,False,20,ABOVE 200DMA,above 200DMA,60,above 200DMA; 200DMA rising; 50DMA > 200DMA,False,41.5,1743.04,8.39,1447.29,0.84,ABOVE 200DMA,,,,,,,,,,,,,,,,,,41.5,False
1076,NAHARSPING,2026-09-30,260.05,240.75,287.73,8.02,True,False,True,True,35.79,0.55,349.0,149.2,-25.49,74.3,30,NORMAL,above 200DMA; 200DMA rising,,,,0,0,NOT A RECOVERY,False,,316.0,2024-12-17,-17.71,False,False,20,ABOVE 200DMA,above 200DMA,60,above 200DMA; 200DMA rising; 50DMA > 200DMA,False,41.5,287.58,10.59,234.04,1.06,ABOVE 200DMA,,,,,,,,,,,,,,,,,,41.5,False
1077,PARACABLES,2026-09-30,56.36,50.69,63.38,11.19,True,False,True,True,34.75,0.7,75.7,28.3,-25.55,99.15,30,NORMAL,above 200DMA; 200DMA rising,,,,0,0,NOT A RECOVERY,False,,,,,False,False,20,ABOVE 200DMA,above 200DMA,60,above 200DMA; 200DMA rising; 50DMA > 200DMA,False,41.5,61.43,9.0,50.72,0.9,ABOVE 200DMA,,,,,,,,,,,,,,,,,,41.5,False
1078,SICALLOG,2026-09-30,91.19,84.29,102.2,8.19,True,False,True,True,40.16,0.43,122.5,60.11,-25.56,51.71,30,NORMAL,above 200DMA; 200DMA rising,,,,0,0,NOT A RECOVERY,False,,124.0,2025-07-14,-26.46,False,False,20,ABOVE 200DMA,above 200DMA,60,above 200DMA; 200DMA rising; 50DMA > 200DMA,False,41.5,100.6,10.32,82.07,1.03,ABOVE 200DMA,,,,,,,,,,,,,,,,,,41.5,False
1079,MODTHREAD,2026-09-30,48.64,46.59,50.71,4.39,True,False,True,True,45.9,0.01,65.65,35.61,-25.91,36.59,30,NORMAL,above 200DMA; 200DMA rising,,,,0,0,NOT A RECOVERY,False,,65.65,2026-08-18,-25.91,False,False,20,ABOVE 200DMA,above 200DMA,60,above 200DMA; 200DMA rising; 50DMA > 200DMA,False,41.5,52.89,8.74,43.78,0.87,ABOVE 200DMA,,,,,,,,,,,,,,,,,,41.5,False
1080,XPROINDIA,2026-09-30,1161.9,1114.75,1220.11,4.23,True,False,True,True,41.5,0.35,1574.8,788.05,-26.22,47.44,30,NORMAL,above 200DMA; 200DMA rising,,,,0,0,NOT A RECOVERY,False,,1574.8,2026-07-03,-26.22,False,False,20,ABOVE 200DMA,above 200DMA,60,above 200DMA; 200DMA rising; 50DMA > 200DMA,False,41.5,1261.69,8.59,1045.71,0.86,ABOVE 200DMA,,,,,,,,,,,,,,,,,,41.5,False
1081,TINNARUBR,2026-09-30,952.1,835.34,1045.06,13.98,True,False,True,True,37.86,0.51,1322.0,527.45,-27.98,80.51,30,NORMAL,above 200DMA; 200DMA rising,,,,0,0,NOT A RECOVERY,False,,1068.6,2025-10-08,-10.9,False,False,20,ABOVE 200DMA,above 200DMA,60,above 200DMA; 200DMA rising; 50DMA > 200DMA,False,41.5,1032.71,8.47,856.89,0.85,ABOVE 200DMA,,,,,,,,,,,,,,,,,,41.5,False
1082,HUHTAMAKI,2026-09-30,237.35,206.62,268.41,14.87,True,False,True,True,38.18,0.44,330.0,148.6,-28.08,59.72,30,NORMAL,above 200DMA; 200DMA rising,,,,0,0,NOT A RECOVERY,False,,272.65,2025-10-23,-12.95,False,False,20,ABOVE 200DMA,above 200DMA,60,above 200DMA; 200DMA rising; 50DMA > 200DMA,False,41.5,254.33,7.15,213.62,0.72,ABOVE 200DMA,,,,,,,,,,,,,,,,,,41.5,False
1083,AMDIND,2026-09-30,53.45,47.0,54.6,13.72,True,False,True,True,42.5,0.12,74.39,33.77,-28.15,58.28,30,NORMAL,above 200DMA; 200DMA rising,,,,0,0,NOT A RECOVERY,False,,61.52,2025-11-12,-13.12,False,False,20,ABOVE 200DMA,above 200DMA,60,above 200DMA; 200DMA rising; 50DMA > 200DMA,False,41.5,62.07,16.14,48.11,1.61,ABOVE 200DMA,,,,,,,,,,,,,,,,,,41.5,False
1084,BAJAJCON,2026-09-30,495.55,453.85,508.91,9.19,True,False,True,True,46.06,0.36,692.0,232.1,-28.39,113.51,30,NORMAL,above 200DMA; 200DMA rising,,,,0,0,NOT A RECOVERY,False,,,,,False,False,20,ABOVE 200DMA,above 200DMA,60,above 200DMA; 200DMA rising; 50DMA > 200DMA,False,41.5,529.69,6.89,445.99,0.69,ABOVE 200DMA,,,,,,,,,,,,,,,,,,41.5,False
1085,EIFFL,2026-09-30,273.2,262.8,280.95,3.96,True,False,True,True,49.7,0.64,381.96,204.98,-28.47,33.28,30,NORMAL,above 200DMA; 200DMA rising,,,,0,0,NOT A RECOVERY,False,,381.96,2026-06-22,-28.47,False,False,20,ABOVE 200DMA,above 200DMA,60,above 200DMA; 200DMA rising; 50DMA > 200DMA,False,41.5,284.59,4.17,245.88,0.42,ABOVE 200DMA,,,,,,,,,,,,,,,,,,41.5,False
1086,ALPHAGEO,2026-09-30,256.5,229.27,284.23,11.88,True,False,True,True,30.65,0.89,368.0,164.8,-30.3,55.64,30,NORMAL,above 200DMA; 200DMA rising,,,,0,0,NOT A RECOVERY,False,,287.0,2025-10-23,-10.63,False,False,20,ABOVE 200DMA,above 200DMA,60,above 200DMA; 200DMA rising; 50DMA > 200DMA,False,41.5,284.19,10.79,230.85,1.08,ABOVE 200DMA,,,,,,,,,,,,,,,,,,41.5,False
1087,DIGJAMLMTD,2026-09-30,50.46,47.77,51.83,5.63,True,False,True,True,41.87,0.02,73.19,36.03,-31.06,40.05,30,NORMAL,above 200DMA; 200DMA rising,,,,0,0,NOT A RECOVERY,False,,57.36,2026-01-05,-12.03,False,False,20,ABOVE 200DMA,above 200DMA,60,above 200DMA; 200DMA rising; 50DMA > 200DMA,False,41.5,57.96,14.86,45.41,1.49,ABOVE 200DMA,,,,,,,,,,,,,,,,,,41.5,False
1088,THANGAMAYL,2026-09-30,5062.0,4516.81,5409.1,12.07,True,False,True,True,45.97,0.45,7430.0,1939.5,-31.87,161.0,30,NORMAL,above 200DMA; 200DMA rising,,,,0,0,NOT A RECOVERY,False,,,,,False,False,20,ABOVE 200DMA,above 200DMA,60,above 200DMA; 200DMA rising; 50DMA > 200DMA,False,41.5,5439.57,7.46,4555.8,0.75,ABOVE 200DMA,,,,,,,,,,,,,,,,,,41.5,False
1089,CTE,2026-09-30,40.39,34.34,40.6,17.62,True,False,True,True,44.79,1.2,59.93,20.51,-32.6,96.93,30,NORMAL,above 200DMA; 200DMA rising,,,,0,0,NOT A RECOVERY,False,,72.03,2025-02-27,-43.93,False,False,20,ABOVE 200DMA,above 200DMA,60,above 200DMA; 200DMA rising; 50DMA > 200DMA,False,41.5,45.36,12.3,36.35,1.23,ABOVE 200DMA,,,,,,,,,,,,,,,,,,41.5,False
1090,UEL,2026-09-30,184.92,159.11,197.22,16.22,True,False,True,True,43.61,0.5,284.2,92.32,-34.93,100.31,30,NORMAL,above 200DMA; 200DMA rising,,,,0,0,NOT A RECOVERY,False,,220.0,2026-02-12,-15.95,False,False,20,ABOVE 200DMA,above 200DMA,60,above 200DMA; 200DMA rising; 50DMA > 200DMA,False,41.5,208.11,12.54,166.43,1.25,ABOVE 200DMA,,,,,,,,,,,,,,,,,,41.5,False
1091,CYBERMEDIA,2026-09-30,18.56,16.63,18.68,11.59,True,False,True,True,40.5,0.06,28.99,11.3,-35.98,64.25,30,NORMAL,above 200DMA; 200DMA rising,,,,0,0,NOT A RECOVERY,False,,21.43,2026-05-08,-13.39,False,False,20,ABOVE 200DMA,above 200DMA,60,above 200DMA; 200DMA rising; 50DMA > 200DMA,False,41.5,21.21,14.29,16.7,1.43,ABOVE 200DMA,,,,,,,,,,,,,,,,,,41.5,False
1092,IZMO,2026-09-30,874.8,832.23,934.21,5.11,True,False,True,True,41.64,0.77,1374.7,569.35,-36.36,53.65,30,NORMAL,above 200DMA; 200DMA rising,,,,0,0,NOT A RECOVERY,False,,1175.4,2026-07-17,-25.57,False,False,20,ABOVE 200DMA,above 200DMA,60,above 200DMA; 200DMA rising; 50DMA > 200DMA,False,41.5,948.06,8.37,787.32,0.84,ABOVE 200DMA,,,,,,,,,,,,,,,,,,41.5,False
1093,SHANKARA,2026-09-30,126.48,122.16,143.05,3.53,True,False,True,True,18.61,0.38,218.65,98.25,-42.15,28.73,30,NORMAL,above 200DMA; 200DMA rising,,,,0,0,NOT A RECOVERY,False,,1209.8,2025-07-31,-89.55,False,False,20,ABOVE 200DMA,above 200DMA,60,above 200DMA; 200DMA rising; 50DMA > 200DMA,False,41.5,135.87,7.42,113.83,0.74,ABOVE 200DMA,,,,,,,,,,,,,,,,,,41.5,False
1094,CAPTRUST,2026-09-30,18.28,14.62,18.91,25.01,True,False,True,True,46.12,1.05,45.4,10.98,-59.74,66.48,30,NORMAL,above 200DMA; 200DMA rising,,,,0,0,NOT A RECOVERY,False,,29.5,2025-11-03,-38.03,False,False,20,ABOVE 200DMA,above 200DMA,60,above 200DMA; 200DMA rising; 50DMA > 200DMA,False,41.5,20.15,10.21,16.45,1.02,ABOVE 200DMA,,,,,,,,,,,,,,,,,,41.5,False
582,JSWDULUX,2026-09-30,3079.0,3041.83,3096.62,1.22,True,False,False,True,45.01,0.4,3745.0,2667.0,-17.78,15.45,20,NORMAL,above 200DMA,2026-09-29,3005.2,2.46,35,35,NEAR 200DMA,True,at/above 200DMA; above breakdown low,3376.2,2026-07-01,-8.8,False,False,20,ABOVE 200DMA,above 200DMA,40,above 200DMA; 50DMA > 200DMA,False,29.0,3261.77,5.94,2771.1,0.59,200DMA RECOVERY,7.0073776,5.610994,431.06,162.0,137559064576.0,,,9.8129995,53.735,3.226,,,,-3.0,48.9,48.9,60.0,41.4,False
584,SAKHTISUG,2026-09-30,18.01,17.68,18.74,1.84,True,False,False,True,42.02,0.46,23.29,13.52,-22.67,33.21,20,NORMAL,above 200DMA,2026-05-06,16.11,11.79,70,70,RECOVERY WATCH,True,at/above 200DMA; moving toward 200DMA; recovery >=10%,24.75,2025-09-02,-27.23,False,False,20,ABOVE 200DMA,above 200DMA,40,above 200DMA; 50DMA > 200DMA,False,29.0,19.91,10.56,16.21,1.06,200DMA RECOVERY,7.6103897,0.91529125,2.31,,2092324096.0,,,4.5840003,2.815,315.597,,,,24.6,,,60.0,41.4,False
573,RAINBOW,2026-09-30,1314.3,1332.07,1462.78,-1.33,False,False,True,True,24.45,2.73,1610.0,1084.0,-18.37,21.25,20,NORMAL,200DMA rising; volume confirmation,2026-09-30,1305.1,0.7,55,55,RECOVERY WATCH,True,within 3% of 200DMA; moving toward 200DMA; above breakdown low; volume >=1.2x,1610.0,2026-08-05,-18.37,False,False,10,NORMAL,volume >=1.2x,50,200DMA rising; 50DMA > 200DMA; volume >=1.2x,False,31.5,1402.21,6.69,1182.87,0.67,200DMA RECOVERY,45.495914,7.8823867,28.13,27.0,129835900928.0,,,19.67,15.68,53.558,,,,33.2,13.3,13.3,56.0,41.3,False
1095,HCG,2026-09-30,666.05,633.14,698.65,5.2,True,False,False,True,39.9,1.54,804.65,513.3,-17.22,29.76,30,NORMAL,above 200DMA; volume confirmation,,,,0,0,NOT A RECOVERY,False,,804.65,2025-10-24,-17.22,False,False,30,ABOVE 200DMA,above 200DMA; volume >=1.2x,55,above 200DMA; 50DMA > 200DMA; volume >=1.2x,False,41.25,711.24,6.78,599.44,0.68,ABOVE 200DMA,,,,,,,,,,,,,,,,,,41.25,False
1096,COHANCE,2026-09-30,444.0,415.55,445.29,6.85,True,False,False,True,47.39,1.21,917.85,266.7,-51.63,66.48,30,NORMAL,above 200DMA; volume confirmation,,,,0,0,NOT A RECOVERY,False,,587.0,2025-11-24,-24.36,False,False,30,ABOVE 200DMA,above 200DMA; volume >=1.2x,55,above 200DMA; 50DMA > 200DMA; volume >=1.2x,False,41.25,478.72,7.82,399.6,0.78,ABOVE 200DMA,,,,,,,,,,,,,,,,,,41.25,False
621,HOMEFIRST,2026-09-30,1104.8,1132.84,1184.11,-2.47,False,False,True,True,35.54,0.94,1317.7,893.7,-16.16,23.62,10,NORMAL,200DMA rising,2026-09-25,1057.2,4.5,45,45,NEAR 200DMA,True,within 3% of 200DMA; moving toward 200DMA; above breakdown low,1317.7,2026-01-27,-16.16,False,False,0,NORMAL,,35,200DMA rising; 50DMA > 200DMA,False,19.25,1200.43,8.66,994.32,0.87,200DMA RECOVERY,20.33785,2.6957643,55.35,47.0,117706727424.0,,,66.038,51.428,243.944,,,,29.7,32.300000000000004,32.300000000000004,74.0,41.15,False
459,RITCO,2026-09-30,280.25,256.0,300.63,9.47,True,False,True,True,38.73,0.54,331.15,167.1,-15.37,67.71,30,NORMAL,above 200DMA; 200DMA rising,,,,0,0,NOT A RECOVERY,False,,291.55,2025-12-10,-3.88,False,True,55,NEAR PRIOR HIGH,within 5% of prior high; above 200DMA,60,above 200DMA; 200DMA rising; 50DMA > 200DMA,False,48.5,306.33,9.31,252.22,0.93,NEAR PRIOR HIGH,24.335974,2.167748,11.37,,7877789696.0,,,3.222,2.104,132.237,,,,3.0,-38.7,-38.7,30.0,41.1,False
652,GENUSPOWER,2026-09-30,288.65,296.25,317.73,-2.56,False,False,False,True,29.54,1.36,363.0,206.36,-20.48,39.88,10,NORMAL,volume confirmation,2026-09-28,286.1,0.89,35,35,NEAR 200DMA,True,within 3% of 200DMA; above breakdown low; volume >=1.2x,358.95,2026-06-24,-19.58,False,False,10,NORMAL,volume >=1.2x,30,50DMA > 200DMA; volume >=1.2x,False,19.0,309.41,7.19,259.78,0.72,200DMA RECOVERY,11.945393,3.4921863,23.44,17.0,77447651328.0,,,17.596,12.595998999999999,103.821,,,,44.800000000000004,43.4,43.4,74.0,41.0,False
511,ZOTA,2026-09-30,1294.7,1273.86,1186.0,1.64,True,True,False,False,61.21,0.37,1740.0,1022.0,-25.59,26.68,45,NORMAL,above 200DMA; above 50DMA; healthy RSI,2026-07-17,1022.0,26.68,95,95,STRONG RETEST,True,at/above 200DMA; moving toward 200DMA; recovery >=10%; above 50DMA; RSI >=50,1740.0,2025-11-21,-25.59,False,False,40,ABOVE 200DMA,above 200DMA; above 50DMA; RSI >=50,50,above 200DMA; above 50DMA; RSI >=50,False,46.25,1410.83,8.97,1165.23,0.9,200DMA RECOVERY,,6.3313394,-30.17,8.0,43907194880.0,,,-22.664,-16.951,38.847,,,,67.60000000000001,,,33.0,40.95,False
551,NIACL,2026-09-30,167.02,163.55,184.7,2.12,True,False,True,True,36.56,0.1,242.6,116.97,-31.15,42.79,30,NORMAL,above 200DMA; 200DMA rising,2026-05-14,145.5,14.79,70,70,RECOVERY WATCH,True,at/above 200DMA; moving toward 200DMA; recovery >=10%,211.9,2025-09-04,-21.18,False,False,20,ABOVE 200DMA,above 200DMA,60,above 200DMA; 200DMA rising; 50DMA > 200DMA,False,41.5,184.01,10.17,150.32,1.02,200DMA RECOVERY,34.23291,0.6850446,4.68,90.0,264026095616.0,,,-1.652,1.48599995,,,,,1.5,,,40.0,40.9,False
614,CARERATING,2026-09-30,1616.7,1636.02,1684.13,-1.18,False,False,True,True,41.2,0.9,1838.0,1392.7,-12.04,16.08,20,NORMAL,within 15% of 52W high; 200DMA rising,2026-09-30,1611.0,0.35,25,25,NEAR 200DMA,True,within 3% of 200DMA; above breakdown low,1838.0,2026-05-15,-12.04,False,False,0,NORMAL,,35,200DMA rising; 50DMA > 200DMA,False,22.75,1691.96,4.65,1455.03,0.47,200DMA RECOVERY,27.159803,5.164519,59.01,136.0,48220667904.0,,,27.556000000000004,36.193999999999996,2.776,,,,18.9,25.0,25.0,68.0,40.85,False
695,SURANASOL,2026-09-30,24.87,25.47,25.89,-2.36,False,False,False,True,42.09,0.62,34.51,18.31,-27.93,35.83,0,NORMAL,,2026-09-25,24.25,2.56,25,25,NEAR 200DMA,True,within 3% of 200DMA; above breakdown low,32.5,2026-04-29,-23.48,False,False,0,NORMAL,,15,50DMA > 200DMA,False,6.75,26.5,6.57,22.38,0.66,200DMA RECOVERY,18.576923,2.0802824,1.3,,1188339328.0,,,0.11800000000000001,18.052,,,,,722.0,3600.0,3600.0,92.0,40.85,False
453,PPLPHARMA,2026-09-30,206.52,174.37,208.05,18.44,True,False,True,True,46.94,0.55,231.93,132.3,-10.96,56.1,40,NORMAL,within 15% of 52W high; above 200DMA; 200DMA rising,,,,0,0,NOT A RECOVERY,False,,209.25,2025-11-06,-1.3,False,True,55,NEAR PRIOR HIGH,within 5% of prior high; above 200DMA,60,above 200DMA; 200DMA rising; 50DMA > 200DMA,False,52.0,218.96,6.02,185.87,0.6,NEAR PRIOR HIGH,,3.218815,-2.35,8.0,262313918464.0,,,-1.2489999999999999,-3.4070000000000005,69.977,,,,17.4,,,23.0,40.4,False
462,ZYDUSWELL,2026-09-30,512.8,487.96,533.08,5.09,True,False,True,True,41.96,0.44,611.85,367.55,-16.19,39.52,30,NORMAL,above 200DMA; 200DMA rising,,,,0,0,NOT A RECOVERY,False,,530.9,2025-09-19,-3.41,False,True,55,NEAR PRIOR HIGH,within 5% of prior high; above 200DMA,60,above 200DMA; 200DMA rising; 50DMA > 200DMA,False,48.5,547.04,6.68,461.52,0.67,NEAR PRIOR HIGH,83.31925,2.6936624,5.92,23.0,156932767744.0,,,12.873999999999999,4.1479997,54.974,,,,66.9,-7.000000000000001,-7.000000000000001,28.0,40.3,False
467,DALMIASUG,2026-09-30,408.8,351.69,422.05,16.24,True,False,True,True,46.52,0.55,520.0,261.4,-21.38,56.39,30,NORMAL,above 200DMA; 200DMA rising,,,,0,0,NOT A RECOVERY,False,,419.0,2026-04-23,-2.43,False,True,55,NEAR PRIOR HIGH,within 5% of prior high; above 200DMA,60,above 200DMA; 200DMA rising; 50DMA > 200DMA,False,48.5,445.69,9.02,367.92,0.9,NEAR PRIOR HIGH,15.804781,0.9902671,25.1,147.0,32108623872.0,,,1.048,5.82,55.74,,,,-10.0,-82.1,-82.1,28.0,40.3,False
361,RBA,2026-09-30,91.58,72.71,92.03,25.96,True,False,True,True,43.58,0.64,111.15,57.15,-17.61,60.24,30,NORMAL,above 200DMA; 200DMA rising,,,,0,0,NOT A RECOVERY,False,,81.9,2026-06-25,11.82,True,False,70,PRIOR HIGH BREAKOUT,above prior high; above 200DMA,60,above 200DMA; 200DMA rising; 50DMA > 200DMA,False,51.5,97.77,6.76,82.42,0.68,PRIOR HIGH BREAKOUT,,7.4545307,-2.92,,65680773120.0,,,-0.404,-5.886,285.657,,,,17.9,,,23.0,40.1,False
522,SUPERHOUSE,2026-09-30,160.05,155.4,165.55,2.99,True,False,True,True,39.28,0.37,189.0,128.55,-15.32,24.5,30,NORMAL,above 200DMA; 200DMA rising,2026-07-14,151.0,5.99,65,65,RECOVERY WATCH,True,at/above 200DMA; moving toward 200DMA; recovery >=5%,179.0,2026-02-03,-10.59,False,False,20,ABOVE 200DMA,above 200DMA,60,above 200DMA; 200DMA rising; 50DMA > 200DMA,False,41.5,175.8,9.84,144.05,0.98,200DMA RECOVERY,20.731903,0.35736567,7.46,50.0,1705126528.0,,,3.383,1.064,37.099,,,,0.1,,,38.0,40.1,False
521,JINDALSTEL,2026-09-30,1134.9,1138.3,1124.21,-0.3,False,True,True,False,49.73,2.13,1306.2,977.1,-13.11,16.15,45,NORMAL,within 15% of 52W high; above 50DMA; 200DMA rising; volume confirmation,2026-09-29,1124.6,0.92,80,80,STRONG RETEST,True,at/above 200DMA; moving toward 200DMA; above breakdown low; above 50DMA; volume >=1.2x,1306.2,2026-04-21,-13.11,False,False,20,NORMAL,above 50DMA; volume >=1.2x,50,above 50DMA; 200DMA rising; volume >=1.2x,False,42.25,1193.66,5.18,1021.41,0.52,200DMA RECOVERY,41.26359,2.1994956,26.67,18.0,1119745736704.0,,,11.1999996,4.818,43.613,,,,25.900000000000002,-43.7,-43.7,36.0,39.75,False
576,DENORA,2026-09-30,736.5,755.49,828.35,-2.51,False,False,True,True,29.55,2.54,960.35,560.25,-23.31,31.46,20,NORMAL,200DMA rising; volume confirmation,2026-09-28,717.6,2.63,55,55,RECOVERY WATCH,True,within 3% of 200DMA; moving toward 200DMA; above breakdown low; volume >=1.2x,960.35,2026-06-24,-23.31,False,False,10,NORMAL,volume >=1.2x,50,200DMA rising; 50DMA > 200DMA; volume >=1.2x,False,31.5,801.73,8.86,662.85,0.89,200DMA RECOVERY,31.542484,2.9733105,22.95,54.0,3842920192.0,,,15.76,10.6120005,,,,,-16.0,96.7,96.7,52.0,39.7,False
622,IMPAL,2026-09-30,1037.5,1058.13,1089.95,-1.95,False,False,True,True,38.41,0.58,1238.9,928.0,-16.26,11.8,10,NORMAL,200DMA rising,2026-09-28,1029.4,0.79,25,25,NEAR 200DMA,True,within 3% of 200DMA; above breakdown low,1238.9,2026-07-07,-16.26,False,False,0,NORMAL,,35,200DMA rising; 50DMA > 200DMA,False,19.25,1112.93,7.27,933.75,0.73,200DMA RECOVERY,12.871173,0.5456084,78.4,318.0,12593567744.0,,,7.585,11.185,,,,,19.1,6.3,6.3,70.0,39.55,False
641,KIRLPNU,2026-09-30,676.7,689.24,730.18,-1.82,False,False,True,True,33.8,0.58,1098.55,495.05,-38.4,36.69,10,NORMAL,200DMA rising,2026-09-28,669.6,1.06,45,45,NEAR 200DMA,True,within 3% of 200DMA; moving toward 200DMA; above breakdown low,1098.55,2026-06-22,-38.4,False,False,0,NORMAL,,35,200DMA rising; 50DMA > 200DMA,False,19.25,719.14,6.27,609.03,0.63,200DMA RECOVERY,33.70984,7.0942607,20.23,89.0,88626143232.0,,,12.1079996,14.542,0.265,,,,7.6,32.5,32.5,70.0,39.55,False
1097,FAIRCHEMOR,2026-09-30,680.75,638.59,697.23,6.6,True,False,False,True,58.02,0.6,846.8,428.05,-19.61,59.04,30,NORMAL,above 200DMA; healthy RSI,,,,0,0,NOT A RECOVERY,False,,846.8,2026-07-28,-19.61,False,False,30,ABOVE 200DMA,above 200DMA; RSI >=50,50,above 200DMA; 50DMA > 200DMA; RSI >=50,False,39.0,729.05,7.1,612.68,0.71,ABOVE 200DMA,,,,,,,,,,,,,,,,,,39.0,False
1098,DATAMATICS,2026-09-30,805.55,773.33,807.2,4.17,True,False,False,True,54.57,0.88,1010.0,632.0,-20.24,27.46,30,NORMAL,above 200DMA; healthy RSI,,,,0,0,NOT A RECOVERY,False,,918.0,2026-07-13,-12.25,False,False,30,ABOVE 200DMA,above 200DMA; RSI >=50,50,above 200DMA; 50DMA > 200DMA; RSI >=50,False,39.0,875.2,8.65,724.99,0.86,ABOVE 200DMA,,,,,,,,,,,,,,,,,,39.0,False
1099,VINEETLAB,2026-09-30,37.16,34.78,37.43,6.84,True,False,False,True,54.51,1.11,49.99,27.96,-25.67,32.9,30,NORMAL,above 200DMA; healthy RSI,,,,0,0,NOT A RECOVERY,False,,43.5,2026-04-27,-14.57,False,False,30,ABOVE 200DMA,above 200DMA; RSI >=50,50,above 200DMA; 50DMA > 200DMA; RSI >=50,False,39.0,41.16,10.76,33.44,1.08,ABOVE 200DMA,,,,,,,,,,,,,,,,,,39.0,False
649,PERSISTENT,2026-09-30,5279.0,5357.41,5492.38,-1.46,False,False,False,True,43.12,1.53,6599.0,4244.5,-20.0,24.37,10,NORMAL,volume confirmation,2026-09-22,5162.0,2.27,35,35,NEAR 200DMA,True,within 3% of 200DMA; above breakdown low; volume >=1.2x,6598.0,2026-01-08,-19.99,False,False,10,NORMAL,volume >=1.2x,30,50DMA > 200DMA; volume >=1.2x,False,19.0,5558.57,5.3,4751.1,0.53,200DMA RECOVERY,44.013447,9.973223,121.94,68.0,838491963392.0,25.202999999999996,,15.962000000000002,12.235999999999999,6.94,2.711,2.074,,29.099999999999998,12.1,12.1,69.0,39.0,False
617,RITES,2026-09-30,209.05,215.45,214.64,-2.97,False,False,False,False,51.4,17.81,259.7,175.0,-19.5,19.46,20,NORMAL,healthy RSI; volume confirmation,2026-08-25,191.25,9.31,75,75,STRONG RETEST,True,within 3% of 200DMA; moving toward 200DMA; recovery >=5%; volume >=1.2x; RSI >=50,257.38,2025-12-26,-18.78,False,False,20,NORMAL,RSI >=50; volume >=1.2x,25,RSI >=50; volume >=1.2x,False,22.25,221.08,5.76,188.15,0.58,200DMA RECOVERY,24.133638,3.7608616,8.68,526.0,100676878336.0,,,18.431,16.983,0.236,,,,8.7,8.4,8.4,64.0,38.95,False
500,NIBL,2026-09-30,31.85,31.33,32.63,1.65,True,False,True,True,50.07,0.14,40.8,25.3,-21.94,25.89,40,NORMAL,above 200DMA; 200DMA rising; healthy RSI,2026-09-15,29.5,7.97,75,75,STRONG RETEST,True,at/above 200DMA; moving toward 200DMA; recovery >=5%; RSI >=50,40.8,2025-12-31,-21.94,False,False,30,ABOVE 200DMA,above 200DMA; RSI >=50,70,above 200DMA; 200DMA rising; 50DMA > 200DMA; RSI >=50,False,51.5,36.28,13.92,28.67,1.39,200DMA RECOVERY,,-0.63658535,-12.43,,758903936.0,,,-21.967,-40.758,,,,,1.9,,,20.0,38.9,False
536,RICOAUTO,2026-09-30,126.92,125.78,133.77,0.9,True,False,True,True,44.42,0.72,157.99,78.92,-19.67,60.82,30,NORMAL,above 200DMA; 200DMA rising,2026-03-30,99.26,27.87,70,70,RECOVERY WATCH,True,at/above 200DMA; moving toward 200DMA; recovery >=10%,142.4,2026-01-02,-10.87,False,False,20,ABOVE 200DMA,above 200DMA,60,above 200DMA; 200DMA rising; 50DMA > 200DMA,False,41.5,136.16,7.28,114.23,0.73,200DMA RECOVERY,55.036198,2.1112287,2.21,43.0,16454713344.0,,,1.0170000000000001,1.13699995,92.781,,,,38.9,,,35.0,38.9,False
572,TMCV,2026-09-30,421.65,430.77,448.32,-2.12,False,False,True,True,37.6,1.82,509.0,306.3,-17.16,37.66,20,NORMAL,200DMA rising; volume confirmation,2026-09-29,418.7,0.7,35,35,NEAR 200DMA,True,within 3% of 200DMA; above breakdown low; volume >=1.2x,509.0,2026-02-27,-17.16,False,False,10,NORMAL,volume >=1.2x,50,200DMA rising; 50DMA > 200DMA; volume >=1.2x,False,31.5,448.3,6.32,379.48,0.63,200DMA RECOVERY,36.511425,12.015268,11.38,95.0,1530199015424.0,,,6.851999999999999,4.809,44.095,,,,19.3,83.39999999999999,83.39999999999999,50.0,38.9,False
662,AIRAN,2026-09-30,16.18,16.24,15.62,-0.39,False,True,False,False,49.43,0.14,26.59,12.63,-39.15,28.11,15,NORMAL,above 50DMA,2026-09-30,16.06,0.75,70,70,RECOVERY WATCH,True,at/above 200DMA; moving toward 200DMA; above breakdown low; above 50DMA,21.68,2026-02-12,-25.37,False,False,10,NORMAL,above 50DMA,15,above 50DMA,False,14.0,18.41,13.77,14.56,1.38,200DMA RECOVERY,12.580646,1.4538678,1.24,,1950312064.0,,,8.385000400000001,13.877999999999998,0.621,,,,3.3000000000000003,108.0,108.0,76.0,38.8,False
627,GROWW,2026-09-30,183.91,184.25,193.55,-0.19,False,False,True,True,37.0,0.83,227.2,112.0,-19.05,64.21,10,NORMAL,200DMA rising,2026-09-28,179.35,2.54,55,55,RECOVERY WATCH,True,at/above 200DMA; moving toward 200DMA; above breakdown low,227.2,2026-04-29,-19.05,False,False,0,NORMAL,,35,200DMA rising; 50DMA > 200DMA,False,19.25,194.6,5.81,165.52,0.58,200DMA RECOVERY,45.713196,11.536638,3.94,,1115164901376.0,,,64.422995,45.354,3.028,,,,65.2,85.7,85.7,68.0,38.75,False
476,OBCL,2026-09-30,55.34,55.22,54.96,0.21,True,True,True,False,45.98,1.4,62.0,46.51,-10.74,18.99,65,NORMAL,within 15% of 52W high; above 200DMA; above 50DMA; 200DMA rising; volume confirmation,2026-09-29,54.51,1.52,80,80,STRONG RETEST,True,at/above 200DMA; moving toward 200DMA; above breakdown low; above 50DMA; volume >=1.2x,62.0,2026-06-15,-10.74,False,False,40,ABOVE 200DMA,above 200DMA; above 50DMA; volume >=1.2x,75,above 200DMA; above 50DMA; 200DMA rising; volume >=1.2x,False,64.5,61.18,10.55,49.81,1.05,200DMA RECOVERY,,1.3652108,-4.03,,1146692992.0,,,0.9119999999999999,-2.465,86.295,,,,-3.4000000000000004,-36.0,-36.0,0.0,38.7,False
559,LOTUSEYE,2026-09-30,115.89,116.44,114.75,-0.47,False,True,True,False,55.22,0.53,147.0,97.59,-21.16,18.75,35,NORMAL,above 50DMA; 200DMA rising; healthy RSI,2026-08-21,105.0,10.37,95,95,STRONG RETEST,True,at/above 200DMA; moving toward 200DMA; recovery >=10%; above 50DMA; RSI >=50,147.0,2026-01-30,-21.16,False,False,20,NORMAL,above 50DMA; RSI >=50,45,above 50DMA; 200DMA rising; RSI >=50,False,36.5,123.31,6.4,104.3,0.64,200DMA RECOVERY,1446.0,4.097188,0.08,,2405719552.0,,,7.675,0.261,26.329,,,,26.200000000000003,15.4,15.4,42.0,38.7,False
540,ZENTEC,2026-09-30,1605.2,1587.35,1754.0,1.12,True,False,True,True,32.97,0.69,2043.7,1223.0,-21.46,31.25,30,NORMAL,above 200DMA; 200DMA rising,2025-07-25,1223.0,31.25,70,70,RECOVERY WATCH,True,at/above 200DMA; moving toward 200DMA; recovery >=10%,2627.0,2024-12-24,-38.9,False,False,20,ABOVE 200DMA,above 200DMA,60,above 200DMA; 200DMA rising; 50DMA > 200DMA,False,41.5,1702.6,6.07,1444.68,0.61,200DMA RECOVERY,78.53014,7.88677,20.07,6.0,141758595072.0,,,21.792,26.845000000000002,0.95,,,,-10.5,-27.900000000000002,-27.900000000000002,34.0,38.5,False
501,SETCO,2026-09-30,18.31,18.34,17.56,-0.16,False,True,True,False,60.56,1.23,28.62,11.56,-36.02,58.39,45,NORMAL,above 50DMA; 200DMA rising; healthy RSI; volume confirmation,2026-09-30,18.21,0.55,90,90,STRONG RETEST,True,at/above 200DMA; moving toward 200DMA; above breakdown low; above 50DMA; volume >=1.2x; RSI >=50,28.62,2026-06-01,-36.02,False,False,30,NORMAL,above 50DMA; RSI >=50; volume >=1.2x,60,above 50DMA; 200DMA rising; RSI >=50; volume >=1.2x,False,48.75,19.94,8.89,16.48,0.89,200DMA RECOVERY,,-0.3424179,-0.01,14200.0,2431379456.0,,,5.371,-0.013999999999999999,,0.216,0.103,,14.499999999999998,,,23.0,38.45,False
546,TEJASNET,2026-09-30,486.2,473.12,526.65,2.76,True,False,True,True,34.44,0.29,644.75,294.0,-24.59,65.37,30,NORMAL,above 200DMA; 200DMA rising,2026-05-11,425.95,14.14,70,70,RECOVERY WATCH,True,at/above 200DMA; moving toward 200DMA; recovery >=10%,647.0,2025-08-21,-24.85,False,False,20,ABOVE 200DMA,above 200DMA,60,above 200DMA; 200DMA rising; 50DMA > 200DMA,False,41.5,519.39,6.83,437.58,0.68,200DMA RECOVERY,,2.8187633,-51.73,42.0,82692341760.0,,,-48.416,-70.371,142.52,,,,99.1,,,33.0,38.1,False
575,EXCELINDUS,2026-09-30,945.2,946.77,1003.48,-0.17,False,False,True,True,41.31,3.01,1210.0,800.05,-21.88,18.14,20,NORMAL,200DMA rising; volume confirmation,2026-09-25,917.1,3.06,65,65,RECOVERY WATCH,True,at/above 200DMA; moving toward 200DMA; above breakdown low; volume >=1.2x,1148.55,2026-08-19,-17.7,False,False,10,NORMAL,volume >=1.2x,50,200DMA rising; 50DMA > 200DMA; volume >=1.2x,False,31.5,1003.17,6.13,850.68,0.61,200DMA RECOVERY,16.226015,0.6803484,56.81,145.0,11587663872.0,,,11.156,6.616,0.463,,,,-5.1,-12.7,-12.7,48.0,38.1,False
596,SUDARCOLOR,2026-09-30,376.95,374.46,386.26,0.67,True,False,False,True,44.91,0.48,598.4,268.25,-37.01,40.52,20,NORMAL,above 200DMA,2026-09-15,370.0,1.88,35,35,NEAR 200DMA,True,at/above 200DMA; above breakdown low,488.5,2025-12-29,-22.84,False,False,20,ABOVE 200DMA,above 200DMA,40,above 200DMA; 50DMA > 200DMA,False,29.0,406.67,7.88,339.26,0.79,200DMA RECOVERY,17.791203,1.4903921,20.69,,8496410112.0,,,9.236,6.033,4.031,,,,5.5,19.2,19.2,50.0,37.4,False
599,IFGLEXPOR,2026-09-30,191.45,189.1,207.61,1.24,True,False,False,True,38.38,0.42,338.0,119.68,-43.36,59.97,20,NORMAL,above 200DMA,2025-11-18,119.68,59.97,70,70,RECOVERY WATCH,True,at/above 200DMA; moving toward 200DMA; recovery >=10%,338.0,2025-10-06,-43.36,False,False,20,ABOVE 200DMA,above 200DMA,40,above 200DMA; 50DMA > 200DMA,False,29.0,206.11,7.66,172.3,0.77,200DMA RECOVERY,33.316345,1.1629777,5.69,112.00000000000001,13663945728.0,,,4.559,2.0969998,17.764,,,,12.9,57.99999999999999,57.99999999999999,50.0,37.4,False
512,ELECON,2026-09-30,461.8,456.15,432.18,1.24,True,True,False,False,58.63,0.31,626.0,352.0,-26.23,31.19,45,NORMAL,above 200DMA; above 50DMA; healthy RSI,2026-07-15,402.4,14.76,95,95,STRONG RETEST,True,at/above 200DMA; moving toward 200DMA; recovery >=10%; above 50DMA; RSI >=50,579.0,2026-05-06,-20.24,False,False,40,ABOVE 200DMA,above 200DMA; above 50DMA; RSI >=50,50,above 200DMA; above 50DMA; RSI >=50,False,46.25,498.53,7.95,415.62,0.8,200DMA RECOVERY,41.785378,4.2819886,10.53,43.0,98735972352.0,,,15.245000000000001,9.852,11.824,,,,6.1,-59.8,-59.8,24.0,37.35,False
372,SCHNEIDER,2026-09-30,1203.4,1080.73,1258.23,11.35,True,False,True,True,46.69,1.18,1548.0,571.85,-22.26,110.44,30,NORMAL,above 200DMA; 200DMA rising,,,,0,0,NOT A RECOVERY,False,,1052.0,2025-08-05,14.39,True,False,70,PRIOR HIGH BREAKOUT,above prior high; above 200DMA,60,above 200DMA; 200DMA rising; 50DMA > 200DMA,False,51.5,1276.7,6.09,1083.06,0.61,PRIOR HIGH BREAKOUT,165.63637,39.328995,7.7,,304953294848.0,,,3.873,6.292000000000001,70.795,,,,4.8,-69.8,-69.8,16.0,37.3,False
687,AFFLE,2026-09-30,1511.0,1538.62,1610.97,-1.8,False,False,False,True,38.1,0.6,1994.3,1251.3,-24.23,20.75,0,NORMAL,,2026-09-29,1494.5,1.1,25,25,NEAR 200DMA,True,within 3% of 200DMA; above breakdown low,1790.0,2026-01-13,-15.59,False,False,0,NORMAL,,15,50DMA > 200DMA,False,6.75,1593.56,5.46,1359.9,0.55,200DMA RECOVERY,42.824226,5.574184,33.85,,204017352704.0,,,17.857,16.849001,0.405,,,,20.4,20.3,20.3,82.0,36.85,False
578,AVANTEL,2026-09-30,154.06,156.13,157.3,-1.32,False,False,True,True,50.66,0.91,215.0,117.05,-28.34,31.62,20,NORMAL,200DMA rising; healthy RSI,2026-09-15,138.8,10.99,70,70,RECOVERY WATCH,True,within 3% of 200DMA; moving toward 200DMA; recovery >=10%; RSI >=50,197.77,2026-07-13,-22.1,False,False,10,NORMAL,RSI >=50,45,200DMA rising; 50DMA > 200DMA; RSI >=50,False,29.25,167.09,8.46,138.65,0.85,200DMA RECOVERY,349.48837,11.806112,0.43,13.0,39940796416.0,,,14.673,7.1100004,10.164,,,,35.699999999999996,66.7,66.7,48.0,36.75,False
580,AGARWALEYE,2026-09-30,479.3,472.42,503.35,1.46,True,False,False,True,35.14,0.69,568.0,401.0,-15.62,19.53,20,NORMAL,above 200DMA,2026-07-07,463.0,3.52,55,55,RECOVERY WATCH,True,at/above 200DMA; moving toward 200DMA; above breakdown low,568.0,2025-10-16,-15.62,False,False,20,ABOVE 200DMA,above 200DMA,40,above 200DMA; 50DMA > 200DMA,False,29.0,511.07,6.63,431.37,0.66,200DMA RECOVERY,104.61291,7.608747,4.65,,154217381888.0,,,15.0,6.723999999999999,50.3,,,,26.0,49.5,49.5,48.0,36.6,False
588,IGARASHI,2026-09-30,403.4,402.2,435.84,0.3,True,False,False,True,37.56,0.06,558.0,271.05,-27.71,48.83,20,NORMAL,above 200DMA,2025-08-07,271.05,48.83,70,70,RECOVERY WATCH,True,at/above 200DMA; moving toward 200DMA; recovery >=10%,848.95,2024-12-03,-52.48,False,False,20,ABOVE 200DMA,above 200DMA,40,above 200DMA; 50DMA > 200DMA,False,29.0,437.89,8.55,363.06,0.85,200DMA RECOVERY,76.72116,2.69099,5.2,32.0,12556971008.0,,,3.5130000000000003,1.799,31.472,,,,22.5,168.79999999999998,168.79999999999998,48.0,36.6,False
589,BRIGADE,2026-09-30,575.25,569.7,612.03,0.97,True,False,False,True,37.48,0.87,802.01,450.75,-28.27,27.62,20,NORMAL,above 200DMA,2026-09-29,557.55,3.17,55,55,RECOVERY WATCH,True,at/above 200DMA; moving toward 200DMA; above breakdown low,735.0,2026-09-04,-21.73,False,False,20,ABOVE 200DMA,above 200DMA,40,above 200DMA; 50DMA > 200DMA,False,29.0,616.13,7.11,517.73,0.71,200DMA RECOVERY,28.779684,27.234255,19.79,35.0,185765773312.0,,,25.834000000000003,12.562999,84.316,,,,-12.9,33.800000000000004,33.800000000000004,48.0,36.6,False
593,TEMBO,2026-09-30,57.67,57.47,57.97,0.35,True,False,False,True,49.97,0.43,83.7,43.33,-31.1,33.08,20,NORMAL,above 200DMA,2026-08-18,54.25,6.3,65,65,RECOVERY WATCH,True,at/above 200DMA; moving toward 200DMA; recovery >=5%,79.24,2025-12-23,-27.22,False,False,20,ABOVE 200DMA,above 200DMA,40,above 200DMA; 50DMA > 200DMA,False,29.0,62.37,8.15,51.9,0.81,200DMA RECOVERY,10.31769,1.8737912,5.54,35.0,11063431168.0,,,15.826,8.944,78.443,,,,21.9,-9.1,-9.1,48.0,36.6,False
357,ASTRAMICRO,2026-09-30,1636.7,1301.58,1703.63,25.75,True,False,True,True,47.65,0.85,1960.0,851.0,-16.49,92.33,30,NORMAL,above 200DMA; 200DMA rising,,,,0,0,NOT A RECOVERY,False,,1174.9,2025-10-10,39.31,True,False,70,PRIOR HIGH BREAKOUT,above prior high; above 200DMA,60,above 200DMA; 200DMA rising; 50DMA > 200DMA,False,51.5,1739.1,6.26,1473.03,0.63,PRIOR HIGH BREAKOUT,82.045456,11.735088,19.8,15.0,154238173184.0,,,11.985999999999999,16.587,21.883,,,,-11.5,-24.6,-24.6,14.0,36.5,False
382,IFCI,2026-09-30,68.77,66.82,79.78,2.92,True,False,True,True,34.87,0.23,107.5,46.23,-36.03,48.76,30,NORMAL,above 200DMA; 200DMA rising,2026-03-16,46.4,48.21,70,70,RECOVERY WATCH,True,at/above 200DMA; moving toward 200DMA; recovery >=10%,68.13,2026-02-09,0.94,True,False,70,PRIOR HIGH BREAKOUT,above prior high; above 200DMA,60,above 200DMA; 200DMA rising; 50DMA > 200DMA,False,51.5,76.05,10.59,61.89,1.06,PRIOR HIGH BREAKOUT,98.69697,1.9255669,0.66,,175507619840.0,,,24.118000000000002,12.699,22.723,,,,-6.3,-20.0,-20.0,14.0,36.5,False
1100,VHLTD,2026-09-30,129.66,134.55,124.05,-3.63,False,True,True,False,57.87,0.06,155.36,112.98,-16.54,14.76,35,NORMAL,above 50DMA; 200DMA rising; healthy RSI,,,,0,0,NOT A RECOVERY,False,,155.36,2025-12-26,-16.54,False,False,20,NORMAL,above 50DMA; RSI >=50,45,above 50DMA; 200DMA rising; RSI >=50,False,36.5,141.06,8.79,116.69,0.88,NORMAL,,,,,,,,,,,,,,,,,,36.5,False
626,EVEREADY,2026-09-30,323.2,331.02,342.9,-2.36,False,False,True,True,41.34,0.28,397.8,259.65,-18.75,24.48,10,NORMAL,200DMA rising,2026-09-21,315.85,2.33,25,25,NEAR 200DMA,True,within 3% of 200DMA; above breakdown low,379.2,2026-06-24,-14.77,False,False,0,NORMAL,,35,200DMA rising; 50DMA > 200DMA,False,19.25,345.37,6.86,290.88,0.69,200DMA RECOVERY,12.87607,3.6854448,24.53,77.0,22958272512.0,,,13.215,11.9720004,32.395,,,,9.0,22.400000000000002,22.400000000000002,62.0,36.35,False
642,SKMEGGPROD,2026-09-30,211.15,215.99,251.18,-2.24,False,False,True,True,32.41,1.14,372.0,143.1,-43.24,47.55,10,NORMAL,200DMA rising,2026-09-30,210.1,0.5,45,45,NEAR 200DMA,True,within 3% of 200DMA; moving toward 200DMA; above breakdown low,372.0,2026-07-13,-43.24,False,False,0,NORMAL,,35,200DMA rising; 50DMA > 200DMA,False,19.25,228.55,8.24,190.03,0.82,200DMA RECOVERY,9.710975,2.7326818,21.14,59.0,,,,14.805001,14.335,35.857,,,,4.9,46.6,46.6,62.0,36.35,False
1101,VBL,2026-09-30,432.0,465.69,429.11,-7.23,False,True,False,False,55.61,1.6,555.8,381.0,-22.27,13.39,35,NORMAL,above 50DMA; healthy RSI; volume confirmation,,,,0,0,NOT A RECOVERY,False,,555.8,2026-06-17,-22.27,False,False,30,NORMAL,above 50DMA; RSI >=50; volume >=1.2x,40,above 50DMA; RSI >=50; volume >=1.2x,False,36.25,449.26,4.0,388.8,0.4,NORMAL,,,,,,,,,,,,,,,,,,36.25,False
1102,ICICIGI,2026-09-30,1590.0,1766.29,1574.99,-9.98,False,True,False,False,57.98,2.32,2064.9,1423.1,-23.0,11.73,35,NORMAL,above 50DMA; healthy RSI; volume confirmation,,,,0,0,NOT A RECOVERY,False,,2068.7,2025-07-01,-23.14,False,False,30,NORMAL,above 50DMA; RSI >=50; volume >=1.2x,40,above 50DMA; RSI >=50; volume >=1.2x,False,36.25,1677.61,5.51,1431.0,0.55,NORMAL,,,,,,,,,,,,,,,,,,36.25,False
1103,DOLLAR,2026-09-30,277.25,284.58,269.27,-2.57,False,True,False,False,56.77,2.33,396.0,220.5,-29.99,25.74,35,NORMAL,above 50DMA; healthy RSI; volume confirmation,,,,0,0,NOT A RECOVERY,False,,,,,False,False,30,NORMAL,above 50DMA; RSI >=50; volume >=1.2x,40,above 50DMA; RSI >=50; volume >=1.2x,False,36.25,296.54,6.96,249.53,0.7,NORMAL,,,,,,,,,,,,,,,,,,36.25,False
1104,GODIGIT,2026-09-30,260.05,304.53,257.52,-14.61,False,True,False,False,53.89,1.38,374.0,231.65,-30.47,12.26,35,NORMAL,above 50DMA; healthy RSI; volume confirmation,,,,0,0,NOT A RECOVERY,False,,381.4,2025-09-24,-31.82,False,False,30,NORMAL,above 50DMA; RSI >=50; volume >=1.2x,40,above 50DMA; RSI >=50; volume >=1.2x,False,36.25,279.21,7.37,234.04,0.74,NORMAL,,,,,,,,,,,,,,,,,,36.25,False
1105,AMRUTANJAN,2026-09-30,514.75,558.94,507.97,-7.91,False,True,False,False,58.65,1.5,760.15,476.5,-32.28,8.03,35,NORMAL,above 50DMA; healthy RSI; volume confirmation,,,,0,0,NOT A RECOVERY,False,,790.95,2025-09-08,-34.92,False,False,30,NORMAL,above 50DMA; RSI >=50; volume >=1.2x,40,above 50DMA; RSI >=50; volume >=1.2x,False,36.25,538.41,4.6,463.28,0.46,NORMAL,,,,,,,,,,,,,,,,,,36.25,False
1106,INFOMEDIA,2026-09-30,5.38,5.61,5.33,-4.07,False,True,False,False,51.74,1.36,8.05,4.5,-33.17,19.56,35,NORMAL,above 50DMA; healthy RSI; volume confirmation,,,,0,0,NOT A RECOVERY,False,,9.89,2025-06-11,-45.6,False,False,30,NORMAL,above 50DMA; RSI >=50; volume >=1.2x,40,above 50DMA; RSI >=50; volume >=1.2x,False,36.25,6.31,17.26,4.84,1.73,NORMAL,,,,,,,,,,,,,,,,,,36.25,False
1107,KPIGREEN,2026-09-30,358.95,394.32,331.83,-8.97,False,True,False,False,63.54,1.4,542.25,271.9,-33.8,32.02,35,NORMAL,above 50DMA; healthy RSI; volume confirmation,,,,0,0,NOT A RECOVERY,False,,542.25,2025-11-03,-33.8,False,False,30,NORMAL,above 50DMA; RSI >=50; volume >=1.2x,40,above 50DMA; RSI >=50; volume >=1.2x,False,36.25,394.76,9.98,323.06,1.0,NORMAL,,,,,,,,,,,,,,,,,,36.25,False
1108,ARSSBL,2026-09-30,515.1,543.05,507.15,-5.15,False,True,False,False,56.3,2.43,794.85,416.0,-35.2,23.82,35,NORMAL,above 50DMA; healthy RSI; volume confirmation,,,,0,0,NOT A RECOVERY,False,,,,,False,False,30,NORMAL,above 50DMA; RSI >=50; volume >=1.2x,40,above 50DMA; RSI >=50; volume >=1.2x,False,36.25,549.19,6.62,463.59,0.66,NORMAL,,,,,,,,,,,,,,,,,,36.25,False
1109,DGCONTENT,2026-09-30,25.43,27.1,24.52,-6.17,False,True,False,False,57.33,2.92,39.57,21.61,-35.73,17.68,35,NORMAL,above 50DMA; healthy RSI; volume confirmation,,,,0,0,NOT A RECOVERY,False,,,,,False,False,30,NORMAL,above 50DMA; RSI >=50; volume >=1.2x,40,above 50DMA; RSI >=50; volume >=1.2x,False,36.25,28.18,10.8,22.89,1.08,NORMAL,,,,,,,,,,,,,,,,,,36.25,False
1110,JAIPURKURT,2026-09-30,26.69,30.27,26.36,-11.82,False,True,False,False,59.83,3.25,42.74,23.91,-37.55,11.63,35,NORMAL,above 50DMA; healthy RSI; volume confirmation,,,,0,0,NOT A RECOVERY,False,,50.59,2025-06-23,-47.24,False,False,30,NORMAL,above 50DMA; RSI >=50; volume >=1.2x,40,above 50DMA; RSI >=50; volume >=1.2x,False,36.25,29.42,10.22,24.02,1.02,NORMAL,,,,,,,,,,,,,,,,,,36.25,False
1111,TRANSRAILL,2026-09-30,476.4,508.75,456.71,-6.36,False,True,False,False,60.17,2.75,766.8,400.65,-37.87,18.91,35,NORMAL,above 50DMA; healthy RSI; volume confirmation,,,,0,0,NOT A RECOVERY,False,,855.8,2025-08-13,-44.33,False,False,30,NORMAL,above 50DMA; RSI >=50; volume >=1.2x,40,above 50DMA; RSI >=50; volume >=1.2x,False,36.25,520.07,9.17,428.76,0.92,NORMAL,,,,,,,,,,,,,,,,,,36.25,False
1112,DRCSYSTEMS,2026-09-30,13.15,14.73,13.02,-10.73,False,True,False,False,54.78,2.07,21.5,11.5,-38.84,14.35,35,NORMAL,above 50DMA; healthy RSI; volume confirmation,,,,0,0,NOT A RECOVERY,False,,33.5,2025-02-06,-60.75,False,False,30,NORMAL,above 50DMA; RSI >=50; volume >=1.2x,40,above 50DMA; RSI >=50; volume >=1.2x,False,36.25,14.47,10.02,11.83,1.0,NORMAL,,,,,,,,,,,,,,,,,,36.25,False
1113,BOHRAIND,2026-09-30,15.51,16.55,13.92,-6.29,False,True,False,False,62.11,1.48,25.39,11.6,-38.91,33.71,35,NORMAL,above 50DMA; healthy RSI; volume confirmation,,,,0,0,NOT A RECOVERY,False,,39.29,2025-03-25,-60.52,False,False,30,NORMAL,above 50DMA; RSI >=50; volume >=1.2x,40,above 50DMA; RSI >=50; volume >=1.2x,False,36.25,18.03,16.23,13.96,1.62,NORMAL,,,,,,,,,,,,,,,,,,36.25,False
1114,ARTNIRMAN,2026-09-30,40.24,41.55,40.23,-3.15,False,True,False,False,51.61,5.27,66.97,29.39,-39.91,36.92,35,NORMAL,above 50DMA; healthy RSI; volume confirmation,,,,0,0,NOT A RECOVERY,False,,54.84,2026-04-13,-26.62,False,False,30,NORMAL,above 50DMA; RSI >=50; volume >=1.2x,40,above 50DMA; RSI >=50; volume >=1.2x,False,36.25,44.34,10.19,36.22,1.02,NORMAL,,,,,,,,,,,,,,,,,,36.25,False
1115,MICEL,2026-09-30,36.72,39.48,36.51,-6.98,False,True,False,False,54.91,1.79,61.59,29.97,-40.38,22.52,35,NORMAL,above 50DMA; healthy RSI; volume confirmation,,,,0,0,NOT A RECOVERY,False,,57.6,2026-05-08,-36.25,False,False,30,NORMAL,above 50DMA; RSI >=50; volume >=1.2x,40,above 50DMA; RSI >=50; volume >=1.2x,False,36.25,37.9,3.21,33.05,0.32,NORMAL,,,,,,,,,,,,,,,,,,36.25,False
1116,XELPMOC,2026-09-30,80.24,101.64,79.63,-21.06,False,True,False,False,51.64,1.3,155.5,71.1,-48.4,12.86,35,NORMAL,above 50DMA; healthy RSI; volume confirmation,,,,0,0,NOT A RECOVERY,False,,155.5,2025-11-19,-48.4,False,False,30,NORMAL,above 50DMA; RSI >=50; volume >=1.2x,40,above 50DMA; RSI >=50; volume >=1.2x,False,36.25,90.77,13.12,72.22,1.31,NORMAL,,,,,,,,,,,,,,,,,,36.25,False
1117,LGHL,2026-09-30,200.04,240.47,187.37,-16.81,False,True,False,False,64.37,3.78,395.31,168.0,-49.4,19.07,35,NORMAL,above 50DMA; healthy RSI; volume confirmation,,,,0,0,NOT A RECOVERY,False,,399.58,2025-09-24,-49.94,False,False,30,NORMAL,above 50DMA; RSI >=50; volume >=1.2x,40,above 50DMA; RSI >=50; volume >=1.2x,False,36.25,227.14,13.55,180.04,1.35,NORMAL,,,,,,,,,,,,,,,,,,36.25,False
1118,DECCANCE,2026-09-30,566.5,626.87,561.33,-9.63,False,True,False,False,52.97,2.85,1133.1,525.0,-50.0,7.9,35,NORMAL,above 50DMA; healthy RSI; volume confirmation,,,,0,0,NOT A RECOVERY,False,,1164.9,2025-09-11,-51.37,False,False,30,NORMAL,above 50DMA; RSI >=50; volume >=1.2x,40,above 50DMA; RSI >=50; volume >=1.2x,False,36.25,610.36,7.74,509.85,0.77,NORMAL,,,,,,,,,,,,,,,,,,36.25,False
1119,VISACHROME,2026-09-30,36.77,40.29,36.58,-8.73,False,True,False,False,54.7,7.68,73.68,27.05,-50.1,35.93,35,NORMAL,above 50DMA; healthy RSI; volume confirmation,,,,0,0,NOT A RECOVERY,False,,73.68,2025-10-17,-50.1,False,False,30,NORMAL,above 50DMA; RSI >=50; volume >=1.2x,40,above 50DMA; RSI >=50; volume >=1.2x,False,36.25,41.28,12.28,33.09,1.23,NORMAL,,,,,,,,,,,,,,,,,,36.25,False
1120,ESSARSHPNG,2026-09-30,18.89,23.22,17.66,-18.64,False,True,False,False,65.96,12.95,43.26,15.43,-56.33,22.42,35,NORMAL,above 50DMA; healthy RSI; volume confirmation,,,,0,0,NOT A RECOVERY,False,,43.26,2025-10-30,-56.33,False,False,30,NORMAL,above 50DMA; RSI >=50; volume >=1.2x,40,above 50DMA; RSI >=50; volume >=1.2x,False,36.25,20.91,10.71,17.0,1.07,NORMAL,,,,,,,,,,,,,,,,,,36.25,False
1121,RAMASTEEL,2026-09-30,4.56,5.82,4.29,-21.62,False,True,False,False,59.52,1.35,11.29,3.43,-59.61,32.94,35,NORMAL,above 50DMA; healthy RSI; volume confirmation,,,,0,0,NOT A RECOVERY,False,,14.9,2025-06-06,-69.4,False,False,30,NORMAL,above 50DMA; RSI >=50; volume >=1.2x,40,above 50DMA; RSI >=50; volume >=1.2x,False,36.25,4.91,7.68,4.1,0.77,NORMAL,,,,,,,,,,,,,,,,,,36.25,False
1122,RKEC,2026-09-30,23.09,34.6,23.0,-33.27,False,True,False,False,57.66,2.14,76.93,17.4,-69.99,32.7,35,NORMAL,above 50DMA; healthy RSI; volume confirmation,,,,0,0,NOT A RECOVERY,False,,102.6,2025-01-06,-77.5,False,False,30,NORMAL,above 50DMA; RSI >=50; volume >=1.2x,40,above 50DMA; RSI >=50; volume >=1.2x,False,36.25,27.61,19.56,20.78,1.96,NORMAL,,,,,,,,,,,,,,,,,,36.25,False
1123,MEP,2026-09-30,0.67,1.0,0.63,-33.05,False,True,False,False,53.33,1.36,2.87,0.5,-76.66,34.0,35,NORMAL,above 50DMA; healthy RSI; volume confirmation,,,,0,0,NOT A RECOVERY,False,,2.87,2025-11-10,-76.66,False,False,30,NORMAL,above 50DMA; RSI >=50; volume >=1.2x,40,above 50DMA; RSI >=50; volume >=1.2x,False,36.25,0.7,4.69,0.6,0.47,NORMAL,,,,,,,,,,,,,,,,,,36.25,False
648,TIMETECHNO,2026-09-30,182.36,183.89,191.7,-0.83,False,False,False,True,47.0,1.65,227.5,154.0,-19.84,18.42,10,NORMAL,volume confirmation,2026-09-11,172.05,5.99,75,75,STRONG RETEST,True,at/above 200DMA; moving toward 200DMA; recovery >=5%; volume >=1.2x,217.19,2026-07-29,-16.04,False,False,10,NORMAL,volume >=1.2x,30,50DMA > 200DMA; volume >=1.2x,False,19.0,191.69,5.11,164.12,0.51,200DMA RECOVERY,15.9149685,2.1701531,11.29,82.0,88696406016.0,,,10.299,7.5890005,17.605,,,,25.1,12.2,12.2,62.0,36.2,False
685,STEELCITY,2026-09-30,81.35,82.67,82.87,-1.6,False,False,False,True,42.41,0.22,105.3,71.26,-22.74,14.16,0,NORMAL,,2026-09-25,80.01,1.67,45,45,NEAR 200DMA,True,within 3% of 200DMA; moving toward 200DMA; above breakdown low,93.0,2026-09-10,-12.53,False,False,0,NORMAL,,15,50DMA > 200DMA,False,6.75,87.4,7.43,73.21,0.74,200DMA RECOVERY,7.114565,0.87700474,11.26,492.0,1210229376.0,,,43.707,24.128,7.159,,,,27.3,66.7,66.7,80.0,36.05,False
698,GARUDA,2026-09-30,174.67,176.52,178.6,-1.05,False,False,False,True,44.54,0.19,249.3,130.0,-29.94,34.36,0,NORMAL,,2026-09-29,173.8,0.5,45,45,NEAR 200DMA,True,within 3% of 200DMA; moving toward 200DMA; above breakdown low,211.3,2026-02-12,-17.34,False,False,0,NORMAL,,15,50DMA > 200DMA,False,6.75,186.41,6.72,157.2,0.67,200DMA RECOVERY,11.768968,3.5147383,14.63,,16019927040.0,,,31.952,23.416999999999998,2.649,,,,40.1,48.5,48.5,80.0,36.05,False
506,LAKPRE,2026-09-30,5.25,5.14,4.96,2.06,True,True,False,False,54.01,0.03,6.67,4.1,-21.29,28.05,45,NORMAL,above 200DMA; above 50DMA; healthy RSI,2026-09-17,4.44,18.24,75,75,STRONG RETEST,True,at/above 200DMA; recovery >=10%; above 50DMA; RSI >=50,6.67,2026-05-14,-21.29,False,False,40,ABOVE 200DMA,above 200DMA; above 50DMA; RSI >=50,50,above 200DMA; above 50DMA; RSI >=50,False,46.25,5.96,13.5,4.73,1.35,200DMA RECOVERY,,0.22250478,-49.83,,119363640.0,-86.24300000000001,,8.817001,-15.453,,0.843,0.179,,20.9,-9.9,-9.9,20.0,35.75,False
618,LATTEYS,2026-09-30,20.91,21.55,20.96,-2.97,False,False,False,False,50.02,1.45,37.0,15.79,-43.49,32.43,20,NORMAL,healthy RSI; volume confirmation,2026-09-15,19.7,6.14,75,75,STRONG RETEST,True,within 3% of 200DMA; moving toward 200DMA; recovery >=5%; volume >=1.2x; RSI >=50,29.86,2026-05-12,-29.97,False,False,20,NORMAL,RSI >=50; volume >=1.2x,25,RSI >=50; volume >=1.2x,False,22.25,22.87,9.38,18.82,0.94,200DMA RECOVERY,33.725807,5.07032,0.62,,1202237696.0,,,5.4670000000000005,3.159,91.364,,,,64.2,100.0,100.0,56.0,35.75,False
661,AVONMORE,2026-09-30,12.94,12.99,12.51,-0.37,False,True,False,False,49.07,0.4,20.39,9.05,-36.54,42.98,15,NORMAL,above 50DMA,2026-09-28,12.36,4.69,70,70,RECOVERY WATCH,True,at/above 200DMA; moving toward 200DMA; above breakdown low; above 50DMA,20.39,2026-01-07,-36.54,False,False,10,NORMAL,above 50DMA,15,above 50DMA,False,14.0,14.54,12.4,11.65,1.24,200DMA RECOVERY,23.685184,0.87488884,0.54,,3609142784.0,,,24.475001,14.456000999999999,4.926,,,,36.0,185.7,185.7,68.0,35.6,False
624,EQUITASBNK,2026-09-30,68.93,69.16,73.83,-0.34,False,False,True,True,40.65,1.02,83.9,51.25,-17.84,34.5,10,NORMAL,200DMA rising,2026-09-25,64.63,6.65,65,65,RECOVERY WATCH,True,at/above 200DMA; moving toward 200DMA; recovery >=5%,83.9,2026-07-15,-17.84,False,False,0,NORMAL,,35,200DMA rising; 50DMA > 200DMA,False,19.25,74.05,7.43,62.04,0.74,200DMA RECOVERY,15.338566,1.2771639,4.46,,78269726720.0,,,31.503999999999998,10.925999000000001,94.248,,,,19.2,,,60.0,35.55,False
604,SCHAND,2026-09-30,148.08,152.21,139.56,-2.71,False,True,False,False,67.56,0.61,200.0,127.73,-25.96,15.93,25,NORMAL,above 50DMA; healthy RSI,2026-05-29,127.73,15.93,85,85,STRONG RETEST,True,within 3% of 200DMA; moving toward 200DMA; recovery >=10%; above 50DMA; RSI >=50,200.0,2025-10-06,-25.96,False,False,20,NORMAL,above 50DMA; RSI >=50,25,above 50DMA; RSI >=50,False,24.0,158.72,7.18,133.27,0.72,200DMA RECOVERY,7.09338,0.48008212,20.24,270.0,5064028672.0,,,-17.551,8.799,12.949,,,,11.600000000000001,,,52.0,35.2,False
486,EUROTEXIND,2026-09-30,14.3,14.3,13.2,0.01,True,True,False,False,63.28,2.4,23.8,11.07,-39.92,29.18,55,NORMAL,above 200DMA; above 50DMA; healthy RSI; volume confirmation,2026-07-02,11.07,29.18,105,105,STRONG RETEST,True,at/above 200DMA; moving toward 200DMA; recovery >=10%; above 50DMA; volume >=1.2x; RSI >=50,23.8,2026-06-11,-39.92,False,False,50,ABOVE 200DMA,above 200DMA; above 50DMA; RSI >=50; volume >=1.2x,65,above 200DMA; above 50DMA; RSI >=50; volume >=1.2x,False,58.5,16.11,12.67,12.87,1.27,200DMA RECOVERY,,-0.51164454,-1.42,,184927376.0,,,-4542.7032,0.0,,,,,-58.199999999999996,,,0.0,35.1,False
1124,EICHERMOT,2026-09-30,7150.0,7414.26,7770.31,-3.56,False,False,True,True,24.42,1.2,8230.0,6442.0,-13.12,10.99,30,NORMAL,within 15% of 52W high; 200DMA rising; volume confirmation,,,,0,0,NOT A RECOVERY,False,,8230.0,2026-02-27,-13.12,False,False,10,NORMAL,volume >=1.2x,50,200DMA rising; 50DMA > 200DMA; volume >=1.2x,False,35.0,7358.93,2.92,6435.0,0.29,NORMAL,,,,,,,,,,,,,,,,,,35.0,False
1125,NAVA,2026-09-30,559.35,586.52,561.18,-4.63,False,False,True,False,51.8,1.54,739.4,501.65,-24.35,11.5,30,NORMAL,200DMA rising; healthy RSI; volume confirmation,,,,0,0,NOT A RECOVERY,False,,739.4,2026-05-11,-24.35,False,False,20,NORMAL,RSI >=50; volume >=1.2x,45,200DMA rising; RSI >=50; volume >=1.2x,False,34.75,588.41,5.2,503.41,0.52,NORMAL,,,,,,,,,,,,,,,,,,34.75,False
610,SURAJEST,2026-09-30,207.69,213.26,197.33,-2.61,False,True,False,False,56.67,0.26,319.0,165.0,-34.89,25.87,25,NORMAL,above 50DMA; healthy RSI,2026-09-29,203.24,2.19,70,70,RECOVERY WATCH,True,within 3% of 200DMA; moving toward 200DMA; above breakdown low; above 50DMA; RSI >=50,267.08,2026-04-16,-22.24,False,False,20,NORMAL,above 50DMA; RSI >=50,25,above 50DMA; RSI >=50,False,24.0,231.65,11.54,186.92,1.15,200DMA RECOVERY,10.078046,0.9342937,19.86,,9596376064.0,,,36.058997999999995,16.163999,64.98,,,,9.2,9.1,9.1,50.0,34.4,False
620,GOKUL,2026-09-30,39.42,39.83,40.58,-1.02,False,False,True,True,40.68,0.82,46.8,31.0,-15.77,27.16,10,NORMAL,200DMA rising,2026-09-25,38.87,1.41,25,25,NEAR 200DMA,True,within 3% of 200DMA; above breakdown low,46.8,2026-08-24,-15.77,False,False,0,NORMAL,,35,200DMA rising; 50DMA > 200DMA,False,19.25,42.48,7.77,35.48,0.78,200DMA RECOVERY,18.497608,1.0545554,2.09,,3827146752.0,,,1.358,0.492,106.352,,,,9.700000000000001,56.39999999999999,56.39999999999999,56.0,33.95,False
645,JUBLINGREA,2026-09-30,653.2,668.83,694.77,-2.34,False,False,False,True,46.89,2.07,795.0,537.3,-17.84,21.57,10,NORMAL,volume confirmation,2026-09-09,612.0,6.73,65,65,RECOVERY WATCH,True,within 3% of 200DMA; moving toward 200DMA; recovery >=5%; volume >=1.2x,795.0,2026-07-22,-17.84,False,False,10,NORMAL,volume >=1.2x,30,50DMA > 200DMA; volume >=1.2x,False,19.0,697.88,6.84,587.88,0.68,200DMA RECOVERY,32.768364,3.224991,19.47,77.0,100623155200.0,,,11.3900006,6.637,25.328,,,,25.3,40.6,40.6,56.0,33.8,False
674,BAJFINANCE,2026-09-30,959.4,976.59,1059.98,-1.76,False,False,False,True,33.81,1.1,1176.4,787.9,-18.45,21.77,0,NORMAL,,2026-09-29,955.8,0.38,45,45,NEAR 200DMA,True,within 3% of 200DMA; moving toward 200DMA; above breakdown low,1176.4,2026-08-03,-18.45,False,False,0,NORMAL,,15,50DMA > 200DMA,False,6.75,1010.49,5.32,863.46,0.53,200DMA RECOVERY,29.088959,5.172329,32.6,56.00000000000001,5899291721728.0,,,61.55199999999999,43.495,314.833,,,,26.1,27.200000000000003,27.200000000000003,74.0,33.65,False
705,SIGMA,2026-09-30,44.25,44.93,46.02,-1.5,False,False,False,True,43.02,0.55,65.5,35.46,-32.44,24.79,0,NORMAL,,2026-09-28,43.07,2.74,45,45,NEAR 200DMA,True,within 3% of 200DMA; moving toward 200DMA; above breakdown low,64.17,2026-01-08,-31.04,False,False,0,NORMAL,,15,50DMA > 200DMA,False,6.75,48.22,8.97,39.83,0.9,200DMA RECOVERY,14.870861,6.012853,3.02,112.99999999999999,4615624192.0,,,32.773,31.916,2.611,,,,11.5,142.1,142.1,74.0,33.65,False
712,RVTH,2026-09-30,669.8,676.86,712.2,-1.04,False,False,False,True,44.79,0.59,1169.7,491.1,-42.74,36.39,0,NORMAL,,2026-09-22,620.0,8.03,55,55,RECOVERY WATCH,True,within 3% of 200DMA; moving toward 200DMA; recovery >=5%,859.0,2026-05-27,-22.03,False,False,0,NORMAL,,15,50DMA > 200DMA,False,6.75,761.9,13.75,602.82,1.38,200DMA RECOVERY,15.56513,1.695437,49.9,,2382094592.0,,,9.7270004,10.16,48.324,,,,34.9,255.10000000000002,255.10000000000002,74.0,33.65,False
659,JUNIPER,2026-09-30,213.42,213.81,208.13,-0.18,False,True,False,False,47.61,0.51,289.2,188.5,-26.2,13.22,15,NORMAL,above 50DMA,2026-09-29,212.15,0.6,70,70,RECOVERY WATCH,True,at/above 200DMA; moving toward 200DMA; above breakdown low; above 50DMA,275.0,2026-02-11,-22.39,False,False,10,NORMAL,above 50DMA,15,above 50DMA,False,14.0,226.38,6.07,192.08,0.61,200DMA RECOVERY,28.85772,1.6676621,7.45,,47835787264.0,,,24.099001,15.408,41.603,,,,13.0,272.5,272.5,62.0,33.2,False
663,OSWALSEEDS,2026-09-30,12.34,12.54,12.18,-1.56,False,True,False,False,44.19,0.19,20.28,9.66,-39.15,27.74,15,NORMAL,above 50DMA,2026-09-28,12.05,2.41,60,60,RECOVERY WATCH,True,within 3% of 200DMA; moving toward 200DMA; above breakdown low; above 50DMA,17.0,2026-09-11,-27.41,False,False,10,NORMAL,above 50DMA,15,above 50DMA,False,14.0,14.63,18.55,11.11,1.85,200DMA RECOVERY,9.315789,2.2268152,1.33,,1133313280.0,,,15.504999999999999,4.5689996,121.208,,,,19.5,67.5,67.5,62.0,33.2,False
619,CHOICEIN,2026-09-30,726.25,743.66,784.2,-2.34,False,False,True,True,37.17,1.02,860.5,568.7,-15.6,27.7,10,NORMAL,200DMA rising,2026-09-29,721.2,0.7,25,25,NEAR 200DMA,True,within 3% of 200DMA; above breakdown low,854.3,2026-08-11,-14.99,False,False,0,NORMAL,,35,200DMA rising; 50DMA > 200DMA,False,19.25,773.06,6.45,653.62,0.64,200DMA RECOVERY,67.86793,8.510084,10.6,,160265420800.0,,,27.432000000000002,20.173,49.768,,,,34.4,15.4,15.4,54.0,33.15,False
558,ISGEC,2026-09-30,883.1,886.65,805.99,-0.4,False,True,True,False,64.35,0.85,1113.9,683.95,-20.72,29.12,35,NORMAL,above 50DMA; 200DMA rising; healthy RSI,2026-09-29,871.2,1.37,80,80,STRONG RETEST,True,at/above 200DMA; moving toward 200DMA; above breakdown low; above 50DMA; RSI >=50,1113.9,2026-05-21,-20.72,False,False,20,NORMAL,above 50DMA; RSI >=50,45,above 50DMA; 200DMA rising; RSI >=50,False,36.5,946.21,7.15,794.79,0.71,200DMA RECOVERY,60.907284,2.4709702,15.1,68.0,67625091072.0,,,2.97,1.497,32.93,,,,47.699999999999996,-82.8,-82.8,28.0,33.1,False
561,AAATECH,2026-09-30,94.73,96.7,92.78,-2.04,False,True,True,False,51.44,0.59,136.0,76.11,-30.35,24.46,35,NORMAL,above 50DMA; 200DMA rising; healthy RSI,2026-09-30,91.56,3.46,70,70,RECOVERY WATCH,True,within 3% of 200DMA; moving toward 200DMA; above breakdown low; above 50DMA; RSI >=50,128.5,2026-01-16,-26.28,False,False,20,NORMAL,above 50DMA; RSI >=50,45,above 50DMA; 200DMA rising; RSI >=50,False,36.5,106.59,12.52,85.26,1.25,200DMA RECOVERY,54.552937,3.8748224,1.7,106.0,1189557376.0,,,17.938000000000002,10.566,,,,,-11.4,6.3,6.3,28.0,33.1,False
557,DRREDDY,2026-09-30,1233.0,1247.76,1175.44,-1.18,False,True,False,False,62.71,2.22,1414.9,1101.0,-12.86,11.99,45,NORMAL,within 15% of 52W high; above 50DMA; healthy RSI; volume confirmation,2026-09-30,1214.2,1.55,80,80,STRONG RETEST,True,within 3% of 200DMA; moving toward 200DMA; above breakdown low; above 50DMA; volume >=1.2x; RSI >=50,1414.9,2026-06-29,-12.86,False,False,30,NORMAL,above 50DMA; RSI >=50; volume >=1.2x,40,above 50DMA; RSI >=50; volume >=1.2x,False,39.75,1286.23,4.32,1109.7,0.43,200DMA RECOVERY,30.38287,2.6204307,39.7,65.0,1004750831616.0,8.836999500000001,,4.251,9.995999999999999,18.605,1.902,1.161,,-5.6000000000000005,-68.7,-68.7,23.0,33.05,False
647,HEROMOTOCO,2026-09-30,5241.0,5332.05,5448.55,-1.71,False,False,False,True,43.99,1.26,6388.5,4671.5,-17.96,12.19,10,NORMAL,volume confirmation,2026-09-29,5208.0,0.63,35,35,NEAR 200DMA,True,within 3% of 200DMA; above breakdown low; volume >=1.2x,5937.0,2026-08-11,-11.72,False,False,10,NORMAL,volume >=1.2x,30,50DMA > 200DMA; volume >=1.2x,False,19.0,5453.29,4.05,4716.9,0.41,200DMA RECOVERY,18.979763,4.784853,272.29,353.0,1034329718784.0,,,11.628000400000001,10.724,3.57,,,,34.9,-17.2,-17.2,54.0,33.0,False
715,WONDERLA,2026-09-30,500.3,503.18,501.26,-0.57,False,False,False,False,41.7,0.52,623.4,455.0,-19.75,9.96,0,NORMAL,,2026-09-29,491.25,1.84,55,55,RECOVERY WATCH,True,at/above 200DMA; moving toward 200DMA; above breakdown low,572.9,2026-04-16,-12.67,False,False,0,NORMAL,,0,,False,0.0,523.71,4.68,450.27,0.47,200DMA RECOVERY,30.924421,1.8180951,16.01,40.0,31400611840.0,,,34.674,17.188999,0.348,,,,44.2,38.3,38.3,82.0,32.8,False
1126,AGSTRA,2026-09-30,2.59,2.87,2.07,-9.64,False,True,False,False,79.71,2.2,5.44,1.85,-52.39,40.0,25,NORMAL,above 50DMA; volume confirmation,,,,0,0,NOT A RECOVERY,False,,,,,False,False,30,NORMAL,above 50DMA; RSI >=50; volume >=1.2x,40,above 50DMA; RSI >=50; volume >=1.2x,False,32.75,2.8,8.11,2.33,0.81,NORMAL,,,,,,,,,,,,,,,,,,32.75,False
592,TCIEXP,2026-09-30,521.65,534.19,536.84,-2.35,False,False,False,True,51.3,2.33,746.75,447.55,-30.14,16.56,20,NORMAL,healthy RSI; volume confirmation,2026-09-09,480.0,8.68,75,75,STRONG RETEST,True,within 3% of 200DMA; moving toward 200DMA; recovery >=5%; volume >=1.2x; RSI >=50,625.0,2026-06-24,-16.54,False,False,20,NORMAL,RSI >=50; volume >=1.2x,40,50DMA > 200DMA; RSI >=50; volume >=1.2x,False,29.0,572.98,9.84,469.49,0.98,200DMA RECOVERY,23.775318,2.3683395,21.23,229.99999999999997,19404691456.0,,,7.782,6.523,7.738,,,,9.3,1.4000000000000001,1.4000000000000001,38.0,32.6,False
1127,STARPAPER,2026-09-30,152.52,145.69,153.04,4.69,True,False,False,True,45.6,0.27,177.8,119.05,-14.22,28.11,30,NORMAL,within 15% of 52W high; above 200DMA,,,,0,0,NOT A RECOVERY,False,,168.78,2025-11-27,-9.63,False,False,20,ABOVE 200DMA,above 200DMA,40,above 200DMA; 50DMA > 200DMA,False,32.5,164.52,7.87,137.27,0.79,ABOVE 200DMA,,,,,,,,,,,,,,,,,,32.5,False
670,PNB,2026-09-30,113.06,114.31,115.26,-1.09,False,False,False,True,41.93,1.2,135.15,98.5,-16.34,14.78,0,NORMAL,,2026-09-28,110.56,2.26,45,45,NEAR 200DMA,True,within 3% of 200DMA; moving toward 200DMA; above breakdown low,135.15,2026-01-19,-16.34,False,False,0,NORMAL,,15,50DMA > 200DMA,False,6.75,117.84,4.23,101.75,0.42,200DMA RECOVERY,5.700833,0.805342,19.22,265.0,1259281711104.0,14.965999,,47.976002,38.147,,,,,-6.4,175.0,175.0,70.0,32.05,False
603,BAIDFIN,2026-09-30,10.38,10.66,10.23,-2.64,False,True,True,False,47.7,0.42,12.98,8.8,-20.03,17.95,25,NORMAL,above 50DMA; 200DMA rising,2026-09-28,10.26,1.17,40,40,NEAR 200DMA,True,within 3% of 200DMA; above breakdown low; above 50DMA,12.95,2026-09-08,-19.85,False,False,10,NORMAL,above 50DMA,35,above 50DMA; 200DMA rising,False,26.5,12.05,16.06,9.34,1.61,200DMA RECOVERY,9.458715,0.6859614,1.09,96.0,1671170688.0,,,49.748,28.607,122.59,,,,-27.3,-18.2,-18.2,40.0,31.9,False
579,UNOMINDA,2026-09-30,1170.0,1165.02,1227.82,0.43,True,False,False,True,40.27,1.04,1382.0,994.0,-15.34,17.71,20,NORMAL,above 200DMA,2026-09-29,1149.5,1.78,55,55,RECOVERY WATCH,True,at/above 200DMA; moving toward 200DMA; above breakdown low,1307.5,2026-09-01,-10.52,False,False,20,ABOVE 200DMA,above 200DMA,40,above 200DMA; 50DMA > 200DMA,False,29.0,1241.61,6.12,1053.0,0.61,200DMA RECOVERY,53.336533,9.393204,20.83,23.0,641566048256.0,,,7.1090005,5.801,37.74,,,,23.799999999999997,1.2,1.2,36.0,31.8,False
625,LTFOODS,2026-09-30,400.4,400.61,423.28,-0.05,False,False,True,True,35.19,0.84,490.7,333.15,-18.4,20.19,10,NORMAL,200DMA rising,2026-09-30,399.0,0.35,55,55,RECOVERY WATCH,True,at/above 200DMA; moving toward 200DMA; above breakdown low,490.7,2026-08-24,-18.4,False,False,0,NORMAL,,35,200DMA rising; 50DMA > 200DMA,False,19.25,423.6,5.79,360.36,0.58,200DMA RECOVERY,21.622427,7.77676,18.46,100.0,138606002176.0,,,9.151,5.485,35.617,,,,26.400000000000002,8.9,8.9,50.0,31.55,False
632,KRISHNADEF,2026-09-30,1032.8,1061.94,1090.23,-2.74,False,False,True,True,47.33,0.82,1400.0,665.0,-26.23,55.31,10,NORMAL,200DMA rising,2026-09-15,975.8,5.84,55,55,RECOVERY WATCH,True,within 3% of 200DMA; moving toward 200DMA; recovery >=5%,1400.0,2026-06-23,-26.23,False,False,0,NORMAL,,35,200DMA rising; 50DMA > 200DMA,False,19.25,1105.24,7.01,929.52,0.7,200DMA RECOVERY,35.7592,7.723411,27.99,12.0,14946828288.0,,,28.765,18.456,1.121,,,,-15.2,22.6,22.6,50.0,31.55,False
635,PICCADIL,2026-09-30,592.35,608.61,665.91,-2.67,False,False,True,True,39.45,0.6,809.7,515.0,-26.84,15.02,10,NORMAL,200DMA rising,2026-09-28,588.55,0.65,25,25,NEAR 200DMA,True,within 3% of 200DMA; above breakdown low,809.7,2026-08-11,-26.84,False,False,0,NORMAL,,35,200DMA rising; 50DMA > 200DMA,False,19.25,630.48,6.44,533.11,0.64,200DMA RECOVERY,40.322693,6.2389936,14.41,17.0,57274970112.0,,,13.425,13.071,58.89,,,,17.4,12.4,12.4,50.0,31.55,False
636,PRINCEPIPE,2026-09-30,255.75,260.87,273.9,-1.96,False,False,True,True,35.15,0.42,352.2,205.0,-27.39,24.76,10,NORMAL,200DMA rising,2026-09-28,251.8,1.57,25,25,NEAR 200DMA,True,within 3% of 200DMA; above breakdown low,303.0,2026-08-27,-15.59,False,False,0,NORMAL,,35,200DMA rising; 50DMA > 200DMA,False,19.25,272.33,6.48,230.18,0.65,200DMA RECOVERY,26.238045,1.6614178,9.41,39.0,27302756352.0,,,6.914,3.8859999999999997,8.838,,,,5.0,593.2,593.2,50.0,31.55,False
643,MANAKALUCO,2026-09-30,34.32,34.89,37.26,-1.63,False,False,True,True,37.89,0.34,68.12,21.73,-49.62,57.94,10,NORMAL,200DMA rising,2026-09-28,34.0,0.94,45,45,NEAR 200DMA,True,within 3% of 200DMA; moving toward 200DMA; above breakdown low,68.12,2026-01-20,-49.62,False,False,0,NORMAL,,35,200DMA rising; 50DMA > 200DMA,False,19.25,37.1,8.09,30.89,0.81,200DMA RECOVERY,25.194029,1.5658627,1.34,15.0,2212429312.0,,,7.729,1.555,169.359,,,,3.9,79.2,79.2,50.0,31.55,False
1128,NESTLEIND,2026-09-30,1310.0,1364.82,1441.06,-4.02,False,False,True,True,30.46,1.21,1553.0,1145.0,-15.65,14.41,20,NORMAL,200DMA rising; volume confirmation,,,,0,0,NOT A RECOVERY,False,,1553.0,2026-08-07,-15.65,False,False,10,NORMAL,volume >=1.2x,50,200DMA rising; 50DMA > 200DMA; volume >=1.2x,False,31.5,1364.33,4.15,1179.0,0.41,NORMAL,,,,,,,,,,,,,,,,,,31.5,False
1129,TATACAP,2026-09-30,327.95,340.79,359.08,-3.77,False,False,True,True,33.52,1.22,390.2,296.0,-15.95,10.79,20,NORMAL,200DMA rising; volume confirmation,,,,0,0,NOT A RECOVERY,False,,390.2,2026-08-06,-15.95,False,False,10,NORMAL,volume >=1.2x,50,200DMA rising; 50DMA > 200DMA; volume >=1.2x,False,31.5,347.21,5.87,295.16,0.59,NORMAL,,,,,,,,,,,,,,,,,,31.5,False
1130,ATUL,2026-09-30,5915.5,6439.04,6454.62,-8.13,False,False,True,True,30.61,2.15,7180.0,5560.5,-17.61,6.38,20,NORMAL,200DMA rising; volume confirmation,,,,0,0,NOT A RECOVERY,False,,7180.0,2026-05-07,-17.61,False,False,10,NORMAL,volume >=1.2x,50,200DMA rising; 50DMA > 200DMA; volume >=1.2x,False,31.5,6168.86,4.28,5323.95,0.43,NORMAL,,,,,,,,,,,,,,,,,,31.5,False
1131,NIVABUPA,2026-09-30,74.81,79.69,82.27,-6.12,False,False,True,True,33.44,2.88,91.4,67.5,-18.15,10.83,20,NORMAL,200DMA rising; volume confirmation,,,,0,0,NOT A RECOVERY,False,,91.4,2026-07-31,-18.15,False,False,10,NORMAL,volume >=1.2x,50,200DMA rising; 50DMA > 200DMA; volume >=1.2x,False,31.5,79.5,6.27,67.33,0.63,NORMAL,,,,,,,,,,,,,,,,,,31.5,False
1132,RELIGARE,2026-09-30,228.91,238.22,244.52,-3.91,False,False,True,True,33.48,1.32,280.0,196.51,-18.25,16.49,20,NORMAL,200DMA rising; volume confirmation,,,,0,0,NOT A RECOVERY,False,,280.0,2026-06-25,-18.25,False,False,10,NORMAL,volume >=1.2x,50,200DMA rising; 50DMA > 200DMA; volume >=1.2x,False,31.5,242.89,6.11,206.02,0.61,NORMAL,,,,,,,,,,,,,,,,,,31.5,False
1133,YESBANK,2026-09-30,20.95,21.88,22.64,-4.23,False,False,True,True,33.45,1.21,25.78,17.2,-18.74,21.8,20,NORMAL,200DMA rising; volume confirmation,,,,0,0,NOT A RECOVERY,False,,25.78,2026-06-18,-18.74,False,False,10,NORMAL,volume >=1.2x,50,200DMA rising; 50DMA > 200DMA; volume >=1.2x,False,31.5,22.35,6.67,18.86,0.67,NORMAL,,,,,,,,,,,,,,,,,,31.5,False
1134,HINDALCO,2026-09-30,941.8,981.88,1005.05,-4.08,False,False,True,True,35.45,1.29,1176.0,754.45,-19.91,24.83,20,NORMAL,200DMA rising; volume confirmation,,,,0,0,NOT A RECOVERY,False,,1176.0,2026-05-29,-19.91,False,False,10,NORMAL,volume >=1.2x,50,200DMA rising; 50DMA > 200DMA; volume >=1.2x,False,31.5,983.03,4.38,847.62,0.44,NORMAL,,,,,,,,,,,,,,,,,,31.5,False
1135,JSWCEMENT,2026-09-30,113.38,124.58,124.85,-8.99,False,False,True,True,28.54,1.26,143.4,106.65,-20.93,6.31,20,NORMAL,200DMA rising; volume confirmation,,,,0,0,NOT A RECOVERY,False,,143.4,2026-07-21,-20.93,False,False,10,NORMAL,volume >=1.2x,50,200DMA rising; 50DMA > 200DMA; volume >=1.2x,False,31.5,118.09,4.16,102.04,0.42,NORMAL,,,,,,,,,,,,,,,,,,31.5,False
1136,DELHIVERY,2026-09-30,409.7,445.2,451.9,-7.97,False,False,True,True,34.32,2.03,524.0,374.45,-21.81,9.41,20,NORMAL,200DMA rising; volume confirmation,,,,0,0,NOT A RECOVERY,False,,524.0,2026-07-10,-21.81,False,False,10,NORMAL,volume >=1.2x,50,200DMA rising; 50DMA > 200DMA; volume >=1.2x,False,31.5,433.5,5.81,368.73,0.58,NORMAL,,,,,,,,,,,,,,,,,,31.5,False
1137,CUMMINSIND,2026-09-30,4760.0,5015.75,5208.96,-5.1,False,False,True,True,31.22,1.53,6100.0,3833.0,-21.97,24.18,20,NORMAL,200DMA rising; volume confirmation,,,,0,0,NOT A RECOVERY,False,,6100.0,2026-05-29,-21.97,False,False,10,NORMAL,volume >=1.2x,50,200DMA rising; 50DMA > 200DMA; volume >=1.2x,False,31.5,4983.93,4.7,4284.0,0.47,NORMAL,,,,,,,,,,,,,,,,,,31.5,False
1138,CREDITACC,2026-09-30,1272.0,1349.31,1454.24,-5.73,False,False,True,True,34.12,2.23,1634.0,1113.0,-22.15,14.29,20,NORMAL,200DMA rising; volume confirmation,,,,0,0,NOT A RECOVERY,False,,1634.0,2026-07-31,-22.15,False,False,10,NORMAL,volume >=1.2x,50,200DMA rising; 50DMA > 200DMA; volume >=1.2x,False,31.5,1351.77,6.27,1144.8,0.63,NORMAL,,,,,,,,,,,,,,,,,,31.5,False
1139,VTL,2026-09-30,534.6,557.76,586.2,-4.15,False,False,True,True,36.81,1.7,688.0,385.5,-22.3,38.68,20,NORMAL,200DMA rising; volume confirmation,,,,0,0,NOT A RECOVERY,False,,688.0,2026-07-06,-22.3,False,False,10,NORMAL,volume >=1.2x,50,200DMA rising; 50DMA > 200DMA; volume >=1.2x,False,31.5,573.16,7.21,481.14,0.72,NORMAL,,,,,,,,,,,,,,,,,,31.5,False
1140,CERA,2026-09-30,5088.0,5505.33,5787.44,-7.58,False,False,True,True,21.36,2.99,6740.0,4461.1,-24.51,14.05,20,NORMAL,200DMA rising; volume confirmation,,,,0,0,NOT A RECOVERY,False,,6740.0,2026-06-22,-24.51,False,False,10,NORMAL,volume >=1.2x,50,200DMA rising; 50DMA > 200DMA; volume >=1.2x,False,31.5,5319.36,4.55,4579.2,0.45,NORMAL,,,,,,,,,,,,,,,,,,31.5,False
1141,SUYOG,2026-09-30,695.1,721.09,757.45,-3.6,False,False,True,True,49.74,2.5,921.15,528.0,-24.54,31.65,20,NORMAL,200DMA rising; volume confirmation,,,,0,0,NOT A RECOVERY,False,,921.15,2026-07-07,-24.54,False,False,10,NORMAL,volume >=1.2x,50,200DMA rising; 50DMA > 200DMA; volume >=1.2x,False,31.5,754.7,8.57,625.59,0.86,NORMAL,,,,,,,,,,,,,,,,,,31.5,False
1142,HARRMALAYA,2026-09-30,179.13,191.73,197.35,-6.57,False,False,True,True,42.97,1.86,237.9,153.66,-24.7,16.58,20,NORMAL,200DMA rising; volume confirmation,,,,0,0,NOT A RECOVERY,False,,237.9,2026-04-24,-24.7,False,False,10,NORMAL,volume >=1.2x,50,200DMA rising; 50DMA > 200DMA; volume >=1.2x,False,31.5,192.92,7.7,161.22,0.77,NORMAL,,,,,,,,,,,,,,,,,,31.5,False
1143,ATULAUTO,2026-09-30,448.15,464.86,481.53,-3.59,False,False,True,True,43.5,1.22,596.55,380.05,-24.88,17.92,20,NORMAL,200DMA rising; volume confirmation,,,,0,0,NOT A RECOVERY,False,,596.55,2026-08-05,-24.88,False,False,10,NORMAL,volume >=1.2x,50,200DMA rising; 50DMA > 200DMA; volume >=1.2x,False,31.5,472.56,5.45,403.33,0.54,NORMAL,,,,,,,,,,,,,,,,,,31.5,False
1144,BAJEL,2026-09-30,164.9,175.74,181.63,-6.17,False,False,True,True,32.71,1.35,219.64,135.1,-24.92,22.06,20,NORMAL,200DMA rising; volume confirmation,,,,0,0,NOT A RECOVERY,False,,215.5,2026-05-29,-23.48,False,False,10,NORMAL,volume >=1.2x,50,200DMA rising; 50DMA > 200DMA; volume >=1.2x,False,31.5,176.61,7.1,148.41,0.71,NORMAL,,,,,,,,,,,,,,,,,,31.5,False
1145,DHANBANK,2026-09-30,27.52,28.88,31.68,-4.72,False,False,True,True,27.6,2.08,36.85,19.45,-25.32,41.49,20,NORMAL,200DMA rising; volume confirmation,,,,0,0,NOT A RECOVERY,False,,36.85,2026-07-07,-25.32,False,False,10,NORMAL,volume >=1.2x,50,200DMA rising; 50DMA > 200DMA; volume >=1.2x,False,31.5,29.66,7.77,24.77,0.78,NORMAL,,,,,,,,,,,,,,,,,,31.5,False
1146,AMBER,2026-09-30,6672.5,7251.83,7257.28,-7.99,False,False,True,True,32.96,1.91,8974.0,5400.5,-25.65,23.55,20,NORMAL,200DMA rising; volume confirmation,,,,0,0,NOT A RECOVERY,False,,8974.0,2026-05-07,-25.65,False,False,10,NORMAL,volume >=1.2x,50,200DMA rising; 50DMA > 200DMA; volume >=1.2x,False,31.5,7021.86,5.24,6005.25,0.52,NORMAL,,,,,,,,,,,,,,,,,,31.5,False
1147,NITCO,2026-09-30,88.12,92.33,95.18,-4.56,False,False,True,True,43.5,1.62,120.0,64.0,-26.57,37.69,20,NORMAL,200DMA rising; volume confirmation,,,,0,0,NOT A RECOVERY,False,,119.4,2026-07-03,-26.2,False,False,10,NORMAL,volume >=1.2x,50,200DMA rising; 50DMA > 200DMA; volume >=1.2x,False,31.5,95.53,8.4,79.31,0.84,NORMAL,,,,,,,,,,,,,,,,,,31.5,False
1148,BSE,2026-09-30,3092.0,3324.2,3369.12,-6.99,False,False,True,True,39.05,1.2,4446.8,2035.1,-30.47,51.93,20,NORMAL,200DMA rising; volume confirmation,,,,0,0,NOT A RECOVERY,False,,4446.8,2026-05-27,-30.47,False,False,10,NORMAL,volume >=1.2x,50,200DMA rising; 50DMA > 200DMA; volume >=1.2x,False,31.5,3298.87,6.69,2782.8,0.67,NORMAL,,,,,,,,,,,,,,,,,,31.5,False
1149,KRITINUT,2026-09-30,69.81,78.39,81.9,-10.94,False,False,True,True,22.74,4.09,102.99,51.36,-32.22,35.92,20,NORMAL,200DMA rising; volume confirmation,,,,0,0,NOT A RECOVERY,False,,102.99,2026-04-21,-32.22,False,False,10,NORMAL,volume >=1.2x,50,200DMA rising; 50DMA > 200DMA; volume >=1.2x,False,31.5,75.91,8.74,62.83,0.87,NORMAL,,,,,,,,,,,,,,,,,,31.5,False
1150,THERMAX,2026-09-30,3392.2,3799.57,3879.22,-10.72,False,False,True,True,32.49,2.59,5277.8,2742.7,-35.73,23.68,20,NORMAL,200DMA rising; volume confirmation,,,,0,0,NOT A RECOVERY,False,,5277.8,2026-06-29,-35.73,False,False,10,NORMAL,volume >=1.2x,50,200DMA rising; 50DMA > 200DMA; volume >=1.2x,False,31.5,3596.91,6.03,3052.98,0.6,NORMAL,,,,,,,,,,,,,,,,,,31.5,False
1151,VIPULLTD,2026-09-30,11.0,11.77,13.17,-6.54,False,False,True,True,32.97,4.62,18.6,7.38,-40.86,49.05,20,NORMAL,200DMA rising; volume confirmation,,,,0,0,NOT A RECOVERY,False,,18.6,2026-07-14,-40.86,False,False,10,NORMAL,volume >=1.2x,50,200DMA rising; 50DMA > 200DMA; volume >=1.2x,False,31.5,11.93,8.48,9.9,0.85,NORMAL,,,,,,,,,,,,,,,,,,31.5,False
595,KAYA,2026-09-30,307.2,300.56,315.89,2.21,True,False,False,True,43.26,0.3,478.0,224.01,-35.73,37.14,20,NORMAL,above 200DMA,2026-01-16,224.01,37.14,70,70,RECOVERY WATCH,True,at/above 200DMA; moving toward 200DMA; recovery >=10%,487.9,2025-09-23,-37.04,False,False,20,ABOVE 200DMA,above 200DMA,40,above 200DMA; 50DMA > 200DMA,False,29.0,339.29,10.44,276.48,1.04,200DMA RECOVERY,,-2.9642186,-65.91,,4528185344.0,,,-11.607000000000001,-42.321998,,,,,13.900000000000002,,,35.0,31.4,False
673,TRAVELFOOD,2026-09-30,1200.3,1235.99,1293.08,-2.89,False,False,False,True,34.18,0.67,1470.9,1035.3,-18.4,15.94,0,NORMAL,,2026-09-21,1171.0,2.5,25,25,NEAR 200DMA,True,within 3% of 200DMA; above breakdown low,1470.9,2026-08-07,-18.4,False,False,0,NORMAL,,15,50DMA > 200DMA,False,6.75,1265.77,5.45,1080.27,0.55,200DMA RECOVERY,33.549015,11.030963,36.01,85.0,159119032320.0,,,26.619999999999997,27.594,16.722,,,,20.599999999999998,38.1,38.1,68.0,31.25,False
678,PNGJL,2026-09-30,590.15,592.19,618.67,-0.34,False,False,False,True,43.41,0.61,736.4,503.0,-19.86,17.33,0,NORMAL,,2026-09-28,572.7,3.05,55,55,RECOVERY WATCH,True,at/above 200DMA; moving toward 200DMA; above breakdown low,736.4,2026-05-08,-19.86,False,False,0,NORMAL,,15,50DMA > 200DMA,False,6.75,628.09,6.43,531.14,0.64,200DMA RECOVERY,17.704596,4.0242167,32.87,,85664546816.0,,,6.822,3.898,88.504,,,,40.699999999999996,51.9,51.9,68.0,31.25,False
681,VRAJ,2026-09-30,123.85,124.14,124.54,-0.23,False,False,False,True,47.39,0.52,155.75,93.0,-20.48,33.17,0,NORMAL,,2026-09-30,123.1,0.61,35,35,NEAR 200DMA,True,at/above 200DMA; above breakdown low,148.5,2026-07-15,-16.6,False,False,0,NORMAL,,15,50DMA > 200DMA,False,6.75,132.38,6.89,111.46,0.69,200DMA RECOVERY,11.1809,0.9344016,10.89,,4015963904.0,,,6.4050004,5.583,9.921,,,,40.1,51.7,51.7,68.0,31.25,False
691,GROBTEA,2026-09-30,909.1,927.82,932.2,-2.02,False,False,False,True,44.21,0.88,1225.0,805.0,-25.79,12.93,0,NORMAL,,2026-09-17,850.0,6.95,35,35,NEAR 200DMA,True,within 3% of 200DMA; recovery >=5%,1060.0,2026-06-23,-14.24,False,False,0,NORMAL,,15,50DMA > 200DMA,False,6.75,975.19,7.27,818.19,0.73,200DMA RECOVERY,13.310606,1.1002167,66.0,22.0,1021106880.0,,,13.248999999999999,6.422,56.997,,,,28.000000000000004,141.4,141.4,68.0,31.25,False
701,REFEX,2026-09-30,265.25,271.04,289.8,-2.14,False,False,False,True,38.18,0.53,382.4,188.0,-30.64,41.09,0,NORMAL,,2026-09-30,264.0,0.47,25,25,NEAR 200DMA,True,within 3% of 200DMA; above breakdown low,371.4,2026-07-02,-28.58,False,False,0,NORMAL,,15,50DMA > 200DMA,False,6.75,286.21,7.9,238.72,0.79,200DMA RECOVERY,12.863915,2.4746196,21.09,75.0,37230100480.0,,,11.036000399999999,8.658000000000001,14.918,,,,139.1,207.10000000000002,207.10000000000002,68.0,31.25,False
605,WEALTH,2026-09-30,907.85,911.91,879.27,-0.44,False,True,False,False,66.55,0.45,1244.0,774.95,-27.02,17.15,25,NORMAL,above 50DMA; healthy RSI,2026-07-29,810.2,12.05,95,95,STRONG RETEST,True,at/above 200DMA; moving toward 200DMA; recovery >=10%; above 50DMA; RSI >=50,1219.0,2025-11-10,-25.53,False,False,20,NORMAL,above 50DMA; RSI >=50,25,above 50DMA; RSI >=50,False,24.0,984.3,8.42,817.06,0.84,200DMA RECOVERY,28.745155,6.3013787,30.96,99.0,9482417152.0,,,72.392,50.699000000000005,,,,,-23.799999999999997,-35.3,-35.3,42.0,31.2,False
569,CHALET,2026-09-30,845.2,821.81,860.09,2.85,True,False,False,True,42.3,0.8,993.0,691.35,-14.88,22.25,30,NORMAL,within 15% of 52W high; above 200DMA,2026-08-11,811.8,4.11,35,35,NEAR 200DMA,True,at/above 200DMA; above breakdown low,919.0,2025-12-03,-8.03,False,False,20,ABOVE 200DMA,above 200DMA,40,above 200DMA; 50DMA > 200DMA,False,32.5,901.54,6.67,760.68,0.67,200DMA RECOVERY,34.464508,4.913187,24.09,24.0,,,,33.731,22.12,64.041,,,,-42.699999999999996,-57.699999999999996,-57.699999999999996,28.0,30.7,False
609,JMFINANCIL,2026-09-30,129.02,129.95,126.67,-0.71,False,True,False,False,55.54,0.94,182.5,112.0,-29.3,15.2,25,NORMAL,above 50DMA; healthy RSI,2026-09-07,118.05,9.29,90,90,STRONG RETEST,True,at/above 200DMA; moving toward 200DMA; recovery >=5%; above 50DMA; RSI >=50,151.9,2025-12-31,-15.06,False,False,20,NORMAL,above 50DMA; RSI >=50,25,above 50DMA; RSI >=50,False,24.0,135.07,4.69,116.12,0.47,200DMA RECOVERY,11.3628,1.1073622,10.86,136.0,118094405632.0,,,47.229,30.868000000000002,102.435,,,,-10.299999999999999,-35.699999999999996,-35.699999999999996,40.0,30.4,False
574,ASTERDM,2026-09-30,697.15,709.75,785.33,-1.77,False,False,True,True,28.04,1.88,891.3,519.1,-21.78,34.3,20,NORMAL,200DMA rising; volume confirmation,2026-09-30,691.75,0.78,55,55,RECOVERY WATCH,True,within 3% of 200DMA; moving toward 200DMA; above breakdown low; volume >=1.2x,891.3,2026-08-10,-21.78,False,False,10,NORMAL,volume >=1.2x,50,200DMA rising; 50DMA > 200DMA; volume >=1.2x,False,31.5,741.74,6.4,627.44,0.64,200DMA RECOVERY,115.64437,7.983558,6.13,56.99999999999999,617928589312.0,,,14.879999999999999,6.535999500000001,45.921,,,,21.6,-81.39999999999999,-81.39999999999999,28.0,30.1,False
700,FMGOETZE,2026-09-30,445.65,451.3,487.83,-1.25,False,False,False,True,41.18,0.62,641.1,358.0,-30.49,24.48,0,NORMAL,,2026-09-30,442.1,0.8,25,25,NEAR 200DMA,True,within 3% of 200DMA; above breakdown low,641.1,2026-08-31,-30.49,False,False,0,NORMAL,,15,50DMA > 200DMA,False,6.75,480.96,7.92,401.08,0.79,200DMA RECOVERY,14.465973,1.7204722,30.71,337.0,24714573824.0,,,8.826,8.5389994,0.068,,,,8.799999999999999,0.5,0.5,64.0,29.65,False
623,INDUSINDBK,2026-09-30,901.4,924.76,990.13,-2.53,False,False,True,True,33.2,1.14,1077.85,722.55,-16.37,24.75,10,NORMAL,200DMA rising,2026-09-24,878.0,2.67,45,45,NEAR 200DMA,True,within 3% of 200DMA; moving toward 200DMA; above breakdown low,1077.85,2026-07-22,-16.37,False,False,0,NORMAL,,35,200DMA rising; 50DMA > 200DMA,False,19.25,943.76,4.7,811.26,0.47,200DMA RECOVERY,52.259872,1.0505311,16.97,17.0,690984452096.0,,,27.308,7.6469995,,,,,1.0,71.7,71.7,45.0,29.55,False
502,MANGALAM,2026-09-30,30.74,30.67,29.91,0.24,True,True,True,False,46.76,0.55,73.94,22.8,-58.43,34.82,45,NORMAL,above 200DMA; above 50DMA; 200DMA rising,2026-09-01,28.51,7.82,80,80,STRONG RETEST,True,at/above 200DMA; moving toward 200DMA; recovery >=5%; above 50DMA,54.4,2026-01-21,-43.49,False,False,30,ABOVE 200DMA,above 200DMA; above 50DMA,60,above 200DMA; above 50DMA; 200DMA rising,False,48.75,35.26,14.7,27.67,1.47,200DMA RECOVERY,,0.44762138,-24.16,,461393408.0,,,-5.376,-16.479999,109.406,,,,-0.2,,,0.0,29.25,False
1152,KRBL,2026-09-30,381.6,364.16,395.02,4.79,True,False,False,True,38.72,0.62,452.8,274.65,-15.72,38.94,20,NORMAL,above 200DMA,,,,0,0,NOT A RECOVERY,False,,443.9,2025-11-17,-14.03,False,False,20,ABOVE 200DMA,above 200DMA,40,above 200DMA; 50DMA > 200DMA,False,29.0,407.97,6.91,343.44,0.69,ABOVE 200DMA,,,,,,,,,,,,,,,,,,29.0,False
1153,JOCIL,2026-09-30,146.86,138.22,148.5,6.25,True,False,False,True,47.99,0.48,175.12,91.25,-16.14,60.94,20,NORMAL,above 200DMA,,,,0,0,NOT A RECOVERY,False,,177.8,2025-08-05,-17.4,False,False,20,ABOVE 200DMA,above 200DMA,40,above 200DMA; 50DMA > 200DMA,False,29.0,164.59,12.07,132.17,1.21,ABOVE 200DMA,,,,,,,,,,,,,,,,,,29.0,False
1154,HIKAL,2026-09-30,217.89,206.06,219.94,5.74,True,False,False,True,48.14,0.11,261.0,146.25,-16.52,48.98,20,NORMAL,above 200DMA,,,,0,0,NOT A RECOVERY,False,,259.95,2025-12-10,-16.18,False,False,20,ABOVE 200DMA,above 200DMA,40,above 200DMA; 50DMA > 200DMA,False,29.0,241.18,10.69,196.1,1.07,ABOVE 200DMA,,,,,,,,,,,,,,,,,,29.0,False
1155,INDIGO,2026-09-30,4984.0,4826.04,5109.87,3.27,True,False,False,True,49.71,1.11,5970.0,3895.2,-16.52,27.95,20,NORMAL,above 200DMA,,,,0,0,NOT A RECOVERY,False,,5508.0,2026-08-05,-9.51,False,False,20,ABOVE 200DMA,above 200DMA,40,above 200DMA; 50DMA > 200DMA,False,29.0,5199.5,4.32,4485.6,0.43,ABOVE 200DMA,,,,,,,,,,,,,,,,,,29.0,False
1156,TTKHLTCARE,2026-09-30,1023.0,964.59,1083.72,6.06,True,False,False,True,40.23,0.17,1247.0,735.0,-17.96,39.18,20,NORMAL,above 200DMA,,,,0,0,NOT A RECOVERY,False,,1594.95,2024-12-17,-35.86,False,False,20,ABOVE 200DMA,above 200DMA,40,above 200DMA; 50DMA > 200DMA,False,29.0,1093.66,6.91,920.7,0.69,ABOVE 200DMA,,,,,,,,,,,,,,,,,,29.0,False
1157,INDIGOPNTS,2026-09-30,1091.0,1017.6,1121.56,7.21,True,False,False,True,44.04,0.71,1345.9,708.05,-18.94,54.09,20,NORMAL,above 200DMA,,,,0,0,NOT A RECOVERY,False,,1345.9,2025-11-18,-18.94,False,False,20,ABOVE 200DMA,above 200DMA,40,above 200DMA; 50DMA > 200DMA,False,29.0,1160.66,6.38,981.9,0.64,ABOVE 200DMA,,,,,,,,,,,,,,,,,,29.0,False
1158,POLYMED,2026-09-30,1673.8,1568.86,1725.37,6.69,True,False,False,True,43.74,1.09,2094.3,1182.0,-20.08,41.61,20,NORMAL,above 200DMA,,,,0,0,NOT A RECOVERY,False,,2094.3,2025-11-11,-20.08,False,False,20,ABOVE 200DMA,above 200DMA,40,above 200DMA; 50DMA > 200DMA,False,29.0,1760.1,5.16,1506.42,0.52,ABOVE 200DMA,,,,,,,,,,,,,,,,,,29.0,False
1159,PATELRMART,2026-09-30,211.52,202.64,219.42,4.38,True,False,False,True,48.41,0.93,266.0,150.25,-20.48,40.78,20,NORMAL,above 200DMA,,,,0,0,NOT A RECOVERY,False,,246.78,2026-07-06,-14.29,False,False,20,ABOVE 200DMA,above 200DMA,40,above 200DMA; 50DMA > 200DMA,False,29.0,223.68,5.75,190.37,0.58,ABOVE 200DMA,,,,,,,,,,,,,,,,,,29.0,False
1160,KRISHIVAL,2026-09-30,401.85,369.93,403.15,8.63,True,False,False,True,42.19,0.59,508.0,282.3,-20.9,42.35,20,NORMAL,above 200DMA,,,,0,0,NOT A RECOVERY,False,,488.0,2025-12-01,-17.65,False,False,20,ABOVE 200DMA,above 200DMA,40,above 200DMA; 50DMA > 200DMA,False,29.0,416.51,3.65,361.67,0.36,ABOVE 200DMA,,,,,,,,,,,,,,,,,,29.0,False
1161,FIVESTAR,2026-09-30,516.85,486.94,535.28,6.14,True,False,False,True,45.82,0.88,666.0,338.15,-22.39,52.85,20,NORMAL,above 200DMA,,,,0,0,NOT A RECOVERY,False,,666.0,2025-10-31,-22.39,False,False,20,ABOVE 200DMA,above 200DMA,40,above 200DMA; 50DMA > 200DMA,False,29.0,559.18,8.19,465.16,0.82,ABOVE 200DMA,,,,,,,,,,,,,,,,,,29.0,False
1162,NIITLTD,2026-09-30,86.17,83.12,94.66,3.67,True,False,False,True,36.7,0.69,111.1,49.0,-22.44,75.86,20,NORMAL,above 200DMA,,,,0,0,NOT A RECOVERY,False,,114.41,2025-09-18,-24.68,False,False,20,ABOVE 200DMA,above 200DMA,40,above 200DMA; 50DMA > 200DMA,False,29.0,92.22,7.02,77.55,0.7,ABOVE 200DMA,,,,,,,,,,,,,,,,,,29.0,False
1163,SIMPLEXINF,2026-09-30,245.5,233.82,250.95,5.0,True,False,False,True,43.83,0.78,318.0,137.0,-22.8,79.2,20,NORMAL,above 200DMA,,,,0,0,NOT A RECOVERY,False,,318.0,2025-11-18,-22.8,False,False,20,ABOVE 200DMA,above 200DMA,40,above 200DMA; 50DMA > 200DMA,False,29.0,267.05,8.78,220.95,0.88,ABOVE 200DMA,,,,,,,,,,,,,,,,,,29.0,False
1164,JKIPL,2026-09-30,97.7,87.06,99.38,12.22,True,False,False,True,47.79,0.28,126.95,45.4,-23.04,115.2,20,NORMAL,above 200DMA,,,,0,0,NOT A RECOVERY,False,,,,,False,False,20,ABOVE 200DMA,above 200DMA,40,above 200DMA; 50DMA > 200DMA,False,29.0,105.87,8.37,87.93,0.84,ABOVE 200DMA,,,,,,,,,,,,,,,,,,29.0,False
1165,SHIVATEX,2026-09-30,166.87,161.86,168.35,3.09,True,False,False,True,42.71,0.1,217.92,126.06,-23.43,32.37,20,NORMAL,above 200DMA,,,,0,0,NOT A RECOVERY,False,,197.0,2026-02-03,-15.29,False,False,20,ABOVE 200DMA,above 200DMA,40,above 200DMA; 50DMA > 200DMA,False,29.0,184.63,10.65,150.18,1.06,ABOVE 200DMA,,,,,,,,,,,,,,,,,,29.0,False
1166,PWL,2026-09-30,123.48,116.01,126.03,6.44,True,False,False,True,43.38,0.46,161.99,77.72,-23.77,58.88,20,NORMAL,above 200DMA,,,,0,0,NOT A RECOVERY,False,,,,,False,False,20,ABOVE 200DMA,above 200DMA,40,above 200DMA; 50DMA > 200DMA,False,29.0,134.5,8.92,111.13,0.89,ABOVE 200DMA,,,,,,,,,,,,,,,,,,29.0,False
1167,LAXMIINDIA,2026-09-30,121.1,112.2,127.84,7.93,True,False,False,True,45.23,0.3,159.59,71.06,-24.12,70.42,20,NORMAL,above 200DMA,,,,0,0,NOT A RECOVERY,False,,159.59,2025-10-29,-24.12,False,False,20,ABOVE 200DMA,above 200DMA,40,above 200DMA; 50DMA > 200DMA,False,29.0,132.97,9.8,108.99,0.98,ABOVE 200DMA,,,,,,,,,,,,,,,,,,29.0,False
1168,JUSTDIAL,2026-09-30,666.15,619.46,686.24,7.54,True,False,False,True,46.08,1.09,878.6,480.5,-24.18,38.64,20,NORMAL,above 200DMA,,,,0,0,NOT A RECOVERY,False,,,,,False,False,20,ABOVE 200DMA,above 200DMA,40,above 200DMA; 50DMA > 200DMA,False,29.0,705.49,5.91,599.54,0.59,ABOVE 200DMA,,,,,,,,,,,,,,,,,,29.0,False
1169,JUBLCPL,2026-09-30,2061.2,1959.61,2074.38,5.18,True,False,False,True,45.51,0.57,2753.1,1460.0,-25.13,41.18,20,NORMAL,above 200DMA,,,,0,0,NOT A RECOVERY,False,,2753.1,2025-11-10,-25.13,False,False,20,ABOVE 200DMA,above 200DMA,40,above 200DMA; 50DMA > 200DMA,False,29.0,2267.7,10.02,1855.08,1.0,ABOVE 200DMA,,,,,,,,,,,,,,,,,,29.0,False
1170,DIXON,2026-09-30,13100.0,12097.7,13975.32,8.29,True,False,False,True,39.75,0.84,17505.0,9600.0,-25.16,36.46,20,NORMAL,above 200DMA,,,,0,0,NOT A RECOVERY,False,,18471.0,2025-09-25,-29.08,False,False,20,ABOVE 200DMA,above 200DMA,40,above 200DMA; 50DMA > 200DMA,False,29.0,13810.29,5.42,11790.0,0.54,ABOVE 200DMA,,,,,,,,,,,,,,,,,,29.0,False
1171,LAL,2026-09-30,8.42,8.06,8.72,4.46,True,False,False,True,42.32,0.1,11.43,5.56,-26.33,51.44,20,NORMAL,above 200DMA,,,,0,0,NOT A RECOVERY,False,,11.02,2026-01-07,-23.59,False,False,20,ABOVE 200DMA,above 200DMA,40,above 200DMA; 50DMA > 200DMA,False,29.0,9.48,12.54,7.58,1.25,ABOVE 200DMA,,,,,,,,,,,,,,,,,,29.0,False
1172,RADHIKAJWE,2026-09-30,70.23,66.07,71.77,6.3,True,False,False,True,45.62,0.05,97.5,50.01,-27.97,40.43,20,NORMAL,above 200DMA,,,,0,0,NOT A RECOVERY,False,,85.06,2026-01-08,-17.43,False,False,20,ABOVE 200DMA,above 200DMA,40,above 200DMA; 50DMA > 200DMA,False,29.0,78.08,11.18,63.21,1.12,ABOVE 200DMA,,,,,,,,,,,,,,,,,,29.0,False
1173,21STCENMGM,2026-09-30,38.67,37.43,40.58,3.32,True,False,False,True,41.74,0.3,53.79,28.25,-28.11,36.88,20,NORMAL,above 200DMA,,,,0,0,NOT A RECOVERY,False,,,,,False,False,20,ABOVE 200DMA,above 200DMA,40,above 200DMA; 50DMA > 200DMA,False,29.0,40.64,5.1,34.8,0.51,ABOVE 200DMA,,,,,,,,,,,,,,,,,,29.0,False
1174,LANDMARK,2026-09-30,475.7,442.79,513.37,7.43,True,False,False,True,41.89,0.99,662.0,339.5,-28.14,40.12,20,NORMAL,above 200DMA,,,,0,0,NOT A RECOVERY,False,,662.8,2025-09-18,-28.23,False,False,20,ABOVE 200DMA,above 200DMA,40,above 200DMA; 50DMA > 200DMA,False,29.0,524.39,10.24,428.13,1.02,ABOVE 200DMA,,,,,,,,,,,,,,,,,,29.0,False
1175,SIGACHI,2026-09-30,28.8,24.87,29.9,15.8,True,False,False,True,41.18,0.3,40.85,16.65,-29.5,72.97,20,NORMAL,above 200DMA,,,,0,0,NOT A RECOVERY,False,,40.8,2025-12-01,-29.41,False,False,20,ABOVE 200DMA,above 200DMA,40,above 200DMA; 50DMA > 200DMA,False,29.0,33.01,14.62,25.92,1.46,ABOVE 200DMA,,,,,,,,,,,,,,,,,,29.0,False
1176,SAPPHIRE,2026-09-30,212.08,199.66,221.68,6.22,True,False,False,True,37.43,0.54,310.5,139.91,-31.7,51.58,20,NORMAL,above 200DMA,,,,0,0,NOT A RECOVERY,False,,374.65,2025-01-06,-43.39,False,False,20,ABOVE 200DMA,above 200DMA,40,above 200DMA; 50DMA > 200DMA,False,29.0,229.19,8.07,190.87,0.81,ABOVE 200DMA,,,,,,,,,,,,,,,,,,29.0,False
1177,MOL,2026-09-30,56.31,54.12,59.84,4.05,True,False,False,True,37.48,0.39,85.35,36.5,-34.02,54.27,20,NORMAL,above 200DMA,,,,0,0,NOT A RECOVERY,False,,106.3,2025-07-30,-47.03,False,False,20,ABOVE 200DMA,above 200DMA,40,above 200DMA; 50DMA > 200DMA,False,29.0,61.48,9.19,50.68,0.92,ABOVE 200DMA,,,,,,,,,,,,,,,,,,29.0,False
1178,RAMCOSYS,2026-09-30,554.6,536.88,594.47,3.3,True,False,False,True,40.47,0.67,967.5,342.1,-42.68,62.12,20,NORMAL,above 200DMA,,,,0,0,NOT A RECOVERY,False,,682.35,2025-12-12,-18.72,False,False,20,ABOVE 200DMA,above 200DMA,40,above 200DMA; 50DMA > 200DMA,False,29.0,594.07,7.12,499.14,0.71,ABOVE 200DMA,,,,,,,,,,,,,,,,,,29.0,False
1179,TVSELECT,2026-09-30,416.15,440.38,441.0,-5.5,False,False,False,True,52.47,16.89,739.35,336.2,-43.71,23.78,20,NORMAL,healthy RSI; volume confirmation,,,,0,0,NOT A RECOVERY,False,,663.95,2025-11-19,-37.32,False,False,20,NORMAL,RSI >=50; volume >=1.2x,40,50DMA > 200DMA; RSI >=50; volume >=1.2x,False,29.0,451.61,8.52,374.53,0.85,NORMAL,,,,,,,,,,,,,,,,,,29.0,False
1180,ALLCARGO,2026-09-30,10.13,9.48,10.69,6.84,True,False,False,True,37.41,0.75,36.55,7.11,-72.28,42.48,20,NORMAL,above 200DMA,,,,0,0,NOT A RECOVERY,False,,38.34,2025-07-17,-73.58,False,False,20,ABOVE 200DMA,above 200DMA,40,above 200DMA; 50DMA > 200DMA,False,29.0,11.13,9.91,9.12,0.99,ABOVE 200DMA,,,,,,,,,,,,,,,,,,29.0,False
549,DWARKESH,2026-09-30,42.66,41.86,44.71,1.92,True,False,True,True,44.68,0.54,59.9,32.13,-28.78,32.77,30,NORMAL,above 200DMA; 200DMA rising,2026-09-24,40.47,5.41,65,65,RECOVERY WATCH,True,at/above 200DMA; moving toward 200DMA; recovery >=5%,59.9,2026-08-24,-28.78,False,False,20,ABOVE 200DMA,above 200DMA,60,above 200DMA; 200DMA rising; 50DMA > 200DMA,False,41.5,46.59,9.21,38.39,0.92,200DMA RECOVERY,53.794872,0.93824065,0.78,23.0,7775249408.0,,,-9.308,1.0699999999999998,40.6,,,,-11.700000000000001,,,10.0,28.9,False
682,SHIVAMILLS,2026-09-30,58.14,59.36,61.03,-2.05,False,False,False,True,42.43,0.41,74.0,43.01,-21.43,35.18,0,NORMAL,,2026-09-30,58.0,0.24,25,25,NEAR 200DMA,True,within 3% of 200DMA; above breakdown low,70.0,2026-05-11,-16.94,False,False,0,NORMAL,,15,50DMA > 200DMA,False,6.75,64.44,10.83,52.33,1.08,200DMA RECOVERY,14.547558,0.52871543,3.89,,489039904.0,,,7.583000500000001,2.408,,,,,1.4000000000000001,,,60.0,28.05,False
711,TSFINV,2026-09-30,417.15,419.27,430.51,-0.51,False,False,False,True,38.92,0.57,701.5,331.7,-40.53,25.76,0,NORMAL,,2026-09-30,415.9,0.3,55,55,RECOVERY WATCH,True,at/above 200DMA; moving toward 200DMA; above breakdown low,493.45,2026-07-14,-15.46,False,False,0,NORMAL,,15,50DMA > 200DMA,False,6.75,445.2,6.72,375.43,0.67,200DMA RECOVERY,18.682648,1.5062712,21.9,304.0,90296066048.0,,,21.997,44.553003000000004,3.85,,,,70.89999999999999,-22.3,-22.3,60.0,28.05,False
510,VGL,2026-09-30,64.05,63.96,61.05,0.14,True,True,False,False,51.77,0.15,84.85,43.7,-24.51,46.57,45,NORMAL,above 200DMA; above 50DMA; healthy RSI,2026-06-23,51.35,24.73,95,95,STRONG RETEST,True,at/above 200DMA; moving toward 200DMA; recovery >=10%; above 50DMA; RSI >=50,84.85,2025-10-03,-24.51,False,False,40,ABOVE 200DMA,above 200DMA; above 50DMA; RSI >=50,50,above 200DMA; above 50DMA; RSI >=50,False,46.25,73.2,14.28,57.65,1.43,200DMA RECOVERY,,4.222817,-3.77,,3251974912.0,,,-90.75800000000001,-27.356002,3.735,,,,,,,0.0,27.75,False
515,TRACXN,2026-09-30,32.91,32.68,30.33,0.71,True,True,False,False,63.02,0.62,55.9,25.39,-41.13,29.62,45,NORMAL,above 200DMA; above 50DMA; healthy RSI,2026-09-24,31.6,4.15,80,80,STRONG RETEST,True,at/above 200DMA; moving toward 200DMA; above breakdown low; above 50DMA; RSI >=50,40.68,2026-02-10,-19.1,False,False,40,ABOVE 200DMA,above 200DMA; above 50DMA; RSI >=50,50,above 200DMA; above 50DMA; RSI >=50,False,46.25,35.87,8.99,29.62,0.9,200DMA RECOVERY,,6.4411945,-1.11,,3391545600.0,,,-20.346001,-14.335,,,,,-0.6,,,0.0,27.75,False
613,SYSTMTXC,2026-09-30,75.46,76.45,63.78,-1.3,False,True,False,False,67.77,0.25,177.9,51.89,-57.58,45.42,25,NORMAL,above 50DMA; healthy RSI,2026-09-25,75.01,0.6,70,70,RECOVERY WATCH,True,within 3% of 200DMA; moving toward 200DMA; above breakdown low; above 50DMA; RSI >=50,118.39,2026-01-08,-36.26,False,False,20,NORMAL,above 50DMA; RSI >=50,25,above 50DMA; RSI >=50,False,24.0,78.6,4.16,67.91,0.42,200DMA RECOVERY,,3.2302585,-0.12,13.0,10113792000.0,,,-5.3400002,-0.9299999999999999,6.082,,,,53.300000000000004,,,33.0,27.6,False
658,SALONA,2026-09-30,260.7,263.85,259.88,-1.19,False,True,False,False,45.85,0.16,320.0,200.0,-18.53,30.35,15,NORMAL,above 50DMA,2026-09-30,256.0,1.84,40,40,NEAR 200DMA,True,within 3% of 200DMA; above breakdown low; above 50DMA,320.0,2026-06-02,-18.53,False,False,10,NORMAL,above 50DMA,15,above 50DMA,False,14.0,289.05,10.87,234.63,1.09,200DMA RECOVERY,58.471268,1.6004305,4.35,23.0,1338491520.0,,,4.191000000000001,0.361,226.372,,,,25.1,47.4,47.4,48.0,27.6,False
676,V2RETAIL,2026-09-30,208.74,214.5,217.89,-2.69,False,False,False,True,37.91,0.95,259.25,172.03,-19.48,21.34,0,NORMAL,,2026-09-28,207.0,0.84,25,25,NEAR 200DMA,True,within 3% of 200DMA; above breakdown low,259.25,2026-06-04,-19.48,False,False,0,NORMAL,,15,50DMA > 200DMA,False,6.75,218.81,4.83,187.87,0.48,200DMA RECOVERY,40.1976,8.138285,5.01,,73434349568.0,,,7.580000000000001,5.223,110.224,,,,57.699999999999996,61.3,61.3,56.0,26.45,False
709,AVG,2026-09-30,167.23,170.36,185.42,-1.84,False,False,False,True,42.49,0.8,264.43,116.66,-36.76,43.35,0,NORMAL,,2026-09-15,160.0,4.52,25,25,NEAR 200DMA,True,within 3% of 200DMA; above breakdown low,234.55,2026-07-06,-28.7,False,False,0,NORMAL,,15,50DMA > 200DMA,False,6.75,183.15,9.52,150.51,0.95,200DMA RECOVERY,9.410431,0.9222222,17.64,72.0,3105540608.0,,,10.358,4.912,81.0,,,,6.0,23.400000000000002,23.400000000000002,56.0,26.45,False
597,SWELECTES,2026-09-30,597.9,599.29,601.08,-0.23,False,False,False,True,55.52,1.77,977.0,483.1,-38.8,23.76,20,NORMAL,healthy RSI; volume confirmation,2026-08-19,533.1,12.16,90,90,STRONG RETEST,True,at/above 200DMA; moving toward 200DMA; recovery >=10%; volume >=1.2x; RSI >=50,716.9,2025-11-27,-16.6,False,False,20,NORMAL,RSI >=50; volume >=1.2x,40,50DMA > 200DMA; RSI >=50; volume >=1.2x,False,29.0,646.73,8.17,538.11,0.82,200DMA RECOVERY,21.607143,0.97570527,27.44,59.0,9211436032.0,,,12.019,6.8280004000000005,83.572,,,,-26.200000000000003,-66.7,-66.7,22.0,26.2,False
628,NSLNISP,2026-09-30,41.32,42.42,43.16,-2.59,False,False,True,True,41.26,1.0,53.75,33.01,-23.13,25.17,10,NORMAL,200DMA rising,2026-09-25,41.15,0.41,25,25,NEAR 200DMA,True,within 3% of 200DMA; above breakdown low,53.75,2026-06-02,-23.13,False,False,0,NORMAL,,35,200DMA rising; 50DMA > 200DMA,False,19.25,44.06,6.63,37.19,0.66,200DMA RECOVERY,146.25,0.90917164,0.28,,120008310784.0,,,4.299,0.6,35.019,,,,8.799999999999999,111.1,111.1,36.0,25.95,False
679,GANESHHOU,2026-09-30,719.0,730.53,775.1,-1.58,False,False,False,True,37.2,1.05,899.7,500.0,-20.08,43.8,0,NORMAL,,2026-09-28,702.35,2.37,45,45,NEAR 200DMA,True,within 3% of 200DMA; moving toward 200DMA; above breakdown low,889.25,2026-07-13,-19.15,False,False,0,NORMAL,,15,50DMA > 200DMA,False,6.75,762.24,6.01,647.1,0.6,200DMA RECOVERY,21.998112,2.500286,31.78,21.0,58295910400.0,,,38.744,41.397,13.079,,,,85.6,-54.900000000000006,-54.900000000000006,54.0,25.65,False
693,EIEL,2026-09-30,189.62,193.63,204.06,-2.07,False,False,False,True,37.9,0.28,257.66,134.71,-26.41,40.76,0,NORMAL,,2026-09-28,188.0,0.86,45,45,NEAR 200DMA,True,within 3% of 200DMA; moving toward 200DMA; above breakdown low,247.4,2026-07-03,-23.35,False,False,0,NORMAL,,15,50DMA > 200DMA,False,6.75,202.79,6.94,170.66,0.69,200DMA RECOVERY,17.864077,2.6183598,10.3,,32297519104.0,,,18.648,14.310998999999999,34.127,,,,49.1,-5.0,-5.0,54.0,25.65,False
631,BHAGCHEM,2026-09-30,238.55,242.91,268.29,-1.8,False,False,True,True,28.7,1.14,316.9,170.6,-24.72,39.83,10,NORMAL,200DMA rising,2026-09-28,235.05,1.49,45,45,NEAR 200DMA,True,within 3% of 200DMA; moving toward 200DMA; above breakdown low,316.9,2026-08-03,-24.72,False,False,0,NORMAL,,35,200DMA rising; 50DMA > 200DMA,False,19.25,252.38,5.8,214.7,0.58,200DMA RECOVERY,111.39151,4.3850036,2.12,6.0,30621351936.0,,,11.378,4.533,33.579,,,,57.599999999999994,,,35.0,25.55,False
633,HTMEDIA,2026-09-30,23.02,23.26,25.56,-1.02,False,False,True,True,38.07,0.57,31.3,17.52,-26.45,31.39,10,NORMAL,200DMA rising,2026-09-30,22.92,0.44,45,45,NEAR 200DMA,True,within 3% of 200DMA; moving toward 200DMA; above breakdown low,31.3,2026-08-05,-26.45,False,False,0,NORMAL,,35,200DMA rising; 50DMA > 200DMA,False,19.25,25.78,12.0,20.72,1.2,200DMA RECOVERY,11.134328,0.31759995,2.01,,5176942592.0,,,2.4539999999999997,-0.54400004,38.15,,,,6.1,,,35.0,25.55,False
666,CARRARO,2026-09-30,527.5,532.53,531.7,-0.94,False,False,False,False,47.24,3.11,667.55,416.0,-20.98,26.8,10,NORMAL,volume confirmation,2026-09-28,515.0,2.43,65,65,RECOVERY WATCH,True,at/above 200DMA; moving toward 200DMA; above breakdown low; volume >=1.2x,667.55,2026-04-16,-20.98,False,False,10,NORMAL,volume >=1.2x,15,volume >=1.2x,False,12.25,557.98,5.78,474.75,0.58,200DMA RECOVERY,22.169447,5.216997,23.37,128.0,29454780416.0,,,5.968,5.757000000000001,27.433,,,,10.5,7.8,7.8,44.0,24.95,False
552,OLAELEC,2026-09-30,36.92,36.02,38.49,2.5,True,False,True,True,44.49,0.6,58.65,22.25,-37.05,65.93,30,NORMAL,above 200DMA; 200DMA rising,2026-07-22,36.02,2.5,35,35,NEAR 200DMA,True,at/above 200DMA; above breakdown low,51.85,2025-11-03,-28.79,False,False,20,ABOVE 200DMA,above 200DMA,60,above 200DMA; 200DMA rising; 50DMA > 200DMA,False,41.5,40.94,10.9,33.23,1.09,200DMA RECOVERY,,4.8963428,-3.94,,163844685824.0,,,-64.176005,-92.606,82.453,,,,-45.0,,,0.0,24.9,False
553,ABMINTLLTD,2026-09-30,45.2,44.85,50.66,0.78,True,False,True,True,32.02,0.17,72.8,34.0,-37.91,32.94,30,NORMAL,above 200DMA; 200DMA rising,2026-07-31,41.36,9.28,65,65,RECOVERY WATCH,True,at/above 200DMA; moving toward 200DMA; recovery >=5%,62.85,2026-02-11,-28.08,False,False,20,ABOVE 200DMA,above 200DMA,60,above 200DMA; 200DMA rising; 50DMA > 200DMA,False,41.5,46.41,2.69,40.68,0.27,200DMA RECOVERY,,3.490617,-1.45,,425241600.0,,,5.992999999999999,-2.7209999,72.831,,,,-26.900000000000002,,,0.0,24.9,False
696,IVC,2026-09-30,7.8,7.93,8.47,-1.65,False,False,False,True,37.89,0.79,10.99,6.02,-29.03,29.57,0,NORMAL,,2026-09-15,7.56,3.17,25,25,NEAR 200DMA,True,within 3% of 200DMA; above breakdown low,10.99,2026-09-03,-29.03,False,False,0,NORMAL,,15,50DMA > 200DMA,False,6.75,8.53,9.3,7.02,0.93,200DMA RECOVERY,52.066666,1.2969114,0.15,1538.0,2452595712.0,,,3.8379999999999996,7.374,,,,,14.099999999999998,100.0,100.0,52.0,24.85,False
1181,TATASTEEL,2026-09-30,184.3,194.5,186.18,-5.24,False,False,True,False,46.58,1.3,224.4,160.06,-17.87,15.14,20,NORMAL,200DMA rising; volume confirmation,,,,0,0,NOT A RECOVERY,False,,224.4,2026-05-15,-17.87,False,False,10,NORMAL,volume >=1.2x,35,200DMA rising; volume >=1.2x,False,24.75,192.52,4.46,165.87,0.45,NORMAL,,,,,,,,,,,,,,,,,,24.75,False
1182,LUPIN,2026-09-30,2030.2,2260.79,2208.85,-10.2,False,False,True,False,31.39,1.67,2529.5,1900.0,-19.74,6.85,20,NORMAL,200DMA rising; volume confirmation,,,,0,0,NOT A RECOVERY,False,,2529.5,2026-07-16,-19.74,False,False,10,NORMAL,volume >=1.2x,35,200DMA rising; volume >=1.2x,False,24.75,2107.29,3.8,1827.18,0.38,NORMAL,,,,,,,,,,,,,,,,,,24.75,False
1183,TIMKEN,2026-09-30,3136.0,3291.16,3188.63,-4.71,False,False,True,False,46.14,1.94,3925.0,2800.5,-20.1,11.98,20,NORMAL,200DMA rising; volume confirmation,,,,0,0,NOT A RECOVERY,False,,3925.0,2026-06-22,-20.1,False,False,10,NORMAL,volume >=1.2x,35,200DMA rising; volume >=1.2x,False,24.75,3351.83,6.88,2822.4,0.69,NORMAL,,,,,,,,,,,,,,,,,,24.75,False
1184,LINDEINDIA,2026-09-30,6323.0,6739.96,6538.24,-6.19,False,False,True,False,49.07,1.26,8049.0,5673.0,-21.44,11.46,20,NORMAL,200DMA rising; volume confirmation,,,,0,0,NOT A RECOVERY,False,,8049.0,2026-05-07,-21.44,False,False,10,NORMAL,volume >=1.2x,35,200DMA rising; volume >=1.2x,False,24.75,6601.21,4.4,5690.7,0.44,NORMAL,,,,,,,,,,,,,,,,,,24.75,False
1185,NMDC,2026-09-30,76.54,84.16,83.63,-9.05,False,False,True,False,31.42,1.35,97.49,72.24,-21.49,5.95,20,NORMAL,200DMA rising; volume confirmation,,,,0,0,NOT A RECOVERY,False,,97.49,2026-06-03,-21.49,False,False,10,NORMAL,volume >=1.2x,35,200DMA rising; volume >=1.2x,False,24.75,80.01,4.53,68.89,0.45,NORMAL,,,,,,,,,,,,,,,,,,24.75,False
1186,NLCINDIA,2026-09-30,261.7,284.98,276.42,-8.17,False,False,True,False,42.75,1.31,387.8,230.0,-32.52,13.78,20,NORMAL,200DMA rising; volume confirmation,,,,0,0,NOT A RECOVERY,False,,387.8,2026-05-14,-32.52,False,False,10,NORMAL,volume >=1.2x,35,200DMA rising; volume >=1.2x,False,24.75,274.48,4.88,235.53,0.49,NORMAL,,,,,,,,,,,,,,,,,,24.75,False
1187,S&SPOWER,2026-09-30,298.15,333.4,322.58,-10.57,False,False,True,False,37.57,3.26,444.95,193.5,-32.99,54.08,20,NORMAL,200DMA rising; volume confirmation,,,,0,0,NOT A RECOVERY,False,,444.95,2026-04-28,-32.99,False,False,10,NORMAL,volume >=1.2x,35,200DMA rising; volume >=1.2x,False,24.75,334.82,12.3,268.33,1.23,NORMAL,,,,,,,,,,,,,,,,,,24.75,False
1188,BORANA,2026-09-30,278.2,329.5,313.33,-15.57,False,False,True,False,32.23,2.02,420.0,215.35,-33.76,29.19,20,NORMAL,200DMA rising; volume confirmation,,,,0,0,NOT A RECOVERY,False,,420.0,2026-02-26,-33.76,False,False,10,NORMAL,volume >=1.2x,35,200DMA rising; volume >=1.2x,False,24.75,302.39,8.69,250.38,0.87,NORMAL,,,,,,,,,,,,,,,,,,24.75,False
1189,GEMAROMA,2026-09-30,161.0,170.75,170.12,-5.71,False,False,True,False,49.14,1.39,263.68,133.0,-38.94,21.05,20,NORMAL,200DMA rising; volume confirmation,,,,0,0,NOT A RECOVERY,False,,228.0,2026-07-08,-29.39,False,False,10,NORMAL,volume >=1.2x,35,200DMA rising; volume >=1.2x,False,24.75,174.28,8.25,144.9,0.82,NORMAL,,,,,,,,,,,,,,,,,,24.75,False
607,CCHHL,2026-09-30,13.0,13.28,12.73,-2.12,False,True,False,False,53.41,0.46,18.0,10.03,-27.78,29.61,25,NORMAL,above 50DMA; healthy RSI,2026-09-25,12.71,2.28,70,70,RECOVERY WATCH,True,within 3% of 200DMA; moving toward 200DMA; above breakdown low; above 50DMA; RSI >=50,16.35,2026-04-17,-20.49,False,False,20,NORMAL,above 50DMA; RSI >=50,25,above 50DMA; RSI >=50,False,24.0,14.24,9.51,11.7,0.95,200DMA RECOVERY,,0.71213204,-1.07,,2123406848.0,,,2.2190000000000003,-16.381999999999998,7.896,,,,-37.6,50.0,50.0,25.0,24.4,False
680,PGHL,2026-09-30,5563.0,5627.13,5867.43,-1.14,False,False,False,True,47.42,0.9,6975.0,4707.0,-20.24,18.19,0,NORMAL,,2026-09-30,5503.5,1.08,45,45,NEAR 200DMA,True,within 3% of 200DMA; moving toward 200DMA; above breakdown low,6975.0,2026-07-15,-20.24,False,False,0,NORMAL,,15,50DMA > 200DMA,False,6.75,5851.07,5.18,5006.7,0.52,200DMA RECOVERY,24.896652,16.961756,215.29,279.0,88972689408.0,,,25.729000000000003,24.905,1.771,,,,7.3999999999999995,-4.9,-4.9,50.0,24.05,False
692,BECTORFOOD,2026-09-30,206.74,207.28,228.48,-0.26,False,False,False,True,33.36,0.79,279.9,165.0,-26.14,25.3,0,NORMAL,,2026-09-30,205.3,0.7,55,55,RECOVERY WATCH,True,at/above 200DMA; moving toward 200DMA; above breakdown low,265.8,2026-08-19,-22.22,False,False,0,NORMAL,,15,50DMA > 200DMA,False,6.75,222.15,7.46,186.07,0.75,200DMA RECOVERY,44.01446,5.1603603,4.84,63.0,65336770560.0,,,8.411,7.019,15.011,,,,16.0,25.2,25.2,50.0,24.05,False
697,GATECHDVR,2026-09-30,0.47,0.47,0.49,-0.35,False,False,False,True,42.78,0.4,0.67,0.36,-29.85,30.56,0,NORMAL,,2026-09-28,0.46,2.17,55,55,RECOVERY WATCH,True,at/above 200DMA; moving toward 200DMA; above breakdown low,0.67,2026-05-12,-29.85,False,False,0,NORMAL,,15,50DMA > 200DMA,False,6.75,0.52,11.55,0.42,1.16,200DMA RECOVERY,9.2,0.5099778,0.05,,594507776.0,,,32.143003,33.102,,,,,-31.4,-67.60000000000001,-67.60000000000001,50.0,24.05,False
710,UTKARSHBNK,2026-09-30,13.76,13.95,14.39,-1.36,False,False,False,True,42.01,0.28,22.57,10.12,-39.03,35.97,0,NORMAL,,2026-09-24,13.26,3.77,25,25,NEAR 200DMA,True,within 3% of 200DMA; above breakdown low,16.49,2026-09-08,-16.56,False,False,0,NORMAL,,15,50DMA > 200DMA,False,6.75,14.63,6.33,12.38,0.63,200DMA RECOVERY,,0.8582567,-6.39,,23899004928.0,,,-10.515001,-146.14199000000002,,,,,234.7,,,50.0,24.05,False
1190,JAGRAN,2026-09-30,62.3,65.25,62.26,-4.52,False,True,False,False,50.68,0.63,78.9,59.5,-21.04,4.71,25,NORMAL,above 50DMA; healthy RSI,,,,0,0,NOT A RECOVERY,False,,78.9,2026-06-03,-21.04,False,False,20,NORMAL,above 50DMA; RSI >=50,25,above 50DMA; RSI >=50,False,24.0,64.38,3.34,56.07,0.33,NORMAL,,,,,,,,,,,,,,,,,,24.0,False
1191,RHIM,2026-09-30,384.85,402.74,383.62,-4.44,False,True,False,False,54.45,0.44,508.3,323.05,-24.29,19.13,25,NORMAL,above 50DMA; healthy RSI,,,,0,0,NOT A RECOVERY,False,,499.6,2026-01-07,-22.97,False,False,20,NORMAL,above 50DMA; RSI >=50,25,above 50DMA; RSI >=50,False,24.0,408.45,6.13,346.37,0.61,NORMAL,,,,,,,,,,,,,,,,,,24.0,False
1192,RADAAN,2026-09-30,3.0,3.1,3.0,-3.14,False,True,False,False,52.44,0.42,3.99,2.35,-24.81,27.66,25,NORMAL,above 50DMA; healthy RSI,,,,0,0,NOT A RECOVERY,False,,3.79,2026-01-05,-20.84,False,False,20,NORMAL,above 50DMA; RSI >=50,25,above 50DMA; RSI >=50,False,24.0,3.46,15.48,2.7,1.55,NORMAL,,,,,,,,,,,,,,,,,,24.0,False
1193,CONTROLPR,2026-09-30,607.35,631.56,586.56,-3.83,False,True,False,False,57.27,0.46,829.7,517.0,-26.8,17.48,25,NORMAL,above 50DMA; healthy RSI,,,,0,0,NOT A RECOVERY,False,,810.0,2025-10-10,-25.02,False,False,20,NORMAL,above 50DMA; RSI >=50,25,above 50DMA; RSI >=50,False,24.0,639.74,5.33,546.61,0.53,NORMAL,,,,,,,,,,,,,,,,,,24.0,False
1194,TECHNOE,2026-09-30,1008.75,1071.85,992.97,-5.89,False,True,False,False,53.43,0.96,1389.6,870.0,-27.41,15.95,25,NORMAL,above 50DMA; healthy RSI,,,,0,0,NOT A RECOVERY,False,,1575.0,2025-09-03,-35.95,False,False,20,NORMAL,above 50DMA; RSI >=50,25,above 50DMA; RSI >=50,False,24.0,1077.94,6.86,907.88,0.69,NORMAL,,,,,,,,,,,,,,,,,,24.0,False
1195,PFS,2026-09-30,29.08,30.12,27.72,-3.46,False,True,False,False,65.7,1.08,40.5,23.85,-28.2,21.93,25,NORMAL,above 50DMA; healthy RSI,,,,0,0,NOT A RECOVERY,False,,44.2,2025-06-12,-34.21,False,False,20,NORMAL,above 50DMA; RSI >=50,25,above 50DMA; RSI >=50,False,24.0,31.47,8.2,26.17,0.82,NORMAL,,,,,,,,,,,,,,,,,,24.0,False
1196,EKC,2026-09-30,108.9,112.44,107.81,-3.15,False,True,False,False,54.87,0.14,154.55,90.25,-29.54,20.66,25,NORMAL,above 50DMA; healthy RSI,,,,0,0,NOT A RECOVERY,False,,134.0,2026-06-22,-18.73,False,False,20,NORMAL,above 50DMA; RSI >=50,25,above 50DMA; RSI >=50,False,24.0,117.23,7.65,98.01,0.76,NORMAL,,,,,,,,,,,,,,,,,,24.0,False
1197,CROWN,2026-09-30,115.27,119.88,111.57,-3.85,False,True,False,False,52.25,0.46,163.86,100.11,-29.65,15.14,25,NORMAL,above 50DMA; healthy RSI,,,,0,0,NOT A RECOVERY,False,,158.6,2026-05-05,-27.32,False,False,20,NORMAL,above 50DMA; RSI >=50,25,above 50DMA; RSI >=50,False,24.0,130.13,12.89,103.74,1.29,NORMAL,,,,,,,,,,,,,,,,,,24.0,False
1198,ROML,2026-09-30,43.38,44.9,43.26,-3.38,False,True,False,False,55.74,0.49,62.0,35.11,-30.03,23.55,25,NORMAL,above 50DMA; healthy RSI,,,,0,0,NOT A RECOVERY,False,,73.8,2025-06-16,-41.22,False,False,20,NORMAL,above 50DMA; RSI >=50,25,above 50DMA; RSI >=50,False,24.0,46.15,6.39,39.04,0.64,NORMAL,,,,,,,,,,,,,,,,,,24.0,False
1199,GVKPIL,2026-09-30,2.56,2.76,2.33,-7.24,False,True,False,False,66.78,0.34,3.66,2.04,-30.05,25.49,25,NORMAL,above 50DMA; healthy RSI,,,,0,0,NOT A RECOVERY,False,,4.06,2025-09-19,-36.95,False,False,20,NORMAL,above 50DMA; RSI >=50,25,above 50DMA; RSI >=50,False,24.0,2.67,4.13,2.3,0.41,NORMAL,,,,,,,,,,,,,,,,,,24.0,False
1200,HMAAGRO,2026-09-30,23.92,24.13,21.83,-0.89,False,True,False,False,64.87,0.23,34.24,19.09,-30.14,25.3,25,NORMAL,above 50DMA; healthy RSI,,,,0,0,NOT A RECOVERY,False,,,,,False,False,20,NORMAL,above 50DMA; RSI >=50,25,above 50DMA; RSI >=50,False,24.0,26.52,10.89,21.53,1.09,NORMAL,,,,,,,,,,,,,,,,,,24.0,False
1201,CREATIVEYE,2026-09-30,6.12,6.55,6.09,-6.53,False,True,False,False,52.67,0.18,8.82,5.16,-30.61,18.6,25,NORMAL,above 50DMA; healthy RSI,,,,0,0,NOT A RECOVERY,False,,8.83,2025-09-16,-30.69,False,False,20,NORMAL,above 50DMA; RSI >=50,25,above 50DMA; RSI >=50,False,24.0,7.22,18.04,5.51,1.8,NORMAL,,,,,,,,,,,,,,,,,,24.0,False
1202,NIPPOBATRY,2026-09-30,327.4,346.75,325.74,-5.58,False,True,False,False,53.07,0.88,473.75,257.0,-30.89,27.39,25,NORMAL,above 50DMA; healthy RSI,,,,0,0,NOT A RECOVERY,False,,505.9,2025-09-04,-35.28,False,False,20,NORMAL,above 50DMA; RSI >=50,25,above 50DMA; RSI >=50,False,24.0,347.47,6.13,294.66,0.61,NORMAL,,,,,,,,,,,,,,,,,,24.0,False
1203,VSTTILLERS,2026-09-30,4390.0,4987.7,4347.65,-11.98,False,True,False,False,55.12,0.8,6374.0,3950.0,-31.13,11.14,25,NORMAL,above 50DMA; healthy RSI,,,,0,0,NOT A RECOVERY,False,,6374.0,2026-01-01,-31.13,False,False,20,NORMAL,above 50DMA; RSI >=50,25,above 50DMA; RSI >=50,False,24.0,4710.7,7.31,3951.0,0.73,NORMAL,,,,,,,,,,,,,,,,,,24.0,False
1204,RESPONIND,2026-09-30,165.38,173.28,163.05,-4.56,False,True,False,False,53.48,0.12,240.9,117.25,-31.35,41.05,25,NORMAL,above 50DMA; healthy RSI,,,,0,0,NOT A RECOVERY,False,,240.9,2026-07-20,-31.35,False,False,20,NORMAL,above 50DMA; RSI >=50,25,above 50DMA; RSI >=50,False,24.0,183.17,10.75,148.84,1.08,NORMAL,,,,,,,,,,,,,,,,,,24.0,False
1205,LCCINFOTEC,2026-09-30,4.02,4.53,3.81,-11.17,False,True,False,False,57.65,0.5,5.89,2.88,-31.75,39.58,25,NORMAL,above 50DMA; healthy RSI,,,,0,0,NOT A RECOVERY,False,,5.89,2026-01-09,-31.75,False,False,20,NORMAL,above 50DMA; RSI >=50,25,above 50DMA; RSI >=50,False,24.0,4.51,12.22,3.62,1.22,NORMAL,,,,,,,,,,,,,,,,,,24.0,False
1206,KALPATARU,2026-09-30,278.7,311.37,277.72,-10.49,False,True,False,False,54.27,0.88,410.7,250.0,-32.14,11.48,25,NORMAL,above 50DMA; healthy RSI,,,,0,0,NOT A RECOVERY,False,,429.3,2025-09-11,-35.08,False,False,20,NORMAL,above 50DMA; RSI >=50,25,above 50DMA; RSI >=50,False,24.0,303.0,8.72,250.83,0.87,NORMAL,,,,,,,,,,,,,,,,,,24.0,False
1207,WCIL,2026-09-30,93.16,100.36,88.85,-7.18,False,True,False,False,55.0,0.8,138.29,77.02,-32.63,20.96,25,NORMAL,above 50DMA; healthy RSI,,,,0,0,NOT A RECOVERY,False,,147.29,2025-09-22,-36.75,False,False,20,NORMAL,above 50DMA; RSI >=50,25,above 50DMA; RSI >=50,False,24.0,101.35,8.79,83.84,0.88,NORMAL,,,,,,,,,,,,,,,,,,24.0,False
1208,DEVX,2026-09-30,36.07,37.52,34.22,-3.86,False,True,False,False,59.5,0.37,54.16,29.95,-33.4,20.43,25,NORMAL,above 50DMA; healthy RSI,,,,0,0,NOT A RECOVERY,False,,,,,False,False,20,NORMAL,above 50DMA; RSI >=50,25,above 50DMA; RSI >=50,False,24.0,39.27,8.88,32.46,0.89,NORMAL,,,,,,,,,,,,,,,,,,24.0,False
1209,KRSNAA,2026-09-30,559.95,600.23,552.59,-6.71,False,True,False,False,53.87,0.3,848.1,515.0,-33.98,8.73,25,NORMAL,above 50DMA; healthy RSI,,,,0,0,NOT A RECOVERY,False,,894.4,2025-09-24,-37.39,False,False,20,NORMAL,above 50DMA; RSI >=50,25,above 50DMA; RSI >=50,False,24.0,601.08,7.35,503.96,0.73,NORMAL,,,,,,,,,,,,,,,,,,24.0,False
1210,COMPUSOFT,2026-09-30,13.48,13.85,13.26,-2.67,False,True,False,False,55.66,0.68,20.5,12.0,-34.24,12.33,25,NORMAL,above 50DMA; healthy RSI,,,,0,0,NOT A RECOVERY,False,,,,,False,False,20,NORMAL,above 50DMA; RSI >=50,25,above 50DMA; RSI >=50,False,24.0,14.61,8.41,12.13,0.84,NORMAL,,,,,,,,,,,,,,,,,,24.0,False
1211,GLOBE,2026-09-30,2.14,2.38,2.02,-10.06,False,True,False,False,58.27,0.43,3.29,1.75,-34.95,22.29,25,NORMAL,above 50DMA; healthy RSI,,,,0,0,NOT A RECOVERY,False,,3.29,2026-01-05,-34.95,False,False,20,NORMAL,above 50DMA; RSI >=50,25,above 50DMA; RSI >=50,False,24.0,2.42,13.02,1.93,1.3,NORMAL,,,,,,,,,,,,,,,,,,24.0,False
1212,PROSTARM,2026-09-30,134.66,144.91,133.85,-7.07,False,True,False,False,50.64,0.46,208.7,114.64,-35.48,17.46,25,NORMAL,above 50DMA; healthy RSI,,,,0,0,NOT A RECOVERY,False,,,,,False,False,20,NORMAL,above 50DMA; RSI >=50,25,above 50DMA; RSI >=50,False,24.0,146.42,8.74,121.19,0.87,NORMAL,,,,,,,,,,,,,,,,,,24.0,False
1213,DPWIRES,2026-09-30,163.89,171.57,159.42,-4.48,False,True,False,False,57.31,0.84,255.89,125.02,-35.95,31.09,25,NORMAL,above 50DMA; healthy RSI,,,,0,0,NOT A RECOVERY,False,,251.9,2025-10-27,-34.94,False,False,20,NORMAL,above 50DMA; RSI >=50,25,above 50DMA; RSI >=50,False,24.0,176.41,7.64,147.5,0.76,NORMAL,,,,,,,,,,,,,,,,,,24.0,False
1214,FEL,2026-09-30,0.38,0.42,0.38,-9.39,False,True,False,False,57.75,0.45,0.61,0.34,-37.7,11.76,25,NORMAL,above 50DMA; healthy RSI,,,,0,0,NOT A RECOVERY,False,,0.65,2025-09-17,-41.54,False,False,20,NORMAL,above 50DMA; RSI >=50,25,above 50DMA; RSI >=50,False,24.0,0.4,5.64,0.34,0.56,NORMAL,,,,,,,,,,,,,,,,,,24.0,False
1215,INTENTECH,2026-09-30,84.46,97.63,82.43,-13.49,False,True,False,False,57.16,1.06,145.0,66.3,-41.75,27.39,25,NORMAL,above 50DMA; healthy RSI,,,,0,0,NOT A RECOVERY,False,,149.9,2025-09-23,-43.66,False,False,20,NORMAL,above 50DMA; RSI >=50,25,above 50DMA; RSI >=50,False,24.0,92.45,9.47,76.01,0.95,NORMAL,,,,,,,,,,,,,,,,,,24.0,False
1216,DANGEE,2026-09-30,2.92,3.17,2.88,-8.01,False,True,False,False,52.47,0.2,5.08,2.54,-42.52,14.96,25,NORMAL,above 50DMA; healthy RSI,,,,0,0,NOT A RECOVERY,False,,4.65,2026-04-23,-37.2,False,False,20,NORMAL,above 50DMA; RSI >=50,25,above 50DMA; RSI >=50,False,24.0,3.32,13.7,2.63,1.37,NORMAL,,,,,,,,,,,,,,,,,,24.0,False
1217,SDBL,2026-09-30,78.17,80.94,72.26,-3.43,False,True,False,False,64.36,0.62,136.0,61.8,-42.52,26.49,25,NORMAL,above 50DMA; healthy RSI,,,,0,0,NOT A RECOVERY,False,,173.03,2025-06-27,-54.82,False,False,20,NORMAL,above 50DMA; RSI >=50,25,above 50DMA; RSI >=50,False,24.0,84.14,7.63,70.35,0.76,NORMAL,,,,,,,,,,,,,,,,,,24.0,False
1218,PEARLPOLY,2026-09-30,17.75,18.54,16.55,-4.24,False,True,False,False,56.13,0.51,31.5,12.75,-43.65,39.22,25,NORMAL,above 50DMA; healthy RSI,,,,0,0,NOT A RECOVERY,False,,24.3,2026-04-20,-26.95,False,False,20,NORMAL,above 50DMA; RSI >=50,25,above 50DMA; RSI >=50,False,24.0,19.44,9.5,15.97,0.95,NORMAL,,,,,,,,,,,,,,,,,,24.0,False
1219,RAJOOENG,2026-09-30,53.43,57.81,52.16,-7.57,False,True,False,False,51.54,0.82,95.06,46.0,-43.79,16.15,25,NORMAL,above 50DMA; healthy RSI,,,,0,0,NOT A RECOVERY,False,,,,,False,False,20,NORMAL,above 50DMA; RSI >=50,25,above 50DMA; RSI >=50,False,24.0,58.52,9.53,48.09,0.95,NORMAL,,,,,,,,,,,,,,,,,,24.0,False
1220,AKSHAR,2026-09-30,0.42,0.45,0.41,-6.86,False,True,False,False,57.58,1.04,0.76,0.36,-44.74,16.67,25,NORMAL,above 50DMA; healthy RSI,,,,0,0,NOT A RECOVERY,False,,0.76,2025-10-13,-44.74,False,False,20,NORMAL,above 50DMA; RSI >=50,25,above 50DMA; RSI >=50,False,24.0,0.45,7.48,0.38,0.75,NORMAL,,,,,,,,,,,,,,,,,,24.0,False
1221,SADBHIN,2026-09-30,2.6,2.96,2.58,-12.25,False,True,False,False,51.54,0.82,4.79,2.06,-45.72,26.21,25,NORMAL,above 50DMA; healthy RSI,,,,0,0,NOT A RECOVERY,False,,5.7,2025-06-16,-54.39,False,False,20,NORMAL,above 50DMA; RSI >=50,25,above 50DMA; RSI >=50,False,24.0,2.84,9.23,2.34,0.92,NORMAL,,,,,,,,,,,,,,,,,,24.0,False
1222,HERANBA,2026-09-30,176.53,195.89,173.02,-9.88,False,True,False,False,53.8,0.2,327.0,155.38,-46.02,13.61,25,NORMAL,above 50DMA; healthy RSI,,,,0,0,NOT A RECOVERY,False,,403.7,2025-07-31,-56.27,False,False,20,NORMAL,above 50DMA; RSI >=50,25,above 50DMA; RSI >=50,False,24.0,192.02,8.77,158.88,0.88,NORMAL,,,,,,,,,,,,,,,,,,24.0,False
1223,ABINFRA,2026-09-30,12.71,14.52,11.35,-12.44,False,True,False,False,62.49,0.95,23.56,8.82,-46.05,44.1,25,NORMAL,above 50DMA; healthy RSI,,,,0,0,NOT A RECOVERY,False,,23.56,2026-02-23,-46.05,False,False,20,NORMAL,above 50DMA; RSI >=50,25,above 50DMA; RSI >=50,False,24.0,13.97,9.94,11.44,0.99,NORMAL,,,,,,,,,,,,,,,,,,24.0,False
1224,CIFL,2026-09-30,21.34,26.49,20.77,-19.44,False,True,False,False,56.38,0.3,39.69,18.56,-46.23,14.98,25,NORMAL,above 50DMA; healthy RSI,,,,0,0,NOT A RECOVERY,False,,,,,False,False,20,NORMAL,above 50DMA; RSI >=50,25,above 50DMA; RSI >=50,False,24.0,24.23,13.56,19.21,1.36,NORMAL,,,,,,,,,,,,,,,,,,24.0,False
1225,DIGIDRIVE,2026-09-30,17.89,20.67,17.7,-13.43,False,True,False,False,52.71,1.13,33.39,16.1,-46.42,11.12,25,NORMAL,above 50DMA; healthy RSI,,,,0,0,NOT A RECOVERY,False,,,,,False,False,20,NORMAL,above 50DMA; RSI >=50,25,above 50DMA; RSI >=50,False,24.0,19.27,7.73,16.1,0.77,NORMAL,,,,,,,,,,,,,,,,,,24.0,False
1226,HYBRIDFIN,2026-09-30,17.94,18.64,17.37,-3.75,False,True,False,False,62.27,0.58,33.62,14.5,-46.64,23.72,25,NORMAL,above 50DMA; healthy RSI,,,,0,0,NOT A RECOVERY,False,,33.62,2025-10-23,-46.64,False,False,20,NORMAL,above 50DMA; RSI >=50,25,above 50DMA; RSI >=50,False,24.0,19.46,8.47,16.15,0.85,NORMAL,,,,,,,,,,,,,,,,,,24.0,False
1227,ANIKINDS,2026-09-30,44.45,44.86,43.7,-0.92,False,True,False,False,51.99,0.41,83.4,32.5,-46.7,36.77,25,NORMAL,above 50DMA; healthy RSI,,,,0,0,NOT A RECOVERY,False,,,,,False,False,20,NORMAL,above 50DMA; RSI >=50,25,above 50DMA; RSI >=50,False,24.0,49.45,11.26,40.01,1.13,NORMAL,,,,,,,,,,,,,,,,,,24.0,False
1228,ADSL,2026-09-30,108.53,119.5,108.17,-9.18,False,True,False,False,55.22,0.37,204.65,86.27,-46.97,25.8,25,NORMAL,above 50DMA; healthy RSI,,,,0,0,NOT A RECOVERY,False,,286.74,2025-02-06,-62.15,False,False,20,NORMAL,above 50DMA; RSI >=50,25,above 50DMA; RSI >=50,False,24.0,119.91,10.48,97.68,1.05,NORMAL,,,,,,,,,,,,,,,,,,24.0,False
1229,DAMCAPITAL,2026-09-30,151.08,158.64,147.03,-4.76,False,True,False,False,57.74,0.48,286.0,119.22,-47.17,26.72,25,NORMAL,above 50DMA; healthy RSI,,,,0,0,NOT A RECOVERY,False,,303.5,2025-06-06,-50.22,False,False,20,NORMAL,above 50DMA; RSI >=50,25,above 50DMA; RSI >=50,False,24.0,162.79,7.75,135.97,0.77,NORMAL,,,,,,,,,,,,,,,,,,24.0,False
1230,HBSL,2026-09-30,55.89,57.65,53.68,-3.06,False,True,False,False,57.1,0.34,108.8,42.63,-48.63,31.1,25,NORMAL,above 50DMA; healthy RSI,,,,0,0,NOT A RECOVERY,False,,137.0,2025-06-30,-59.2,False,False,20,NORMAL,above 50DMA; RSI >=50,25,above 50DMA; RSI >=50,False,24.0,60.36,7.99,50.3,0.8,NORMAL,,,,,,,,,,,,,,,,,,24.0,False
1231,VASCONEQ,2026-09-30,33.67,36.14,31.62,-6.84,False,True,False,False,60.7,0.41,74.59,26.75,-54.86,25.87,25,NORMAL,above 50DMA; healthy RSI,,,,0,0,NOT A RECOVERY,False,,74.59,2025-10-10,-54.86,False,False,20,NORMAL,above 50DMA; RSI >=50,25,above 50DMA; RSI >=50,False,24.0,37.54,11.5,30.3,1.15,NORMAL,,,,,,,,,,,,,,,,,,24.0,False
1232,CHEMPLASTS,2026-09-30,185.92,226.95,183.98,-18.08,False,True,False,False,51.76,0.17,412.65,161.0,-54.94,15.48,25,NORMAL,above 50DMA; healthy RSI,,,,0,0,NOT A RECOVERY,False,,530.0,2024-12-04,-64.92,False,False,20,NORMAL,above 50DMA; RSI >=50,25,above 50DMA; RSI >=50,False,24.0,205.81,10.7,167.33,1.07,NORMAL,,,,,,,,,,,,,,,,,,24.0,False
1233,GENESYS,2026-09-30,273.43,289.76,238.19,-5.63,False,True,False,False,53.2,0.23,612.0,168.5,-55.32,62.27,25,NORMAL,above 50DMA; healthy RSI,,,,0,0,NOT A RECOVERY,False,,450.0,2025-12-30,-39.24,False,False,20,NORMAL,above 50DMA; RSI >=50,25,above 50DMA; RSI >=50,False,24.0,309.24,13.1,246.09,1.31,NORMAL,,,,,,,,,,,,,,,,,,24.0,False
1234,DELPHIFX,2026-09-30,6.77,10.55,6.35,-35.85,False,True,False,False,65.41,0.62,18.25,4.72,-62.9,43.43,25,NORMAL,above 50DMA; healthy RSI,,,,0,0,NOT A RECOVERY,False,,18.25,2026-02-13,-62.9,False,False,20,NORMAL,above 50DMA; RSI >=50,25,above 50DMA; RSI >=50,False,24.0,7.44,9.94,6.09,0.99,NORMAL,,,,,,,,,,,,,,,,,,24.0,False
1235,RMDRIP,2026-09-30,23.51,30.3,20.3,-22.42,False,True,False,False,63.53,0.72,72.22,14.81,-67.45,58.74,25,NORMAL,above 50DMA; healthy RSI,,,,0,0,NOT A RECOVERY,False,,72.22,2026-02-25,-67.45,False,False,20,NORMAL,above 50DMA; RSI >=50,25,above 50DMA; RSI >=50,False,24.0,25.3,7.6,21.16,0.76,NORMAL,,,,,,,,,,,,,,,,,,24.0,False
1236,FILATFASH,2026-09-30,0.18,0.23,0.18,-20.27,False,True,False,False,53.99,0.54,0.58,0.14,-68.97,28.57,25,NORMAL,above 50DMA; healthy RSI,,,,0,0,NOT A RECOVERY,False,,0.8,2025-01-09,-77.5,False,False,20,NORMAL,above 50DMA; RSI >=50,25,above 50DMA; RSI >=50,False,24.0,0.2,11.9,0.16,1.19,NORMAL,,,,,,,,,,,,,,,,,,24.0,False
1237,BILVYAPAR,2026-09-30,4.25,5.38,4.11,-21.08,False,True,False,False,53.05,0.24,14.28,3.8,-70.24,11.84,25,NORMAL,above 50DMA; healthy RSI,,,,0,0,NOT A RECOVERY,False,,23.11,2025-04-17,-81.61,False,False,20,NORMAL,above 50DMA; RSI >=50,25,above 50DMA; RSI >=50,False,24.0,4.71,10.82,3.83,1.08,NORMAL,,,,,,,,,,,,,,,,,,24.0,False
1238,RAJTV,2026-09-30,10.88,23.82,9.98,-54.32,False,True,False,False,63.84,0.73,46.9,7.7,-76.8,41.3,25,NORMAL,above 50DMA; healthy RSI,,,,0,0,NOT A RECOVERY,False,,,,,False,False,20,NORMAL,above 50DMA; RSI >=50,25,above 50DMA; RSI >=50,False,24.0,11.97,10.06,9.79,1.01,NORMAL,,,,,,,,,,,,,,,,,,24.0,False
1239,GSLSU,2026-09-30,31.0,58.21,29.2,-46.74,False,True,False,False,54.78,0.44,139.67,23.06,-77.8,34.43,25,NORMAL,above 50DMA; healthy RSI,,,,0,0,NOT A RECOVERY,False,,144.4,2025-05-27,-78.53,False,False,20,NORMAL,above 50DMA; RSI >=50,25,above 50DMA; RSI >=50,False,24.0,34.57,11.53,27.9,1.15,NORMAL,,,,,,,,,,,,,,,,,,24.0,False
684,ETHOSLTD,2026-09-30,2537.2,2555.91,2727.9,-0.73,False,False,False,True,37.89,0.49,3245.9,1919.4,-21.83,32.19,0,NORMAL,,2026-09-25,2410.4,5.26,65,65,RECOVERY WATCH,True,at/above 200DMA; moving toward 200DMA; recovery >=5%,3090.4,2026-08-03,-17.9,False,False,0,NORMAL,,15,50DMA > 200DMA,False,6.75,2731.14,7.64,2283.48,0.76,200DMA RECOVERY,64.8042,4.5531955,39.07,,67747799040.0,,,7.675,6.013,19.366,,,,33.300000000000004,35.3,35.3,48.0,23.25,False
702,BTML,2026-09-30,6.97,7.13,7.7,-2.3,False,False,False,True,38.71,0.17,10.12,5.06,-31.13,37.75,0,NORMAL,,2026-09-29,6.91,0.87,25,25,NEAR 200DMA,True,within 3% of 200DMA; above breakdown low,9.15,2026-08-17,-23.83,False,False,0,NORMAL,,15,50DMA > 200DMA,False,6.75,8.07,15.74,6.27,1.57,200DMA RECOVERY,19.694445,1.3793775,0.36,,1288237312.0,,,5.554,5.163,41.589,,,,65.2,-33.300000000000004,-33.300000000000004,48.0,23.25,False
713,SUMIT,2026-09-30,49.59,49.79,51.64,-0.41,False,False,False,True,46.43,0.68,104.0,31.74,-52.32,56.24,0,NORMAL,,2026-09-30,49.0,1.2,55,55,RECOVERY WATCH,True,at/above 200DMA; moving toward 200DMA; above breakdown low,61.0,2026-04-20,-18.7,False,False,0,NORMAL,,15,50DMA > 200DMA,False,6.75,55.77,12.47,44.63,1.25,200DMA RECOVERY,37.6063,1.3586322,1.27,40.0,2285733888.0,,,9.517000000000001,6.824,,,,,6.9,11.799999999999999,11.799999999999999,48.0,23.25,False
600,NATCAPSUQ,2026-09-30,165.8,162.62,170.96,1.96,True,False,False,True,42.8,0.14,296.0,136.36,-43.99,21.59,20,NORMAL,above 200DMA,2026-08-11,146.0,13.56,70,70,RECOVERY WATCH,True,at/above 200DMA; moving toward 200DMA; recovery >=10%,200.49,2026-01-05,-17.3,False,False,20,ABOVE 200DMA,above 200DMA,40,above 200DMA; 50DMA > 200DMA,False,29.0,178.48,7.65,149.22,0.76,200DMA RECOVERY,,0.75990534,-23.99,,1688272768.0,,,-6.5920000000000005,-8.111,49.198,,,,7.8,,,13.0,22.6,False
1240,NH,2026-09-30,1791.4,1855.45,1893.66,-3.45,False,False,False,True,38.16,1.62,2093.3,1589.0,-14.42,12.74,20,NORMAL,within 15% of 52W high; volume confirmation,,,,0,0,NOT A RECOVERY,False,,2092.9,2026-07-29,-14.41,False,False,10,NORMAL,volume >=1.2x,30,50DMA > 200DMA; volume >=1.2x,False,22.5,1896.67,5.88,1612.26,0.59,NORMAL,,,,,,,,,,,,,,,,,,22.5,False
720,LORDSCHLO,2026-09-30,138.54,140.75,140.07,-1.57,False,False,False,False,49.43,0.35,233.0,108.0,-40.54,28.28,0,NORMAL,,2026-09-29,137.15,1.01,45,45,NEAR 200DMA,True,within 3% of 200DMA; moving toward 200DMA; above breakdown low,169.0,2026-07-28,-18.02,False,False,0,NORMAL,,0,,False,0.0,154.25,11.34,124.69,1.13,200DMA RECOVERY,11.396551,1.6420223,12.18,,3977442304.0,,,17.382,8.325000000000001,71.713,,,,6.1,32.800000000000004,32.800000000000004,56.0,22.4,False
1241,JKCEMENT,2026-09-30,5076.0,5403.1,5218.65,-6.05,False,False,False,False,50.77,2.44,6764.5,4671.5,-24.96,8.66,20,NORMAL,healthy RSI; volume confirmation,,,,0,0,NOT A RECOVERY,False,,6105.0,2026-01-20,-16.86,False,False,20,NORMAL,RSI >=50; volume >=1.2x,25,RSI >=50; volume >=1.2x,False,22.25,5406.07,6.5,4568.4,0.65,NORMAL,,,,,,,,,,,,,,,,,,22.25,False
1242,EIHOTEL,2026-09-30,301.1,320.17,303.95,-5.96,False,False,False,False,51.68,2.36,413.95,271.15,-27.26,11.05,20,NORMAL,healthy RSI; volume confirmation,,,,0,0,NOT A RECOVERY,False,,405.0,2025-11-04,-25.65,False,False,20,NORMAL,RSI >=50; volume >=1.2x,25,RSI >=50; volume >=1.2x,False,22.25,318.44,5.76,270.99,0.58,NORMAL,,,,,,,,,,,,,,,,,,22.25,False
1243,PRAKASH,2026-09-30,123.72,132.53,124.91,-6.65,False,False,False,False,52.52,1.42,172.9,110.24,-28.44,12.23,20,NORMAL,healthy RSI; volume confirmation,,,,0,0,NOT A RECOVERY,False,,159.0,2026-05-07,-22.19,False,False,20,NORMAL,RSI >=50; volume >=1.2x,25,RSI >=50; volume >=1.2x,False,22.25,132.93,7.44,111.35,0.74,NORMAL,,,,,,,,,,,,,,,,,,22.25,False
1244,VESUVIUS,2026-09-30,424.2,466.35,426.19,-9.04,False,False,False,False,57.72,13.49,607.9,383.0,-30.22,10.76,20,NORMAL,healthy RSI; volume confirmation,,,,0,0,NOT A RECOVERY,False,,607.9,2026-02-20,-30.22,False,False,20,NORMAL,RSI >=50; volume >=1.2x,25,RSI >=50; volume >=1.2x,False,22.25,455.45,7.37,381.78,0.74,NORMAL,,,,,,,,,,,,,,,,,,22.25,False
1245,INCREDIBLE,2026-09-30,32.61,34.7,32.75,-6.04,False,False,False,False,50.0,1.34,48.85,28.1,-33.24,16.05,20,NORMAL,healthy RSI; volume confirmation,,,,0,0,NOT A RECOVERY,False,,52.87,2025-09-08,-38.32,False,False,20,NORMAL,RSI >=50; volume >=1.2x,25,RSI >=50; volume >=1.2x,False,22.25,36.66,12.42,29.35,1.24,NORMAL,,,,,,,,,,,,,,,,,,22.25,False
1246,IRCON,2026-09-30,117.09,138.92,119.95,-15.71,False,False,False,False,56.19,14.1,186.44,101.6,-37.2,15.25,20,NORMAL,healthy RSI; volume confirmation,,,,0,0,NOT A RECOVERY,False,,189.5,2025-09-17,-38.21,False,False,20,NORMAL,RSI >=50; volume >=1.2x,25,RSI >=50; volume >=1.2x,False,22.25,125.3,7.01,105.38,0.7,NORMAL,,,,,,,,,,,,,,,,,,22.25,False
1247,FIBERWEB,2026-09-30,27.41,33.23,27.56,-17.52,False,False,False,False,56.9,1.36,46.95,25.07,-41.62,9.33,20,NORMAL,healthy RSI; volume confirmation,,,,0,0,NOT A RECOVERY,False,,59.26,2025-06-23,-53.75,False,False,20,NORMAL,RSI >=50; volume >=1.2x,25,RSI >=50; volume >=1.2x,False,22.25,30.44,11.04,24.67,1.1,NORMAL,,,,,,,,,,,,,,,,,,22.25,False
1248,THOMASCOTT,2026-09-30,267.35,291.73,278.14,-8.36,False,False,False,False,57.13,1.7,459.8,221.8,-41.86,20.54,20,NORMAL,healthy RSI; volume confirmation,,,,0,0,NOT A RECOVERY,False,,367.9,2026-08-10,-27.33,False,False,20,NORMAL,RSI >=50; volume >=1.2x,25,RSI >=50; volume >=1.2x,False,22.25,299.47,12.01,240.62,1.2,NORMAL,,,,,,,,,,,,,,,,,,22.25,False
1249,GLFL,2026-09-30,5.39,5.64,5.5,-4.37,False,False,False,False,51.68,1.4,9.34,3.66,-42.29,47.27,20,NORMAL,healthy RSI; volume confirmation,,,,0,0,NOT A RECOVERY,False,,7.65,2026-04-28,-29.54,False,False,20,NORMAL,RSI >=50; volume >=1.2x,25,RSI >=50; volume >=1.2x,False,22.25,6.09,12.91,4.85,1.29,NORMAL,,,,,,,,,,,,,,,,,,22.25,False
1250,HUBTOWN,2026-09-30,182.28,204.49,183.49,-10.86,False,False,False,False,53.1,3.54,339.0,165.55,-46.23,10.11,20,NORMAL,healthy RSI; volume confirmation,,,,0,0,NOT A RECOVERY,False,,365.7,2025-08-25,-50.16,False,False,20,NORMAL,RSI >=50; volume >=1.2x,25,RSI >=50; volume >=1.2x,False,22.25,195.06,7.01,164.05,0.7,NORMAL,,,,,,,,,,,,,,,,,,22.25,False
1251,ATLANTAA,2026-09-30,37.25,40.42,37.82,-7.85,False,False,False,False,50.98,3.06,73.39,31.52,-49.24,18.18,20,NORMAL,healthy RSI; volume confirmation,,,,0,0,NOT A RECOVERY,False,,51.45,2026-02-10,-27.6,False,False,20,NORMAL,RSI >=50; volume >=1.2x,25,RSI >=50; volume >=1.2x,False,22.25,40.57,8.92,33.52,0.89,NORMAL,,,,,,,,,,,,,,,,,,22.25,False
1252,JSWHL,2026-09-30,11346.0,13991.18,11432.9,-18.91,False,False,False,False,50.93,5.69,22790.0,10530.0,-50.22,7.75,20,NORMAL,healthy RSI; volume confirmation,,,,0,0,NOT A RECOVERY,False,,27740.0,2025-04-21,-59.1,False,False,20,NORMAL,RSI >=50; volume >=1.2x,25,RSI >=50; volume >=1.2x,False,22.25,12075.29,6.43,10211.4,0.64,NORMAL,,,,,,,,,,,,,,,,,,22.25,False
1253,OSWALGREEN,2026-09-30,20.32,25.03,20.59,-18.81,False,False,False,False,52.46,2.23,43.79,18.55,-53.6,9.54,20,NORMAL,healthy RSI; volume confirmation,,,,0,0,NOT A RECOVERY,False,,57.37,2024-12-03,-64.58,False,False,20,NORMAL,RSI >=50; volume >=1.2x,25,RSI >=50; volume >=1.2x,False,22.25,21.85,7.55,18.29,0.76,NORMAL,,,,,,,,,,,,,,,,,,22.25,False
714,HEXATRADEX,2026-09-30,156.85,160.94,158.23,-2.54,False,False,False,False,47.43,0.43,182.4,147.26,-14.01,6.51,10,NORMAL,within 15% of 52W high,2026-08-26,154.0,1.85,45,45,NEAR 200DMA,True,within 3% of 200DMA; moving toward 200DMA; above breakdown low,175.5,2026-05-11,-10.63,False,False,0,NORMAL,,0,,False,3.5,166.75,6.31,141.17,0.63,200DMA RECOVERY,,0.18547712,-1.25,,8560719872.0,,,-5482.3532,-150.243,0.187,,,,,,,50.0,22.1,False
703,PUNJABCHEM,2026-09-30,1054.5,1085.46,1103.69,-2.85,False,False,False,True,43.64,0.6,1533.9,876.6,-31.25,20.29,0,NORMAL,,2026-09-01,1020.1,3.37,45,45,NEAR 200DMA,True,within 3% of 200DMA; moving toward 200DMA; above breakdown low,1325.4,2025-12-15,-20.44,False,False,0,NORMAL,,15,50DMA > 200DMA,False,6.75,1126.47,6.83,949.05,0.68,200DMA RECOVERY,19.507122,3.0140786,53.36,28.000000000000004,12763708416.0,,,9.645,6.184,36.418,,,,8.7,7.000000000000001,7.000000000000001,44.0,21.65,False
660,BALAJITELE,2026-09-30,91.26,93.94,90.88,-2.85,False,True,False,False,45.31,0.46,136.79,69.52,-33.28,31.27,15,NORMAL,above 50DMA,2026-09-21,90.7,0.62,40,40,NEAR 200DMA,True,within 3% of 200DMA; above breakdown low; above 50DMA,131.0,2026-05-07,-30.34,False,False,10,NORMAL,above 50DMA,15,above 50DMA,False,14.0,98.41,7.83,82.13,0.78,200DMA RECOVERY,,1.734574,-1.78,,10976081920.0,,,10.13,-5.5180001999999995,3.047,,,,229.9,,,33.0,21.6,False
672,INDIANHUME,2026-09-30,352.8,356.65,377.27,-1.08,False,False,False,True,40.87,0.41,432.0,279.8,-18.33,26.09,0,NORMAL,,2026-09-25,345.35,2.16,45,45,NEAR 200DMA,True,within 3% of 200DMA; moving toward 200DMA; above breakdown low,432.0,2026-07-15,-18.33,False,False,0,NORMAL,,15,50DMA > 200DMA,False,6.75,380.68,7.9,317.52,0.79,200DMA RECOVERY,12.771217,1.2283504,27.1,56.99999999999999,18233159680.0,,,8.295,10.974,28.091,,,,-1.5,7.5,7.5,42.0,20.85,False
675,HONAUT,2026-09-30,33460.0,33791.85,36209.0,-0.98,False,False,False,True,37.24,0.42,41495.0,26220.0,-19.36,27.61,0,NORMAL,,2026-09-30,33360.0,0.3,35,35,NEAR 200DMA,True,at/above 200DMA; above breakdown low,41495.0,2026-07-29,-19.36,False,False,0,NORMAL,,15,50DMA > 200DMA,False,6.75,35542.14,6.22,30114.0,0.62,200DMA RECOVERY,53.779163,6.631092,622.36,33.0,296121106432.0,,,13.202,11.7180005,2.476,,,,1.7999999999999998,20.9,20.9,42.0,20.85,False
706,COFFEEDAY,2026-09-30,30.14,30.45,30.73,-1.03,False,False,False,True,46.22,0.41,44.8,21.0,-32.72,43.52,0,NORMAL,,2026-09-30,30.06,0.27,25,25,NEAR 200DMA,True,within 3% of 200DMA; above breakdown low,43.26,2026-06-03,-30.33,False,False,0,NORMAL,,15,50DMA > 200DMA,False,6.75,32.35,7.33,27.13,0.73,200DMA RECOVERY,3.5685098,0.22453982,8.32,,6272063488.0,,,6.5019995,15.465000000000002,26.194,,,,7.6,-97.0,-97.0,42.0,20.85,False
1254,PARSVNATH,2026-09-30,2.09,5.43,1.69,-61.5,False,True,False,False,84.97,0.07,18.75,1.35,-88.85,54.81,15,NORMAL,above 50DMA,,,,0,0,NOT A RECOVERY,False,,27.39,2025-07-09,-92.37,False,False,20,NORMAL,above 50DMA; RSI >=50,25,above 50DMA; RSI >=50,False,20.5,2.16,3.21,1.88,0.32,NORMAL,,,,,,,,,,,,,,,,,,20.5,False
638,HCC,2026-09-30,20.41,20.7,21.8,-1.42,False,False,True,True,36.74,0.56,29.5,13.65,-30.81,49.52,10,NORMAL,200DMA rising,2026-09-30,20.35,0.29,45,45,NEAR 200DMA,True,within 3% of 200DMA; moving toward 200DMA; above breakdown low,28.5,2026-06-23,-28.39,False,False,0,NORMAL,,35,200DMA rising; 50DMA > 200DMA,False,19.25,21.98,7.67,18.37,0.77,200DMA RECOVERY,29.31884,2.4910724,0.69,,52991836160.0,,,9.932999,4.284000000000001,47.912,,,,-9.0,-30.4,-30.4,22.0,20.35,False
644,PAGEIND,2026-09-30,36385.0,36402.03,37187.5,-0.05,False,False,False,True,48.72,3.71,43855.0,29805.0,-17.03,22.08,10,NORMAL,volume confirmation,2026-09-30,36210.0,0.48,65,65,RECOVERY WATCH,True,at/above 200DMA; moving toward 200DMA; above breakdown low; volume >=1.2x,43855.0,2026-07-01,-17.03,False,False,10,NORMAL,volume >=1.2x,30,50DMA > 200DMA; volume >=1.2x,False,19.0,38014.29,4.48,32746.5,0.45,200DMA RECOVERY,54.16987,27.212923,676.76,220.00000000000003,408901025792.0,,,18.332,14.126,18.422,,,,7.9,-4.0,-4.0,22.0,20.2,False
1255,CCL,2026-09-30,1019.5,1076.44,1106.3,-5.29,False,False,True,True,33.67,1.07,1242.2,815.5,-17.93,25.02,10,NORMAL,200DMA rising,,,,0,0,NOT A RECOVERY,False,,1242.2,2026-07-13,-17.93,False,False,0,NORMAL,,35,200DMA rising; 50DMA > 200DMA,False,19.25,1071.26,5.08,917.55,0.51,NORMAL,,,,,,,,,,,,,,,,,,19.25,False
1256,DEEPAKNTR,2026-09-30,1529.8,1634.56,1681.22,-6.41,False,False,True,True,32.55,0.65,1897.9,1280.0,-19.4,19.52,10,NORMAL,200DMA rising,,,,0,0,NOT A RECOVERY,False,,1897.9,2026-05-12,-19.4,False,False,0,NORMAL,,35,200DMA rising; 50DMA > 200DMA,False,19.25,1604.33,4.87,1376.82,0.49,NORMAL,,,,,,,,,,,,,,,,,,19.25,False
1257,JSWENERGY,2026-09-30,494.7,525.25,537.72,-5.82,False,False,True,True,34.76,1.09,617.35,427.75,-19.87,15.65,10,NORMAL,200DMA rising,,,,0,0,NOT A RECOVERY,False,,617.35,2026-05-29,-19.87,False,False,0,NORMAL,,35,200DMA rising; 50DMA > 200DMA,False,19.25,516.34,4.37,445.23,0.44,NORMAL,,,,,,,,,,,,,,,,,,19.25,False
1258,POLYCAB,2026-09-30,8026.0,8411.81,8789.93,-4.59,False,False,True,True,32.43,1.15,10126.0,6663.0,-20.74,20.46,10,NORMAL,200DMA rising,,,,0,0,NOT A RECOVERY,False,,10126.0,2026-06-22,-20.74,False,False,0,NORMAL,,35,200DMA rising; 50DMA > 200DMA,False,19.25,8308.5,3.52,7223.4,0.35,NORMAL,,,,,,,,,,,,,,,,,,19.25,False
1259,BLKASHYAP,2026-09-30,50.36,52.76,54.02,-4.55,False,False,True,True,39.88,0.78,63.79,40.32,-21.05,24.9,10,NORMAL,200DMA rising,,,,0,0,NOT A RECOVERY,False,,62.45,2026-09-04,-19.36,False,False,0,NORMAL,,35,200DMA rising; 50DMA > 200DMA,False,19.25,55.33,9.88,45.32,0.99,NORMAL,,,,,,,,,,,,,,,,,,19.25,False
1260,SINDHUTRAD,2026-09-30,22.89,23.66,24.26,-3.27,False,False,True,True,39.13,0.07,29.38,17.64,-22.09,29.76,10,NORMAL,200DMA rising,,,,0,0,NOT A RECOVERY,False,,28.64,2026-07-03,-20.08,False,False,0,NORMAL,,35,200DMA rising; 50DMA > 200DMA,False,19.25,24.76,8.19,20.6,0.82,NORMAL,,,,,,,,,,,,,,,,,,19.25,False
1261,ANGELONE,2026-09-30,274.0,288.04,294.22,-4.88,False,False,True,True,34.1,0.49,360.45,208.63,-23.98,31.33,10,NORMAL,200DMA rising,,,,0,0,NOT A RECOVERY,False,,360.45,2026-06-19,-23.98,False,False,0,NORMAL,,35,200DMA rising; 50DMA > 200DMA,False,19.25,289.26,5.57,246.6,0.56,NORMAL,,,,,,,,,,,,,,,,,,19.25,False
1262,STYRENIX,2026-09-30,2015.5,2116.22,2174.38,-4.76,False,False,True,True,39.5,0.67,2653.0,1780.0,-24.03,13.23,10,NORMAL,200DMA rising,,,,0,0,NOT A RECOVERY,False,,2653.0,2026-08-04,-24.03,False,False,0,NORMAL,,35,200DMA rising; 50DMA > 200DMA,False,19.25,2123.31,5.35,1813.95,0.53,NORMAL,,,,,,,,,,,,,,,,,,19.25,False
1263,BCLIND,2026-09-30,31.79,32.92,35.52,-3.43,False,False,True,True,29.7,0.47,42.08,25.53,-24.45,24.52,10,NORMAL,200DMA rising,,,,0,0,NOT A RECOVERY,False,,40.0,2026-07-14,-20.52,False,False,0,NORMAL,,35,200DMA rising; 50DMA > 200DMA,False,19.25,34.16,7.45,28.61,0.74,NORMAL,,,,,,,,,,,,,,,,,,19.25,False
1264,KEI,2026-09-30,4455.0,4840.79,5108.1,-7.97,False,False,True,True,33.61,0.3,5899.0,3728.7,-24.48,19.48,10,NORMAL,200DMA rising,,,,0,0,NOT A RECOVERY,False,,5899.0,2026-08-18,-24.48,False,False,0,NORMAL,,35,200DMA rising; 50DMA > 200DMA,False,19.25,4664.93,4.71,4009.5,0.47,NORMAL,,,,,,,,,,,,,,,,,,19.25,False
1265,JBMA,2026-09-30,556.5,617.98,627.37,-9.95,False,False,True,True,28.02,0.91,738.5,477.0,-24.64,16.67,10,NORMAL,200DMA rising,,,,0,0,NOT A RECOVERY,False,,738.5,2026-06-22,-24.64,False,False,0,NORMAL,,35,200DMA rising; 50DMA > 200DMA,False,19.25,589.91,6.0,500.85,0.6,NORMAL,,,,,,,,,,,,,,,,,,19.25,False
1266,LAGNAM,2026-09-30,72.24,75.77,78.63,-4.66,False,False,True,True,39.43,0.23,95.9,58.6,-24.67,23.28,10,NORMAL,200DMA rising,,,,0,0,NOT A RECOVERY,False,,95.9,2026-07-16,-24.67,False,False,0,NORMAL,,35,200DMA rising; 50DMA > 200DMA,False,19.25,79.3,9.77,65.02,0.98,NORMAL,,,,,,,,,,,,,,,,,,19.25,False
1267,AIAENG,2026-09-30,3869.0,4132.75,4309.7,-6.38,False,False,True,True,34.32,0.8,5180.0,3045.0,-25.31,27.06,10,NORMAL,200DMA rising,,,,0,0,NOT A RECOVERY,False,,5180.0,2026-06-30,-25.31,False,False,0,NORMAL,,35,200DMA rising; 50DMA > 200DMA,False,19.25,4105.31,6.11,3482.1,0.61,NORMAL,,,,,,,,,,,,,,,,,,19.25,False
1268,SENCO,2026-09-30,320.95,336.31,360.74,-4.57,False,False,True,True,37.58,0.65,430.0,276.0,-25.36,16.29,10,NORMAL,200DMA rising,,,,0,0,NOT A RECOVERY,False,,430.0,2026-07-27,-25.36,False,False,0,NORMAL,,35,200DMA rising; 50DMA > 200DMA,False,19.25,343.22,6.94,288.86,0.69,NORMAL,,,,,,,,,,,,,,,,,,19.25,False
1269,GULPOLY,2026-09-30,165.86,172.01,186.06,-3.58,False,False,True,True,32.0,0.41,227.63,121.5,-27.14,36.51,10,NORMAL,200DMA rising,,,,0,0,NOT A RECOVERY,False,,227.63,2026-08-07,-27.14,False,False,0,NORMAL,,35,200DMA rising; 50DMA > 200DMA,False,19.25,175.32,5.7,149.27,0.57,NORMAL,,,,,,,,,,,,,,,,,,19.25,False
1270,BANKA,2026-09-30,70.0,74.11,81.12,-5.55,False,False,True,True,33.01,0.24,96.58,41.0,-27.52,70.73,10,NORMAL,200DMA rising,,,,0,0,NOT A RECOVERY,False,,96.58,2026-07-03,-27.52,False,False,0,NORMAL,,35,200DMA rising; 50DMA > 200DMA,False,19.25,76.3,9.0,63.0,0.9,NORMAL,,,,,,,,,,,,,,,,,,19.25,False
1271,RAMANEWS,2026-09-30,30.27,31.26,31.45,-3.16,False,False,True,True,41.34,0.25,42.0,27.05,-27.93,11.9,10,NORMAL,200DMA rising,,,,0,0,NOT A RECOVERY,False,,42.0,2026-03-11,-27.93,False,False,0,NORMAL,,35,200DMA rising; 50DMA > 200DMA,False,19.25,33.42,10.4,27.24,1.04,NORMAL,,,,,,,,,,,,,,,,,,19.25,False
1272,FUSION,2026-09-30,175.08,184.71,197.31,-5.22,False,False,True,True,33.65,0.96,243.0,136.5,-27.95,28.26,10,NORMAL,200DMA rising,,,,0,0,NOT A RECOVERY,False,,243.0,2026-07-13,-27.95,False,False,0,NORMAL,,35,200DMA rising; 50DMA > 200DMA,False,19.25,187.47,7.08,157.57,0.71,NORMAL,,,,,,,,,,,,,,,,,,19.25,False
1273,GODREJIND,2026-09-30,1039.4,1073.95,1195.88,-3.22,False,False,True,True,26.74,0.44,1443.0,744.2,-27.97,39.67,10,NORMAL,200DMA rising,,,,0,0,NOT A RECOVERY,False,,1443.0,2026-07-10,-27.97,False,False,0,NORMAL,,35,200DMA rising; 50DMA > 200DMA,False,19.25,1105.89,6.4,935.46,0.64,NORMAL,,,,,,,,,,,,,,,,,,19.25,False
1274,DREDGECORP,2026-09-30,920.2,1017.82,1061.76,-9.59,False,False,True,True,26.82,0.83,1286.0,538.0,-28.44,71.04,10,NORMAL,200DMA rising,,,,0,0,NOT A RECOVERY,False,,1286.0,2026-06-04,-28.44,False,False,0,NORMAL,,35,200DMA rising; 50DMA > 200DMA,False,19.25,985.89,7.14,828.18,0.71,NORMAL,,,,,,,,,,,,,,,,,,19.25,False
1275,AFIL,2026-09-30,7.93,8.32,9.1,-4.65,False,False,True,True,28.53,1.02,11.1,3.92,-28.56,102.3,10,NORMAL,200DMA rising,,,,0,0,NOT A RECOVERY,False,,11.1,2026-06-22,-28.56,False,False,0,NORMAL,,35,200DMA rising; 50DMA > 200DMA,False,19.25,8.89,12.12,7.14,1.21,NORMAL,,,,,,,,,,,,,,,,,,19.25,False
1276,GINNIFILA,2026-09-30,40.5,42.33,44.02,-4.32,False,False,True,True,39.26,0.42,57.85,31.5,-29.99,28.57,10,NORMAL,200DMA rising,,,,0,0,NOT A RECOVERY,False,,57.85,2026-07-06,-29.99,False,False,0,NORMAL,,35,200DMA rising; 50DMA > 200DMA,False,19.25,43.79,8.11,36.45,0.81,NORMAL,,,,,,,,,,,,,,,,,,19.25,False
1277,ATGL,2026-09-30,593.9,615.4,633.08,-3.49,False,False,True,True,41.24,0.23,859.85,462.8,-30.93,28.33,10,NORMAL,200DMA rising,,,,0,0,NOT A RECOVERY,False,,859.85,2026-05-29,-30.93,False,False,0,NORMAL,,35,200DMA rising; 50DMA > 200DMA,False,19.25,634.25,6.79,534.51,0.68,NORMAL,,,,,,,,,,,,,,,,,,19.25,False
1278,TRITURBINE,2026-09-30,539.4,563.89,582.45,-4.34,False,False,True,True,38.27,0.71,787.6,428.35,-31.51,25.93,10,NORMAL,200DMA rising,,,,0,0,NOT A RECOVERY,False,,787.6,2026-05-29,-31.51,False,False,0,NORMAL,,35,200DMA rising; 50DMA > 200DMA,False,19.25,571.89,6.02,485.46,0.6,NORMAL,,,,,,,,,,,,,,,,,,19.25,False
1279,MUTHOOTMF,2026-09-30,178.4,191.26,209.39,-6.72,False,False,True,True,27.75,0.53,262.77,141.2,-32.11,26.35,10,NORMAL,200DMA rising,,,,0,0,NOT A RECOVERY,False,,262.77,2026-07-27,-32.11,False,False,0,NORMAL,,35,200DMA rising; 50DMA > 200DMA,False,19.25,189.75,6.36,160.56,0.64,NORMAL,,,,,,,,,,,,,,,,,,19.25,False
1280,ORTINGLOBE,2026-09-30,14.32,15.3,15.39,-6.4,False,False,True,True,40.5,0.49,21.3,10.66,-32.77,34.33,10,NORMAL,200DMA rising,,,,0,0,NOT A RECOVERY,False,,21.3,2026-06-09,-32.77,False,False,0,NORMAL,,35,200DMA rising; 50DMA > 200DMA,False,19.25,16.26,13.57,12.89,1.36,NORMAL,,,,,,,,,,,,,,,,,,19.25,False
1281,SURYODAY,2026-09-30,145.16,151.08,156.07,-3.92,False,False,True,True,41.08,0.78,218.0,115.41,-33.41,25.78,10,NORMAL,200DMA rising,,,,0,0,NOT A RECOVERY,False,,218.0,2026-07-24,-33.41,False,False,0,NORMAL,,35,200DMA rising; 50DMA > 200DMA,False,19.25,153.24,5.56,130.64,0.56,NORMAL,,,,,,,,,,,,,,,,,,19.25,False
1282,KOTYARK,2026-09-30,29.83,31.57,34.28,-5.5,False,False,True,True,41.83,1.0,45.5,17.38,-34.44,71.62,10,NORMAL,200DMA rising,,,,0,0,NOT A RECOVERY,False,,45.5,2026-06-29,-34.44,False,False,0,NORMAL,,35,200DMA rising; 50DMA > 200DMA,False,19.25,34.2,14.66,26.85,1.47,NORMAL,,,,,,,,,,,,,,,,,,19.25,False
1283,ONIDA,2026-09-30,32.03,34.19,35.7,-6.32,False,False,True,True,37.85,0.53,49.23,21.5,-34.94,48.98,10,NORMAL,200DMA rising,,,,0,0,NOT A RECOVERY,False,,49.23,2026-05-11,-34.94,False,False,0,NORMAL,,35,200DMA rising; 50DMA > 200DMA,False,19.25,34.95,9.13,28.83,0.91,NORMAL,,,,,,,,,,,,,,,,,,19.25,False
1284,PARASPETRO,2026-09-30,2.07,2.15,2.24,-3.7,False,False,True,True,39.55,0.44,3.23,1.53,-35.91,35.29,10,NORMAL,200DMA rising,,,,0,0,NOT A RECOVERY,False,,3.23,2026-02-02,-35.91,False,False,0,NORMAL,,35,200DMA rising; 50DMA > 200DMA,False,19.25,2.23,7.73,1.86,0.77,NORMAL,,,,,,,,,,,,,,,,,,19.25,False
1285,MEGASTAR,2026-09-30,249.05,281.87,304.31,-11.64,False,False,True,True,25.73,0.51,392.0,203.0,-36.47,22.68,10,NORMAL,200DMA rising,,,,0,0,NOT A RECOVERY,False,,392.0,2026-07-13,-36.47,False,False,0,NORMAL,,35,200DMA rising; 50DMA > 200DMA,False,19.25,288.22,15.73,224.15,1.57,NORMAL,,,,,,,,,,,,,,,,,,19.25,False
1286,WALCHANNAG,2026-09-30,200.24,208.73,218.48,-4.07,False,False,True,True,40.66,0.76,315.8,131.15,-36.59,52.68,10,NORMAL,200DMA rising,,,,0,0,NOT A RECOVERY,False,,315.8,2026-06-19,-36.59,False,False,0,NORMAL,,35,200DMA rising; 50DMA > 200DMA,False,19.25,216.95,8.35,180.22,0.83,NORMAL,,,,,,,,,,,,,,,,,,19.25,False
1287,AAKASH,2026-09-30,8.44,8.75,8.85,-3.53,False,False,True,True,37.32,0.52,13.4,7.21,-37.01,17.06,10,NORMAL,200DMA rising,,,,0,0,NOT A RECOVERY,False,,13.4,2026-03-06,-37.01,False,False,0,NORMAL,,35,200DMA rising; 50DMA > 200DMA,False,19.25,9.19,8.87,7.6,0.89,NORMAL,,,,,,,,,,,,,,,,,,19.25,False
1288,LUXIND,2026-09-30,1107.0,1170.12,1187.27,-5.39,False,False,True,True,42.92,0.23,1823.35,824.05,-39.29,34.34,10,NORMAL,200DMA rising,,,,0,0,NOT A RECOVERY,False,,1823.35,2026-04-24,-39.29,False,False,0,NORMAL,,35,200DMA rising; 50DMA > 200DMA,False,19.25,1211.91,9.48,996.3,0.95,NORMAL,,,,,,,,,,,,,,,,,,19.25,False
1289,ELECTHERM,2026-09-30,774.25,874.87,976.22,-11.5,False,False,True,True,13.44,0.35,1277.0,551.0,-39.37,40.52,10,NORMAL,200DMA rising,,,,0,0,NOT A RECOVERY,False,,1277.0,2026-07-06,-39.37,False,False,0,NORMAL,,35,200DMA rising; 50DMA > 200DMA,False,19.25,855.94,10.55,696.83,1.06,NORMAL,,,,,,,,,,,,,,,,,,19.25,False
1290,DJML,2026-09-30,71.82,90.98,91.25,-21.06,False,False,True,True,34.21,0.82,124.8,52.0,-42.45,38.12,10,NORMAL,200DMA rising,,,,0,0,NOT A RECOVERY,False,,124.8,2026-07-03,-42.45,False,False,0,NORMAL,,35,200DMA rising; 50DMA > 200DMA,False,19.25,80.08,11.5,64.64,1.15,NORMAL,,,,,,,,,,,,,,,,,,19.25,False
677,CIPLA,2026-09-30,1346.0,1379.59,1415.63,-2.43,False,False,False,True,35.21,1.11,1673.0,1165.7,-19.55,15.47,0,NORMAL,,2026-09-29,1346.0,0.0,15,15,NEAR 200DMA,True,within 3% of 200DMA,1491.2,2026-07-29,-9.74,False,False,0,NORMAL,,15,50DMA > 200DMA,False,6.75,1397.56,3.83,1211.4,0.38,200DMA RECOVERY,32.207047,3.153057,41.73,97.0,1085778100224.0,,,12.549,12.009,1.778,,,,3.5000000000000004,-39.2,-39.2,38.0,19.25,False
1291,360ONE,2026-09-30,1030.0,1106.47,1133.84,-6.91,False,False,False,True,32.6,1.44,1236.2,906.05,-16.68,13.68,10,NORMAL,volume confirmation,,,,0,0,NOT A RECOVERY,False,,1236.2,2026-01-16,-16.68,False,False,10,NORMAL,volume >=1.2x,30,50DMA > 200DMA; volume >=1.2x,False,19.0,1086.41,5.48,927.0,0.55,NORMAL,,,,,,,,,,,,,,,,,,19.0,False
1292,CHOLAFIN,2026-09-30,1620.0,1682.87,1820.33,-3.74,False,False,False,True,25.73,1.26,1952.5,1299.4,-17.03,24.67,10,NORMAL,volume confirmation,,,,0,0,NOT A RECOVERY,False,,1952.5,2026-08-06,-17.03,False,False,10,NORMAL,volume >=1.2x,30,50DMA > 200DMA; volume >=1.2x,False,19.0,1714.63,5.84,1458.0,0.58,NORMAL,,,,,,,,,,,,,,,,,,19.0,False
1293,GMRAIRPORT,2026-09-30,95.15,99.93,100.32,-4.78,False,False,False,True,43.47,1.5,115.64,84.11,-17.72,13.13,10,NORMAL,volume confirmation,,,,0,0,NOT A RECOVERY,False,,115.64,2026-07-07,-17.72,False,False,10,NORMAL,volume >=1.2x,30,50DMA > 200DMA; volume >=1.2x,False,19.0,100.11,5.21,85.64,0.52,NORMAL,,,,,,,,,,,,,,,,,,19.0,False
1294,APOLSINHOT,2026-09-30,1162.6,1207.23,1208.74,-3.7,False,False,False,True,36.76,1.39,1440.0,950.0,-19.26,22.38,10,NORMAL,volume confirmation,,,,0,0,NOT A RECOVERY,False,,1440.0,2026-07-15,-19.26,False,False,10,NORMAL,volume >=1.2x,30,50DMA > 200DMA; volume >=1.2x,False,19.0,1229.37,5.74,1046.34,0.57,NORMAL,,,,,,,,,,,,,,,,,,19.0,False
1295,CAMS,2026-09-30,671.0,740.51,748.66,-9.39,False,False,False,True,31.06,1.64,844.9,611.4,-20.58,9.75,10,NORMAL,volume confirmation,,,,0,0,NOT A RECOVERY,False,,844.9,2026-05-08,-20.58,False,False,10,NORMAL,volume >=1.2x,30,50DMA > 200DMA; volume >=1.2x,False,19.0,703.36,4.82,603.9,0.48,NORMAL,,,,,,,,,,,,,,,,,,19.0,False
1296,BAJAJFINSV,2026-09-30,1731.0,1884.06,1945.26,-8.12,False,False,False,True,24.33,1.64,2195.0,1597.0,-21.14,8.39,10,NORMAL,volume confirmation,,,,0,0,NOT A RECOVERY,False,,2118.5,2026-08-05,-18.29,False,False,10,NORMAL,volume >=1.2x,30,50DMA > 200DMA; volume >=1.2x,False,19.0,1805.94,4.33,1557.9,0.43,NORMAL,,,,,,,,,,,,,,,,,,19.0,False
1297,VGUARD,2026-09-30,296.45,319.37,322.4,-7.18,False,False,False,True,27.73,2.47,384.0,288.8,-22.8,2.65,10,NORMAL,volume confirmation,,,,0,0,NOT A RECOVERY,False,,356.45,2026-02-02,-16.83,False,False,10,NORMAL,volume >=1.2x,30,50DMA > 200DMA; volume >=1.2x,False,19.0,313.7,5.82,266.81,0.58,NORMAL,,,,,,,,,,,,,,,,,,19.0,False
1298,ZFCVINDIA,2026-09-30,2341.0,2453.85,2500.47,-4.6,False,False,False,True,36.08,1.48,3044.0,2050.33,-23.09,14.18,10,NORMAL,volume confirmation,,,,0,0,NOT A RECOVERY,False,,3044.0,2026-06-24,-23.09,False,False,10,NORMAL,volume >=1.2x,30,50DMA > 200DMA; volume >=1.2x,False,19.0,2447.5,4.55,2106.9,0.45,NORMAL,,,,,,,,,,,,,,,,,,19.0,False
1299,GREENLAM,2026-09-30,212.85,240.12,243.29,-11.36,False,False,False,True,26.45,1.4,278.55,197.59,-23.59,7.72,10,NORMAL,volume confirmation,,,,0,0,NOT A RECOVERY,False,,278.55,2026-08-06,-23.59,False,False,10,NORMAL,volume >=1.2x,30,50DMA > 200DMA; volume >=1.2x,False,19.0,227.38,6.83,191.57,0.68,NORMAL,,,,,,,,,,,,,,,,,,19.0,False
1300,MAXHEALTH,2026-09-30,929.8,1033.3,1035.12,-10.02,False,False,False,True,27.54,5.57,1221.9,903.0,-23.91,2.97,10,NORMAL,volume confirmation,,,,0,0,NOT A RECOVERY,False,,1167.9,2026-07-06,-20.39,False,False,10,NORMAL,volume >=1.2x,30,50DMA > 200DMA; volume >=1.2x,False,19.0,980.51,5.45,836.82,0.55,NORMAL,,,,,,,,,,,,,,,,,,19.0,False
1301,JLHL,2026-09-30,253.6,273.1,298.9,-7.14,False,False,False,True,17.31,2.23,340.0,235.6,-25.41,7.64,10,NORMAL,volume confirmation,,,,0,0,NOT A RECOVERY,False,,340.0,2026-07-30,-25.41,False,False,10,NORMAL,volume >=1.2x,30,50DMA > 200DMA; volume >=1.2x,False,19.0,269.86,6.41,228.24,0.64,NORMAL,,,,,,,,,,,,,,,,,,19.0,False
1302,ARE&M,2026-09-30,754.55,852.66,872.43,-11.51,False,False,False,True,22.65,1.69,1023.0,670.0,-26.24,12.62,10,NORMAL,volume confirmation,,,,0,0,NOT A RECOVERY,False,,1017.3,2026-08-12,-25.83,False,False,10,NORMAL,volume >=1.2x,30,50DMA > 200DMA; volume >=1.2x,False,19.0,789.29,4.6,679.09,0.46,NORMAL,,,,,,,,,,,,,,,,,,19.0,False
1303,INDOSTAR,2026-09-30,213.54,230.98,245.16,-7.55,False,False,False,True,33.62,1.39,292.0,179.03,-26.87,19.28,10,NORMAL,volume confirmation,,,,0,0,NOT A RECOVERY,False,,292.0,2026-07-29,-26.87,False,False,10,NORMAL,volume >=1.2x,30,50DMA > 200DMA; volume >=1.2x,False,19.0,232.25,8.76,192.19,0.88,NORMAL,,,,,,,,,,,,,,,,,,19.0,False
1304,PNBGILTS,2026-09-30,73.99,79.32,79.65,-6.72,False,False,False,True,38.72,4.87,101.45,58.6,-27.07,26.26,10,NORMAL,volume confirmation,,,,0,0,NOT A RECOVERY,False,,99.8,2026-06-05,-25.86,False,False,10,NORMAL,volume >=1.2x,30,50DMA > 200DMA; volume >=1.2x,False,19.0,80.2,8.39,66.59,0.84,NORMAL,,,,,,,,,,,,,,,,,,19.0,False
1305,DAMODARIND,2026-09-30,26.96,28.18,28.2,-4.32,False,False,False,True,41.55,1.22,37.2,20.0,-27.53,34.8,10,NORMAL,volume confirmation,,,,0,0,NOT A RECOVERY,False,,33.97,2026-05-04,-20.64,False,False,10,NORMAL,volume >=1.2x,30,50DMA > 200DMA; volume >=1.2x,False,19.0,29.44,9.2,24.26,0.92,NORMAL,,,,,,,,,,,,,,,,,,19.0,False
1306,GODREJPROP,2026-09-30,1628.5,1834.64,1933.0,-11.24,False,False,False,True,26.83,1.23,2352.0,1434.0,-30.76,13.56,10,NORMAL,volume confirmation,,,,0,0,NOT A RECOVERY,False,,2180.0,2026-07-29,-25.3,False,False,10,NORMAL,volume >=1.2x,30,50DMA > 200DMA; volume >=1.2x,False,19.0,1724.87,5.92,1465.65,0.59,NORMAL,,,,,,,,,,,,,,,,,,19.0,False
1307,RADIOCITY,2026-09-30,5.99,6.19,6.44,-3.25,False,False,False,True,38.58,1.24,8.7,4.5,-31.15,33.11,10,NORMAL,volume confirmation,,,,0,0,NOT A RECOVERY,False,,7.35,2026-07-30,-18.5,False,False,10,NORMAL,volume >=1.2x,30,50DMA > 200DMA; volume >=1.2x,False,19.0,6.45,7.61,5.39,0.76,NORMAL,,,,,,,,,,,,,,,,,,19.0,False
1308,FSL,2026-09-30,255.8,264.07,272.53,-3.13,False,False,False,True,43.48,2.45,371.75,202.0,-31.19,26.63,10,NORMAL,volume confirmation,,,,0,0,NOT A RECOVERY,False,,343.75,2026-01-08,-25.59,False,False,10,NORMAL,volume >=1.2x,30,50DMA > 200DMA; volume >=1.2x,False,19.0,276.4,8.05,230.22,0.81,NORMAL,,,,,,,,,,,,,,,,,,19.0,False
1309,FAZE3Q,2026-09-30,442.15,485.34,497.11,-8.9,False,False,False,True,41.81,11.22,650.05,322.1,-31.98,37.27,10,NORMAL,volume confirmation,,,,0,0,NOT A RECOVERY,False,,650.05,2026-06-25,-31.98,False,False,10,NORMAL,volume >=1.2x,30,50DMA > 200DMA; volume >=1.2x,False,19.0,486.51,10.03,397.93,1.0,NORMAL,,,,,,,,,,,,,,,,,,19.0,False
1310,RAJSREESUG,2026-09-30,28.87,32.06,33.16,-9.96,False,False,False,True,29.51,2.75,42.48,24.65,-32.04,17.12,10,NORMAL,volume confirmation,,,,0,0,NOT A RECOVERY,False,,42.0,2026-08-24,-31.26,False,False,10,NORMAL,volume >=1.2x,30,50DMA > 200DMA; volume >=1.2x,False,19.0,32.1,11.18,25.98,1.12,NORMAL,,,,,,,,,,,,,,,,,,19.0,False
1311,SUPREMEINF,2026-09-30,73.9,80.9,84.57,-8.65,False,False,False,True,32.66,1.94,110.88,58.11,-33.35,27.17,10,NORMAL,volume confirmation,,,,0,0,NOT A RECOVERY,False,,99.46,2026-08-05,-25.7,False,False,10,NORMAL,volume >=1.2x,30,50DMA > 200DMA; volume >=1.2x,False,19.0,84.68,14.59,66.51,1.46,NORMAL,,,,,,,,,,,,,,,,,,19.0,False
1312,JITFINFRA,2026-09-30,278.8,309.53,313.71,-9.93,False,False,False,True,36.46,1.21,433.15,222.35,-35.63,25.39,10,NORMAL,volume confirmation,,,,0,0,NOT A RECOVERY,False,,433.15,2026-02-18,-35.63,False,False,10,NORMAL,volume >=1.2x,30,50DMA > 200DMA; volume >=1.2x,False,19.0,302.13,8.37,250.92,0.84,NORMAL,,,,,,,,,,,,,,,,,,19.0,False
1313,NDGL,2026-09-30,2484.0,2654.17,2718.86,-6.41,False,False,False,True,27.5,1.44,4050.0,2100.0,-38.67,18.29,10,NORMAL,volume confirmation,,,,0,0,NOT A RECOVERY,False,,3200.0,2026-07-10,-22.38,False,False,10,NORMAL,volume >=1.2x,30,50DMA > 200DMA; volume >=1.2x,False,19.0,2668.86,7.44,2235.6,0.74,NORMAL,,,,,,,,,,,,,,,,,,19.0,False
1314,WANBURY,2026-09-30,199.5,255.12,256.62,-21.8,False,False,False,True,24.88,6.02,358.85,161.5,-44.41,23.53,10,NORMAL,volume confirmation,,,,0,0,NOT A RECOVERY,False,,358.85,2026-07-15,-44.41,False,False,10,NORMAL,volume >=1.2x,30,50DMA > 200DMA; volume >=1.2x,False,19.0,222.69,11.62,179.55,1.16,NORMAL,,,,,,,,,,,,,,,,,,19.0,False
1315,POLICYBZR,2026-09-30,1063.9,1630.18,1677.37,-34.74,False,False,False,True,21.22,1.39,1964.2,1031.4,-45.84,3.15,10,NORMAL,volume confirmation,,,,0,0,NOT A RECOVERY,False,,1904.9,2026-09-23,-44.15,False,False,10,NORMAL,volume >=1.2x,30,50DMA > 200DMA; volume >=1.2x,False,19.0,1307.36,22.88,957.51,2.29,NORMAL,,,,,,,,,,,,,,,,,,19.0,False
1316,GKENERGY,2026-09-30,119.88,128.2,128.44,-6.49,False,False,False,True,38.09,3.02,239.6,87.2,-49.97,37.48,10,NORMAL,volume confirmation,,,,0,0,NOT A RECOVERY,False,,173.0,2025-12-16,-30.71,False,False,10,NORMAL,volume >=1.2x,30,50DMA > 200DMA; volume >=1.2x,False,19.0,128.31,7.04,107.89,0.7,NORMAL,,,,,,,,,,,,,,,,,,19.0,False
1317,EUROPRATIK,2026-09-30,192.3,264.59,265.97,-27.32,False,False,False,True,15.06,3.06,390.0,190.1,-50.69,1.16,10,NORMAL,volume confirmation,,,,0,0,NOT A RECOVERY,False,,374.9,2025-11-27,-48.71,False,False,10,NORMAL,volume >=1.2x,30,50DMA > 200DMA; volume >=1.2x,False,19.0,215.11,11.86,173.07,1.19,NORMAL,,,,,,,,,,,,,,,,,,19.0,False
1318,MCLOUD,2026-09-30,25.06,26.06,27.27,-3.83,False,False,False,True,41.29,1.49,78.97,19.4,-68.27,29.18,10,NORMAL,volume confirmation,,,,0,0,NOT A RECOVERY,False,,34.55,2026-07-03,-27.47,False,False,10,NORMAL,volume >=1.2x,30,50DMA > 200DMA; volume >=1.2x,False,19.0,26.88,7.26,22.55,0.73,NORMAL,,,,,,,,,,,,,,,,,,19.0,False
665,SAATVIKGL,2026-09-30,413.55,422.47,422.01,-2.11,False,False,True,False,46.1,0.2,567.0,328.0,-27.06,26.08,10,NORMAL,200DMA rising,2026-09-29,404.35,2.28,45,45,NEAR 200DMA,True,within 3% of 200DMA; moving toward 200DMA; above breakdown low,502.8,2026-04-29,-17.75,False,False,0,NORMAL,,20,200DMA rising,False,12.5,446.44,7.95,372.19,0.8,200DMA RECOVERY,20.958654,3.5690398,19.35,,51547435008.0,,,5.702999999999999,5.942,69.034,,,,-44.2,,,28.0,18.7,False
646,PRESTIGE,2026-09-30,1481.9,1483.67,1563.04,-0.12,False,False,False,True,45.92,2.57,1805.2,1090.0,-17.91,35.95,10,NORMAL,volume confirmation,2026-09-24,1417.5,4.54,65,65,RECOVERY WATCH,True,at/above 200DMA; moving toward 200DMA; above breakdown low; volume >=1.2x,1741.5,2026-07-10,-14.91,False,False,10,NORMAL,volume >=1.2x,30,50DMA > 200DMA; volume >=1.2x,False,19.0,1572.17,6.09,1333.71,0.61,200DMA RECOVERY,56.334347,3.9335835,26.38,13.0,640108199936.0,7.752000000000001,,23.696,8.725,105.493,,,,15.9,-19.3,-19.3,18.0,18.6,False
708,KOTARISUG,2026-09-30,26.08,26.3,28.02,-0.83,False,False,False,True,40.11,0.48,39.94,22.5,-34.7,15.91,0,NORMAL,,2026-09-29,25.5,2.27,55,55,RECOVERY WATCH,True,at/above 200DMA; moving toward 200DMA; above breakdown low,39.94,2026-08-24,-34.7,False,False,0,NORMAL,,15,50DMA > 200DMA,False,6.75,29.06,11.43,23.47,1.14,200DMA RECOVERY,38.90909,0.72003365,0.66,,2128578816.0,,,-11.915000000000001,2.0650001000000002,23.787,,,,25.1,-93.30000000000001,-93.30000000000001,36.0,18.45,False
718,BAJAJHCARE,2026-09-30,327.2,336.88,329.36,-2.87,False,False,False,False,45.38,0.56,506.45,272.35,-35.39,20.14,0,NORMAL,,2026-09-28,325.15,0.63,45,45,NEAR 200DMA,True,within 3% of 200DMA; moving toward 200DMA; above breakdown low,418.85,2026-01-19,-21.88,False,False,0,NORMAL,,0,,False,0.0,350.44,7.1,294.48,0.71,200DMA RECOVERY,46.135715,1.933705,7.0,46.0,10872163328.0,,,13.123999999999999,2.8080001,46.734,,,,11.3,11.5,11.5,44.0,17.6,False
594,MTEDUCARE,2026-09-30,1.72,1.69,1.83,1.92,True,False,False,True,45.64,0.52,2.53,1.17,-32.02,47.01,20,NORMAL,above 200DMA,2026-09-22,1.58,8.86,45,45,NEAR 200DMA,True,at/above 200DMA; recovery >=5%,2.53,2026-06-30,-32.02,False,False,20,ABOVE 200DMA,above 200DMA,40,above 200DMA; 50DMA > 200DMA,False,29.0,1.97,14.37,1.55,1.44,200DMA RECOVERY,,-2.3389356,-0.43,,120620848.0,,,32.903999999999996,-8.6569995,,0.686,0.146,,-25.2,,,0.0,17.4,False
668,UNITDSPR,2026-09-30,1354.0,1373.13,1473.29,-1.39,False,False,False,True,33.64,1.1,1563.4,1210.8,-13.39,11.83,10,NORMAL,within 15% of 52W high,2026-09-29,1337.6,1.23,25,25,NEAR 200DMA,True,within 3% of 200DMA; above breakdown low,1563.4,2026-08-21,-13.39,False,False,0,NORMAL,,15,50DMA > 200DMA,False,10.25,1410.34,4.16,1218.6,0.42,200DMA RECOVERY,56.026016,10.588552,23.83,126.0,947994951680.0,,,13.164000000000001,14.917,4.611,,,,-10.2,11.200000000000001,11.200000000000001,28.0,17.35,False
704,ASHIMASYN,2026-09-30,15.98,16.3,17.34,-1.95,False,False,False,True,39.54,0.48,23.5,11.5,-32.0,38.96,0,NORMAL,,2026-09-16,15.4,3.77,25,25,NEAR 200DMA,True,within 3% of 200DMA; above breakdown low,20.5,2026-07-21,-22.05,False,False,0,NORMAL,,15,50DMA > 200DMA,False,6.75,17.25,7.93,14.38,0.79,200DMA RECOVERY,,1.0596622,-0.07,,2934316032.0,,,38.849000000000004,-90.102,59.301,,,,201.10000000000002,,,33.0,17.25,False
719,ATL,2026-09-30,24.44,24.78,24.61,-1.39,False,False,False,False,47.31,0.61,40.4,18.2,-39.5,34.29,0,NORMAL,,2026-09-29,24.12,1.33,45,45,NEAR 200DMA,True,within 3% of 200DMA; moving toward 200DMA; above breakdown low,28.29,2026-05-08,-13.61,False,False,0,NORMAL,,0,,False,0.0,26.56,8.67,22.0,0.87,200DMA RECOVERY,16.268965,1.9529762,1.45,,6884961792.0,,,12.447999999999999,4.891,218.109,,,,12.3,-36.1,-36.1,42.0,16.8,False
629,JAYSREETEA,2026-09-30,85.74,86.64,91.25,-1.03,False,False,True,True,35.59,0.76,112.7,70.55,-23.92,21.53,10,NORMAL,200DMA rising,2026-09-29,85.0,0.87,45,45,NEAR 200DMA,True,within 3% of 200DMA; moving toward 200DMA; above breakdown low,112.7,2026-08-26,-23.92,False,False,0,NORMAL,,35,200DMA rising; 50DMA > 200DMA,False,19.25,91.74,7.0,77.17,0.7,200DMA RECOVERY,,0.6098006,-7.63,56.99999999999999,2415601920.0,,,-0.072999997,-2.325,105.877,,,,8.6,,,13.0,16.75,False
654,TRANSWORLD,2026-09-30,162.0,163.85,166.04,-1.13,False,False,False,True,41.51,1.67,262.38,111.56,-38.26,45.21,10,NORMAL,volume confirmation,2026-09-28,159.6,1.5,35,35,NEAR 200DMA,True,within 3% of 200DMA; above breakdown low; volume >=1.2x,196.49,2026-06-16,-17.55,False,False,10,NORMAL,volume >=1.2x,30,50DMA > 200DMA; volume >=1.2x,False,19.0,166.92,3.04,145.8,0.3,200DMA RECOVERY,,0.5181668,-16.64,94.0,3491247616.0,,,-54.788000000000004,-7.13,44.768,,,,8.0,,,13.0,16.6,False
1319,PTL,2026-09-30,37.87,39.27,38.71,-3.57,False,False,False,False,39.76,1.23,43.77,36.1,-13.48,4.9,20,NORMAL,within 15% of 52W high; volume confirmation,,,,0,0,NOT A RECOVERY,False,,43.77,2026-06-25,-13.48,False,False,10,NORMAL,volume >=1.2x,15,volume >=1.2x,False,15.75,39.32,3.82,34.08,0.38,NORMAL,,,,,,,,,,,,,,,,,,15.75,False
1320,AXISBANK,2026-09-30,1226.0,1285.22,1241.3,-4.61,False,False,False,False,46.7,1.31,1418.3,1125.4,-13.56,8.94,20,NORMAL,within 15% of 52W high; volume confirmation,,,,0,0,NOT A RECOVERY,False,,1418.3,2026-02-03,-13.56,False,False,10,NORMAL,volume >=1.2x,15,volume >=1.2x,False,15.75,1276.51,4.12,1103.4,0.41,NORMAL,,,,,,,,,,,,,,,,,,15.75,False
671,AMBICAAGAR,2026-09-30,24.4,24.48,24.95,-0.33,False,False,False,True,43.17,0.25,29.68,20.0,-17.79,22.0,0,NORMAL,,2026-09-29,24.11,1.2,55,55,RECOVERY WATCH,True,at/above 200DMA; moving toward 200DMA; above breakdown low,28.8,2026-02-16,-15.28,False,False,0,NORMAL,,15,50DMA > 200DMA,False,6.75,26.3,7.8,21.96,0.78,200DMA RECOVERY,12.005025,0.5544338,1.99,,410368064.0,,,10.104000000000001,2.52,84.996,,,,-18.2,-3.0,-3.0,28.0,15.25,False
699,ROSSELLIND,2026-09-30,50.87,52.32,56.22,-2.77,False,False,False,True,31.51,0.44,73.0,40.0,-30.32,27.17,0,NORMAL,,2026-09-21,50.1,1.54,45,45,NEAR 200DMA,True,within 3% of 200DMA; moving toward 200DMA; above breakdown low,73.0,2026-08-27,-30.32,False,False,0,NORMAL,,15,50DMA > 200DMA,False,6.75,54.75,7.63,45.78,0.76,200DMA RECOVERY,16.2,0.94774395,3.1,79.0,1893117056.0,,,14.191999999999998,5.313,32.356,,,,-15.6,-52.400000000000006,-52.400000000000006,28.0,15.25,False
637,MOSCHIP,2026-09-30,201.25,202.17,209.16,-0.45,False,False,True,True,42.21,1.08,288.45,146.8,-30.23,37.09,10,NORMAL,200DMA rising,2026-09-28,195.3,3.05,55,55,RECOVERY WATCH,True,at/above 200DMA; moving toward 200DMA; above breakdown low,255.78,2026-07-16,-21.32,False,False,0,NORMAL,,35,200DMA rising; 50DMA > 200DMA,False,19.25,213.34,6.01,181.12,0.6,200DMA RECOVERY,148.89473,9.39243,1.33,,38613069824.0,,,2.9899999999999998,4.723999999999999,21.561,,,,-14.299999999999999,-77.8,-77.8,8.0,14.75,False
611,QUINTEGRA,2026-09-30,1.28,1.32,1.26,-2.89,False,True,False,False,72.09,0.07,2.05,1.1,-37.56,16.36,25,NORMAL,above 50DMA; healthy RSI,2026-08-03,1.1,16.36,85,85,STRONG RETEST,True,within 3% of 200DMA; moving toward 200DMA; recovery >=10%; above 50DMA; RSI >=50,1.74,2025-11-24,-26.44,False,False,20,NORMAL,above 50DMA; RSI >=50,25,above 50DMA; RSI >=50,False,24.0,1.33,3.79,1.15,0.38,200DMA RECOVERY,,-0.27870217,-0.04,,35930532.0,,,0.0,0.0,,,,,,,,0.0,14.4,False
612,SEYAIND,2026-09-30,13.45,13.74,12.64,-2.12,False,True,False,False,58.69,0.78,23.99,8.54,-43.93,57.49,25,NORMAL,above 50DMA; healthy RSI,2026-09-28,13.07,2.91,70,70,RECOVERY WATCH,True,within 3% of 200DMA; moving toward 200DMA; above breakdown low; above 50DMA; RSI >=50,19.97,2026-01-06,-32.65,False,False,20,NORMAL,above 50DMA; RSI >=50,25,above 50DMA; RSI >=50,False,24.0,14.38,6.9,12.1,0.69,200DMA RECOVERY,,0.042128727,-0.6,,393615808.0,,,0.0,0.0,94.447,,,,,,,0.0,14.4,False
717,LOVABLE,2026-09-30,71.05,73.19,71.67,-2.92,False,False,False,False,49.6,0.33,101.95,55.0,-30.31,29.18,0,NORMAL,,2026-07-08,68.16,4.24,45,45,NEAR 200DMA,True,within 3% of 200DMA; moving toward 200DMA; above breakdown low,101.95,2025-10-27,-30.31,False,False,0,NORMAL,,0,,False,0.0,75.74,6.6,63.95,0.66,200DMA RECOVERY,12.764486,0.55865055,5.35,,1010692032.0,,,9.9989995,8.542,1.512,,,,-22.2,-1.6,-1.6,36.0,14.4,False
1321,TEAMGTY,2026-09-30,235.0,251.6,231.76,-6.6,False,True,False,False,47.72,0.34,332.55,210.0,-29.33,11.9,15,NORMAL,above 50DMA,,,,0,0,NOT A RECOVERY,False,,332.55,2025-12-08,-29.33,False,False,10,NORMAL,above 50DMA,15,above 50DMA,False,14.0,250.46,6.58,211.5,0.66,NORMAL,,,,,,,,,,,,,,,,,,14.0,False
1322,AKG,2026-09-30,9.74,11.22,9.54,-13.17,False,True,False,False,48.29,0.58,15.07,8.06,-35.37,20.84,15,NORMAL,above 50DMA,,,,0,0,NOT A RECOVERY,False,,16.82,2025-07-04,-42.09,False,False,10,NORMAL,above 50DMA,15,above 50DMA,False,14.0,10.9,11.91,8.77,1.19,NORMAL,,,,,,,,,,,,,,,,,,14.0,False
1323,AXITA,2026-09-30,7.71,8.44,7.69,-8.67,False,True,False,False,33.81,0.75,12.2,6.57,-36.8,17.35,15,NORMAL,above 50DMA,,,,0,0,NOT A RECOVERY,False,,12.2,2025-12-31,-36.8,False,False,10,NORMAL,above 50DMA,15,above 50DMA,False,14.0,7.95,3.15,6.94,0.31,NORMAL,,,,,,,,,,,,,,,,,,14.0,False
1324,TFL,2026-09-30,11.63,12.68,11.61,-8.3,False,True,False,False,46.31,0.37,18.5,10.21,-37.14,13.91,15,NORMAL,above 50DMA,,,,0,0,NOT A RECOVERY,False,,21.5,2025-07-04,-45.91,False,False,10,NORMAL,above 50DMA,15,above 50DMA,False,14.0,12.76,9.74,10.47,0.97,NORMAL,,,,,,,,,,,,,,,,,,14.0,False
1325,SHREERAMA,2026-09-30,43.73,48.65,42.53,-10.12,False,True,False,False,49.43,0.28,71.99,37.62,-39.26,16.24,15,NORMAL,above 50DMA,,,,0,0,NOT A RECOVERY,False,,71.99,2026-01-02,-39.26,False,False,10,NORMAL,above 50DMA,15,above 50DMA,False,14.0,47.76,9.21,39.36,0.92,NORMAL,,,,,,,,,,,,,,,,,,14.0,False
1326,PINELABS,2026-09-30,171.79,180.08,166.7,-4.61,False,True,False,False,46.23,0.4,284.0,134.73,-39.51,27.51,15,NORMAL,above 50DMA,,,,0,0,NOT A RECOVERY,False,,244.7,2026-01-22,-29.8,False,False,10,NORMAL,above 50DMA,15,above 50DMA,False,14.0,195.3,13.68,154.61,1.37,NORMAL,,,,,,,,,,,,,,,,,,14.0,False
1327,PATANJALI,2026-09-30,363.0,445.81,356.69,-18.57,False,True,False,False,47.1,0.26,614.05,328.2,-40.88,10.6,15,NORMAL,above 50DMA,,,,0,0,NOT A RECOVERY,False,,670.33,2025-04-16,-45.85,False,False,10,NORMAL,above 50DMA,15,above 50DMA,False,14.0,390.96,7.7,326.7,0.77,NORMAL,,,,,,,,,,,,,,,,,,14.0,False
1328,BANG,2026-09-30,32.27,36.81,31.7,-12.33,False,True,False,False,48.16,0.47,62.07,25.84,-48.01,24.88,15,NORMAL,above 50DMA,,,,0,0,NOT A RECOVERY,False,,64.01,2025-06-30,-49.59,False,False,10,NORMAL,above 50DMA,15,above 50DMA,False,14.0,35.52,10.06,29.04,1.01,NORMAL,,,,,,,,,,,,,,,,,,14.0,False
1329,BELLACASA,2026-09-30,246.61,274.59,245.18,-10.19,False,True,False,False,44.75,0.61,497.35,214.68,-50.42,14.87,15,NORMAL,above 50DMA,,,,0,0,NOT A RECOVERY,False,,386.0,2026-01-05,-36.11,False,False,10,NORMAL,above 50DMA,15,above 50DMA,False,14.0,281.19,14.02,221.95,1.4,NORMAL,,,,,,,,,,,,,,,,,,14.0,False
1330,KHADIM,2026-09-30,114.17,119.22,107.56,-4.24,False,True,False,False,46.19,0.18,279.55,77.47,-59.16,47.37,15,NORMAL,above 50DMA,,,,0,0,NOT A RECOVERY,False,,184.3,2026-01-07,-38.05,False,False,10,NORMAL,above 50DMA,15,above 50DMA,False,14.0,119.63,4.78,102.75,0.48,NORMAL,,,,,,,,,,,,,,,,,,14.0,False
1331,GICL,2026-09-30,22.83,34.09,22.05,-33.03,False,True,False,False,41.03,1.06,169.95,15.61,-86.57,46.25,15,NORMAL,above 50DMA,,,,0,0,NOT A RECOVERY,False,,169.95,2025-09-25,-86.57,False,False,10,NORMAL,above 50DMA,15,above 50DMA,False,14.0,25.41,11.32,20.55,1.13,NORMAL,,,,,,,,,,,,,,,,,,14.0,False
716,NDL,2026-09-30,2.61,2.66,2.62,-1.74,False,False,False,False,41.71,0.62,3.48,1.8,-25.0,45.0,0,NORMAL,,2026-09-29,2.57,1.56,45,45,NEAR 200DMA,True,within 3% of 200DMA; moving toward 200DMA; above breakdown low,3.23,2026-02-05,-19.2,False,False,0,NORMAL,,0,,False,0.0,2.91,11.33,2.35,1.13,200DMA RECOVERY,,0.5623201,-0.45,,3661338112.0,,,2.0480001000000003,1.5010000000000001,18.05,,,,-40.6,25.0,25.0,35.0,14.0,False
664,ELECTCAST,2026-09-30,74.37,76.03,75.08,-2.19,False,False,True,False,46.56,0.89,99.0,60.15,-24.88,23.64,10,NORMAL,200DMA rising,2026-09-30,73.89,0.65,45,45,NEAR 200DMA,True,within 3% of 200DMA; moving toward 200DMA; above breakdown low,95.9,2026-05-06,-22.45,False,False,0,NORMAL,,20,200DMA rising,False,12.5,79.92,7.47,66.93,0.75,200DMA RECOVERY,38.22564,0.7779332,1.95,121.0,46079479808.0,,,3.9699999999999998,2.086,26.35,,,,-8.5,-45.800000000000004,-45.800000000000004,16.0,13.9,False
683,TATACOMM,2026-09-30,1656.2,1707.29,1728.34,-2.99,False,False,False,True,36.89,0.64,2110.0,1322.5,-21.51,25.23,0,NORMAL,,2026-09-22,1630.0,1.61,45,45,NEAR 200DMA,True,within 3% of 200DMA; moving toward 200DMA; above breakdown low,2110.0,2026-06-22,-21.51,False,False,0,NORMAL,,15,50DMA > 200DMA,False,6.75,1746.4,5.45,1490.58,0.54,200DMA RECOVERY,50.81522,13.914956,33.12,106.0,479799115776.0,,,7.454,3.7199999999999998,335.854,,,,10.5,-29.4,-29.4,22.0,12.85,False
1332,IGIL,2026-09-30,315.9,337.68,335.7,-6.45,False,False,True,False,41.07,1.05,388.3,287.0,-18.65,10.07,10,NORMAL,200DMA rising,,,,0,0,NOT A RECOVERY,False,,388.3,2026-05-26,-18.65,False,False,0,NORMAL,,20,200DMA rising,False,12.5,334.66,5.94,284.31,0.59,NORMAL,,,,,,,,,,,,,,,,,,12.5,False
1333,INDIANB,2026-09-30,805.9,862.79,857.51,-6.59,False,False,True,False,31.03,1.12,1000.9,727.0,-19.48,10.85,10,NORMAL,200DMA rising,,,,0,0,NOT A RECOVERY,False,,1000.9,2026-04-15,-19.48,False,False,0,NORMAL,,20,200DMA rising,False,12.5,838.65,4.06,725.31,0.41,NORMAL,,,,,,,,,,,,,,,,,,12.5,False
1334,SUPREMEIND,2026-09-30,3451.0,3574.77,3497.39,-3.46,False,False,True,False,48.09,0.92,4293.9,3140.0,-19.63,9.9,10,NORMAL,200DMA rising,,,,0,0,NOT A RECOVERY,False,,4074.8,2026-02-26,-15.31,False,False,0,NORMAL,,20,200DMA rising,False,12.5,3640.33,5.49,3105.9,0.55,NORMAL,,,,,,,,,,,,,,,,,,12.5,False
1335,SARDAEN,2026-09-30,497.3,521.49,508.34,-4.64,False,False,True,False,44.55,0.34,624.0,453.1,-20.3,9.76,10,NORMAL,200DMA rising,,,,0,0,NOT A RECOVERY,False,,624.0,2026-04-28,-20.3,False,False,0,NORMAL,,20,200DMA rising,False,12.5,526.86,5.94,447.57,0.59,NORMAL,,,,,,,,,,,,,,,,,,12.5,False
1336,NTPC,2026-09-30,322.75,358.5,335.63,-9.97,False,False,True,False,37.51,0.97,414.4,315.55,-22.12,2.28,10,NORMAL,200DMA rising,,,,0,0,NOT A RECOVERY,False,,414.4,2026-04-27,-22.12,False,False,0,NORMAL,,20,200DMA rising,False,12.5,332.11,2.9,290.48,0.29,NORMAL,,,,,,,,,,,,,,,,,,12.5,False
1337,SBIN,2026-09-30,959.5,1042.31,1025.03,-7.94,False,False,True,False,33.66,0.99,1234.7,857.25,-22.29,11.93,10,NORMAL,200DMA rising,,,,0,0,NOT A RECOVERY,False,,1234.7,2026-02-24,-22.29,False,False,0,NORMAL,,20,200DMA rising,False,12.5,990.67,3.25,863.55,0.32,NORMAL,,,,,,,,,,,,,,,,,,12.5,False
1338,HINDZINC,2026-09-30,566.0,588.07,578.07,-3.75,False,False,True,False,43.3,0.69,733.0,453.5,-22.78,24.81,10,NORMAL,200DMA rising,,,,0,0,NOT A RECOVERY,False,,733.0,2026-01-27,-22.78,False,False,0,NORMAL,,20,200DMA rising,False,12.5,593.74,4.9,509.4,0.49,NORMAL,,,,,,,,,,,,,,,,,,12.5,False
1339,NATIONALUM,2026-09-30,340.95,372.85,370.11,-8.56,False,False,True,False,35.34,1.14,445.15,204.2,-23.41,66.97,10,NORMAL,200DMA rising,,,,0,0,NOT A RECOVERY,False,,445.15,2026-04-27,-23.41,False,False,0,NORMAL,,20,200DMA rising,False,12.5,359.19,5.35,306.86,0.53,NORMAL,,,,,,,,,,,,,,,,,,12.5,False
1340,MAITHANALL,2026-09-30,925.25,996.77,993.35,-7.18,False,False,True,False,34.18,0.35,1210.1,831.2,-23.54,11.31,10,NORMAL,200DMA rising,,,,0,0,NOT A RECOVERY,False,,1210.1,2026-06-18,-23.54,False,False,0,NORMAL,,20,200DMA rising,False,12.5,985.66,6.53,832.73,0.65,NORMAL,,,,,,,,,,,,,,,,,,12.5,False
1341,MMTC,2026-09-30,56.91,63.37,62.14,-10.19,False,False,True,False,30.6,0.96,78.35,50.1,-27.36,13.59,10,NORMAL,200DMA rising,,,,0,0,NOT A RECOVERY,False,,78.35,2026-06-17,-27.36,False,False,0,NORMAL,,20,200DMA rising,False,12.5,60.08,5.57,51.22,0.56,NORMAL,,,,,,,,,,,,,,,,,,12.5,False
1342,MODIRUBBER,2026-09-30,120.21,124.73,124.19,-3.62,False,False,True,False,44.29,0.37,167.5,98.41,-28.23,22.15,10,NORMAL,200DMA rising,,,,0,0,NOT A RECOVERY,False,,167.5,2025-12-26,-28.23,False,False,0,NORMAL,,20,200DMA rising,False,12.5,131.85,9.68,108.19,0.97,NORMAL,,,,,,,,,,,,,,,,,,12.5,False
1343,PRAJIND,2026-09-30,305.85,335.72,326.78,-8.9,False,False,True,False,33.31,1.02,427.65,273.0,-28.48,12.03,10,NORMAL,200DMA rising,,,,0,0,NOT A RECOVERY,False,,427.65,2026-04-23,-28.48,False,False,0,NORMAL,,20,200DMA rising,False,12.5,319.25,4.38,275.27,0.44,NORMAL,,,,,,,,,,,,,,,,,,12.5,False
1344,SUNCLAY,2026-09-30,1228.9,1312.62,1271.74,-6.38,False,False,True,False,35.72,0.92,1728.0,1112.8,-28.88,10.43,10,NORMAL,200DMA rising,,,,0,0,NOT A RECOVERY,False,,1600.0,2025-11-06,-23.19,False,False,0,NORMAL,,20,200DMA rising,False,12.5,1301.0,5.87,1106.01,0.59,NORMAL,,,,,,,,,,,,,,,,,,12.5,False
1345,PTC,2026-09-30,155.56,173.06,162.36,-10.11,False,False,True,False,45.56,1.09,229.51,149.59,-32.22,3.99,10,NORMAL,200DMA rising,,,,0,0,NOT A RECOVERY,False,,229.51,2026-05-07,-32.22,False,False,0,NORMAL,,20,200DMA rising,False,12.5,160.38,3.1,140.0,0.31,NORMAL,,,,,,,,,,,,,,,,,,12.5,False
1346,SUKHJITS,2026-09-30,156.42,171.38,160.8,-8.73,False,False,True,False,40.17,0.25,231.1,137.3,-32.32,13.93,10,NORMAL,200DMA rising,,,,0,0,NOT A RECOVERY,False,,231.1,2026-02-27,-32.32,False,False,0,NORMAL,,20,200DMA rising,False,12.5,164.56,5.21,140.78,0.52,NORMAL,,,,,,,,,,,,,,,,,,12.5,False
1347,GMDCLTD,2026-09-30,507.7,593.78,564.68,-14.5,False,False,True,False,27.69,0.74,771.9,466.4,-34.23,8.86,10,NORMAL,200DMA rising,,,,0,0,NOT A RECOVERY,False,,771.9,2026-04-17,-34.23,False,False,0,NORMAL,,20,200DMA rising,False,12.5,533.63,5.11,456.93,0.51,NORMAL,,,,,,,,,,,,,,,,,,12.5,False
1348,APEX,2026-09-30,336.5,382.67,374.32,-12.07,False,False,True,False,35.05,0.62,514.5,219.86,-34.6,53.05,10,NORMAL,200DMA rising,,,,0,0,NOT A RECOVERY,False,,514.5,2026-04-21,-34.6,False,False,0,NORMAL,,20,200DMA rising,False,12.5,360.47,7.12,302.85,0.71,NORMAL,,,,,,,,,,,,,,,,,,12.5,False
1349,FORCEMOT,2026-09-30,17054.0,19597.92,17739.32,-12.98,False,False,True,False,42.48,0.91,26450.0,14911.0,-35.52,14.37,10,NORMAL,200DMA rising,,,,0,0,NOT A RECOVERY,False,,26450.0,2026-02-18,-35.52,False,False,0,NORMAL,,20,200DMA rising,False,12.5,17783.43,4.28,15348.6,0.43,NORMAL,,,,,,,,,,,,,,,,,,12.5,False
1350,HINDCOPPER,2026-09-30,472.65,528.08,517.43,-10.5,False,False,True,False,35.52,0.78,760.05,308.5,-37.81,53.21,10,NORMAL,200DMA rising,,,,0,0,NOT A RECOVERY,False,,760.05,2026-01-29,-37.81,False,False,0,NORMAL,,20,200DMA rising,False,12.5,500.33,5.86,425.38,0.59,NORMAL,,,,,,,,,,,,,,,,,,12.5,False
1351,JAIBALAJI,2026-09-30,62.24,67.91,65.52,-8.34,False,False,True,False,39.57,0.44,102.0,53.65,-38.98,16.01,10,NORMAL,200DMA rising,,,,0,0,NOT A RECOVERY,False,,88.5,2026-05-11,-29.67,False,False,0,NORMAL,,20,200DMA rising,False,12.5,67.23,8.02,56.02,0.8,NORMAL,,,,,,,,,,,,,,,,,,12.5,False
1352,AGIIL,2026-09-30,264.7,313.18,287.63,-15.48,False,False,True,False,38.51,0.18,434.4,224.7,-39.07,17.8,10,NORMAL,200DMA rising,,,,0,0,NOT A RECOVERY,False,,434.4,2026-05-04,-39.07,False,False,0,NORMAL,,20,200DMA rising,False,12.5,286.72,8.32,238.23,0.83,NORMAL,,,,,,,,,,,,,,,,,,12.5,False
1353,MCL,2026-09-30,56.74,62.09,57.11,-8.61,False,False,True,False,46.83,0.76,93.2,42.0,-39.12,35.1,10,NORMAL,200DMA rising,,,,0,0,NOT A RECOVERY,False,,93.2,2026-01-21,-39.12,False,False,0,NORMAL,,20,200DMA rising,False,12.5,62.51,10.16,51.07,1.02,NORMAL,,,,,,,,,,,,,,,,,,12.5,False
1354,PANACEABIO,2026-09-30,366.0,403.97,398.13,-9.4,False,False,True,False,38.79,0.58,647.0,292.4,-43.43,25.17,10,NORMAL,200DMA rising,,,,0,0,NOT A RECOVERY,False,,647.0,2026-06-09,-43.43,False,False,0,NORMAL,,20,200DMA rising,False,12.5,394.12,7.68,329.4,0.77,NORMAL,,,,,,,,,,,,,,,,,,12.5,False
1355,NARMADA,2026-09-30,12.71,15.86,14.57,-19.84,False,False,True,False,32.8,0.96,22.58,9.95,-43.72,27.74,10,NORMAL,200DMA rising,,,,0,0,NOT A RECOVERY,False,,22.58,2026-06-10,-43.72,False,False,0,NORMAL,,20,200DMA rising,False,12.5,13.99,10.09,11.44,1.01,NORMAL,,,,,,,,,,,,,,,,,,12.5,False
1356,TARIL,2026-09-30,270.1,298.65,292.79,-9.56,False,False,True,False,34.38,0.95,501.2,224.05,-46.11,20.55,10,NORMAL,200DMA rising,,,,0,0,NOT A RECOVERY,False,,372.0,2026-06-19,-27.39,False,False,0,NORMAL,,20,200DMA rising,False,12.5,286.49,6.07,243.09,0.61,NORMAL,,,,,,,,,,,,,,,,,,12.5,False
1357,DSSL,2026-09-30,983.2,1122.26,1113.11,-12.39,False,False,True,False,33.71,0.81,1924.8,781.0,-48.92,25.89,10,NORMAL,200DMA rising,,,,0,0,NOT A RECOVERY,False,,1924.8,2026-05-25,-48.92,False,False,0,NORMAL,,20,200DMA rising,False,12.5,1063.91,8.21,884.88,0.82,NORMAL,,,,,,,,,,,,,,,,,,12.5,False
1358,TCIFINANCE,2026-09-30,14.78,16.91,15.12,-12.59,False,False,True,False,44.17,0.62,38.46,10.0,-61.57,47.8,10,NORMAL,200DMA rising,,,,0,0,NOT A RECOVERY,False,,38.46,2026-01-09,-61.57,False,False,0,NORMAL,,20,200DMA rising,False,12.5,16.57,12.13,13.3,1.21,NORMAL,,,,,,,,,,,,,,,,,,12.5,False
1359,VIVIMEDLAB,2026-09-30,5.44,7.36,5.71,-26.04,False,False,True,False,38.0,0.42,29.4,4.75,-81.5,14.53,10,NORMAL,200DMA rising,,,,0,0,NOT A RECOVERY,False,,29.4,2025-12-18,-81.5,False,False,0,NORMAL,,20,200DMA rising,False,12.5,5.79,6.36,4.9,0.64,NORMAL,,,,,,,,,,,,,,,,,,12.5,False
1360,LT,2026-09-30,3760.0,3970.38,3957.7,-5.3,False,False,False,False,35.61,1.63,4440.0,3288.1,-15.32,14.35,10,NORMAL,volume confirmation,,,,0,0,NOT A RECOVERY,False,,4440.0,2026-02-24,-15.32,False,False,10,NORMAL,volume >=1.2x,15,volume >=1.2x,False,12.25,3889.63,3.45,3384.0,0.34,NORMAL,,,,,,,,,,,,,,,,,,12.25,False
1361,DMART,2026-09-30,3801.4,4004.18,3867.57,-5.06,False,False,False,False,49.87,1.45,4644.0,3600.0,-18.14,5.59,10,NORMAL,volume confirmation,,,,0,0,NOT A RECOVERY,False,,4644.0,2026-04-17,-18.14,False,False,10,NORMAL,volume >=1.2x,15,volume >=1.2x,False,12.25,3937.39,3.58,3421.26,0.36,NORMAL,,,,,,,,,,,,,,,,,,12.25,False
1362,BHARTIARTL,2026-09-30,1757.0,1908.55,1887.3,-7.94,False,False,False,False,34.33,1.51,2174.5,1740.5,-19.2,0.95,10,NORMAL,volume confirmation,,,,0,0,NOT A RECOVERY,False,,2164.0,2025-12-23,-18.81,False,False,10,NORMAL,volume >=1.2x,15,volume >=1.2x,False,12.25,1811.69,3.11,1581.3,0.31,NORMAL,,,,,,,,,,,,,,,,,,12.25,False
1363,SBILIFE,2026-09-30,1696.4,1880.44,1781.14,-9.79,False,False,False,False,41.31,1.67,2132.0,1652.9,-20.43,2.63,10,NORMAL,volume confirmation,,,,0,0,NOT A RECOVERY,False,,2132.0,2026-02-23,-20.43,False,False,10,NORMAL,volume >=1.2x,15,volume >=1.2x,False,12.25,1777.77,4.8,1526.76,0.48,NORMAL,,,,,,,,,,,,,,,,,,12.25,False
1364,MGL,2026-09-30,1058.0,1097.48,1096.74,-3.6,False,False,False,False,42.53,1.65,1335.4,900.0,-20.77,17.56,10,NORMAL,volume confirmation,,,,0,0,NOT A RECOVERY,False,,1252.0,2026-06-22,-15.5,False,False,10,NORMAL,volume >=1.2x,15,volume >=1.2x,False,12.25,1104.33,4.38,952.2,0.44,NORMAL,,,,,,,,,,,,,,,,,,12.25,False
1365,INDUSTOWER,2026-09-30,373.2,413.71,379.97,-9.79,False,False,False,False,47.1,1.49,481.5,337.8,-22.49,10.48,10,NORMAL,volume confirmation,,,,0,0,NOT A RECOVERY,False,,481.5,2026-02-19,-22.49,False,False,10,NORMAL,volume >=1.2x,15,volume >=1.2x,False,12.25,392.15,5.08,335.88,0.51,NORMAL,,,,,,,,,,,,,,,,,,12.25,False
1366,BPCL,2026-09-30,303.2,323.82,313.51,-6.37,False,False,False,False,43.38,1.38,391.65,266.6,-22.58,13.73,10,NORMAL,volume confirmation,,,,0,0,NOT A RECOVERY,False,,391.65,2026-02-05,-22.58,False,False,10,NORMAL,volume >=1.2x,15,volume >=1.2x,False,12.25,316.4,4.35,272.88,0.44,NORMAL,,,,,,,,,,,,,,,,,,12.25,False
1367,TATAPOWER,2026-09-30,359.0,386.72,370.41,-7.17,False,False,False,False,41.93,1.47,464.9,342.5,-22.78,4.82,10,NORMAL,volume confirmation,,,,0,0,NOT A RECOVERY,False,,464.9,2026-04-28,-22.78,False,False,10,NORMAL,volume >=1.2x,15,volume >=1.2x,False,12.25,372.88,3.87,323.1,0.39,NORMAL,,,,,,,,,,,,,,,,,,12.25,False
1368,BRITANNIA,2026-09-30,4830.0,5554.89,5252.91,-13.05,False,False,False,False,29.3,1.94,6271.0,4758.0,-22.98,1.51,10,NORMAL,volume confirmation,,,,0,0,NOT A RECOVERY,False,,6336.0,2025-09-04,-23.77,False,False,10,NORMAL,volume >=1.2x,15,volume >=1.2x,False,12.25,4968.57,2.87,4347.0,0.29,NORMAL,,,,,,,,,,,,,,,,,,12.25,False
1369,SRF,2026-09-30,2472.5,2690.96,2570.72,-8.12,False,False,False,False,41.47,1.37,3210.0,2355.0,-22.98,4.99,10,NORMAL,volume confirmation,,,,0,0,NOT A RECOVERY,False,,3143.0,2025-12-26,-21.33,False,False,10,NORMAL,volume >=1.2x,15,volume >=1.2x,False,12.25,2572.79,4.06,2225.25,0.41,NORMAL,,,,,,,,,,,,,,,,,,12.25,False
1370,HDFCAMC,2026-09-30,2280.7,2592.38,2496.3,-12.02,False,False,False,False,34.11,1.51,2967.25,2205.6,-23.14,3.4,10,NORMAL,volume confirmation,,,,0,0,NOT A RECOVERY,False,,2901.5,2026-02-18,-21.4,False,False,10,NORMAL,volume >=1.2x,15,volume >=1.2x,False,12.25,2381.13,4.4,2052.63,0.44,NORMAL,,,,,,,,,,,,,,,,,,12.25,False
1371,M&M,2026-09-30,2950.0,3274.85,3247.65,-9.92,False,False,False,False,28.53,1.24,3839.9,2896.0,-23.18,1.86,10,NORMAL,volume confirmation,,,,0,0,NOT A RECOVERY,False,,3839.9,2026-01-05,-23.18,False,False,10,NORMAL,volume >=1.2x,15,volume >=1.2x,False,12.25,3060.69,3.75,2655.0,0.38,NORMAL,,,,,,,,,,,,,,,,,,12.25,False
1372,ALLDIGI,2026-09-30,767.25,816.25,808.62,-6.0,False,False,False,False,33.59,1.53,1000.0,700.0,-23.28,9.61,10,NORMAL,volume confirmation,,,,0,0,NOT A RECOVERY,False,,1000.0,2026-02-03,-23.28,False,False,10,NORMAL,volume >=1.2x,15,volume >=1.2x,False,12.25,805.41,4.97,690.52,0.5,NORMAL,,,,,,,,,,,,,,,,,,12.25,False
1373,MRF,2026-09-30,125280.0,134539.7,130309.4,-6.88,False,False,False,False,40.97,1.28,163600.0,122000.0,-23.42,2.69,10,NORMAL,volume confirmation,,,,0,0,NOT A RECOVERY,False,,163600.0,2025-10-24,-23.42,False,False,10,NORMAL,volume >=1.2x,15,volume >=1.2x,False,12.25,128635.0,2.68,112752.0,0.27,NORMAL,,,,,,,,,,,,,,,,,,12.25,False
1374,DOMS,2026-09-30,2107.0,2303.75,2194.37,-8.54,False,False,False,False,44.31,1.29,2755.0,2020.0,-23.52,4.31,10,NORMAL,volume confirmation,,,,0,0,NOT A RECOVERY,False,,2895.0,2025-05-14,-27.22,False,False,10,NORMAL,volume >=1.2x,15,volume >=1.2x,False,12.25,2201.86,4.5,1896.3,0.45,NORMAL,,,,,,,,,,,,,,,,,,12.25,False
1375,TATACONSUM,2026-09-30,949.5,1114.08,1041.01,-14.77,False,False,False,False,30.18,1.44,1282.7,949.5,-25.98,0.0,10,NORMAL,volume confirmation,,,,0,0,NOT A RECOVERY,False,,1282.7,2026-05-12,-25.98,False,False,10,NORMAL,volume >=1.2x,15,volume >=1.2x,False,12.25,984.06,3.64,854.55,0.36,NORMAL,,,,,,,,,,,,,,,,,,12.25,False
1376,RELIANCE,2026-09-30,1187.0,1361.83,1281.86,-12.84,False,False,False,False,31.11,1.42,1611.8,1181.7,-26.36,0.45,10,NORMAL,volume confirmation,,,,0,0,NOT A RECOVERY,False,,1611.8,2026-01-05,-26.36,False,False,10,NORMAL,volume >=1.2x,15,volume >=1.2x,False,12.25,1223.81,3.1,1068.3,0.31,NORMAL,,,,,,,,,,,,,,,,,,12.25,False
1377,SAGARDEEP,2026-09-30,23.13,24.55,23.98,-5.78,False,False,False,False,42.32,1.47,31.48,20.81,-26.52,11.15,10,NORMAL,volume confirmation,,,,0,0,NOT A RECOVERY,False,,31.48,2025-10-06,-26.52,False,False,10,NORMAL,volume >=1.2x,15,volume >=1.2x,False,12.25,24.81,7.28,20.82,0.73,NORMAL,,,,,,,,,,,,,,,,,,12.25,False
1378,BHARTIHEXA,2026-09-30,1424.5,1577.07,1550.32,-9.67,False,False,False,False,35.02,1.2,1955.6,1398.0,-27.16,1.9,10,NORMAL,volume confirmation,,,,0,0,NOT A RECOVERY,False,,1850.5,2025-12-29,-23.02,False,False,10,NORMAL,volume >=1.2x,15,volume >=1.2x,False,12.25,1496.56,5.06,1282.05,0.51,NORMAL,,,,,,,,,,,,,,,,,,12.25,False
1379,DALBHARAT,2026-09-30,1683.7,1887.79,1790.61,-10.81,False,False,False,False,41.12,1.27,2319.9,1605.0,-27.42,4.9,10,NORMAL,volume confirmation,,,,0,0,NOT A RECOVERY,False,,2496.3,2025-09-17,-32.55,False,False,10,NORMAL,volume >=1.2x,15,volume >=1.2x,False,12.25,1778.17,5.61,1515.33,0.56,NORMAL,,,,,,,,,,,,,,,,,,12.25,False
1380,MPHASIS,2026-09-30,2154.4,2400.93,2377.63,-10.27,False,False,False,False,27.29,1.95,2975.0,2013.0,-27.58,7.02,10,NORMAL,volume confirmation,,,,0,0,NOT A RECOVERY,False,,2975.0,2026-02-03,-27.58,False,False,10,NORMAL,volume >=1.2x,15,volume >=1.2x,False,12.25,2275.0,5.6,1938.96,0.56,NORMAL,,,,,,,,,,,,,,,,,,12.25,False
1381,BAJAJHFL,2026-09-30,82.0,86.75,84.4,-5.48,False,False,False,False,41.83,1.44,113.45,72.65,-27.72,12.87,10,NORMAL,volume confirmation,,,,0,0,NOT A RECOVERY,False,,,,,False,False,10,NORMAL,volume >=1.2x,15,volume >=1.2x,False,12.25,85.19,3.89,73.8,0.39,NORMAL,,,,,,,,,,,,,,,,,,12.25,False
1382,ELDEHSG,2026-09-30,751.05,832.6,780.59,-9.79,False,False,False,False,37.89,1.5,1044.1,701.55,-28.07,7.06,10,NORMAL,volume confirmation,,,,0,0,NOT A RECOVERY,False,,1044.1,2026-01-01,-28.07,False,False,10,NORMAL,volume >=1.2x,15,volume >=1.2x,False,12.25,796.99,6.12,675.94,0.61,NORMAL,,,,,,,,,,,,,,,,,,12.25,False
1383,ASHOKLEY,2026-09-30,154.19,171.63,167.07,-10.16,False,False,False,False,35.54,1.6,215.42,134.21,-28.42,14.89,10,NORMAL,volume confirmation,,,,0,0,NOT A RECOVERY,False,,215.42,2026-02-11,-28.42,False,False,10,NORMAL,volume >=1.2x,15,volume >=1.2x,False,12.25,162.06,5.11,138.77,0.51,NORMAL,,,,,,,,,,,,,,,,,,12.25,False
1384,MSPL,2026-09-30,33.0,35.62,34.69,-7.35,False,False,False,False,43.08,3.2,46.12,26.25,-28.45,25.71,10,NORMAL,volume confirmation,,,,0,0,NOT A RECOVERY,False,,46.12,2026-06-22,-28.45,False,False,10,NORMAL,volume >=1.2x,15,volume >=1.2x,False,12.25,35.97,8.99,29.7,0.9,NORMAL,,,,,,,,,,,,,,,,,,12.25,False
1385,IOC,2026-09-30,134.93,148.41,137.94,-9.09,False,False,False,False,47.1,1.31,188.96,130.22,-28.59,3.62,10,NORMAL,volume confirmation,,,,0,0,NOT A RECOVERY,False,,188.96,2026-02-27,-28.59,False,False,10,NORMAL,volume >=1.2x,15,volume >=1.2x,False,12.25,139.88,3.67,121.44,0.37,NORMAL,,,,,,,,,,,,,,,,,,12.25,False
1386,ACCELYA,2026-09-30,1090.3,1176.66,1131.33,-7.34,False,False,False,False,26.6,1.45,1527.0,1012.4,-28.6,7.69,10,NORMAL,volume confirmation,,,,0,0,NOT A RECOVERY,False,,1527.0,2025-10-21,-28.6,False,False,10,NORMAL,volume >=1.2x,15,volume >=1.2x,False,12.25,1120.59,2.78,981.27,0.28,NORMAL,,,,,,,,,,,,,,,,,,12.25,False
1387,TIINDIA,2026-09-30,2375.0,2747.07,2719.43,-13.54,False,False,False,False,22.38,3.26,3335.2,2164.9,-28.79,9.7,10,NORMAL,volume confirmation,,,,0,0,NOT A RECOVERY,False,,3335.2,2026-06-24,-28.79,False,False,10,NORMAL,volume >=1.2x,15,volume >=1.2x,False,12.25,2499.11,5.23,2137.5,0.52,NORMAL,,,,,,,,,,,,,,,,,,12.25,False
1388,DCM,2026-09-30,74.0,83.23,80.39,-11.09,False,False,False,False,33.02,1.42,104.3,55.0,-29.05,34.55,10,NORMAL,volume confirmation,,,,0,0,NOT A RECOVERY,False,,104.3,2026-06-05,-29.05,False,False,10,NORMAL,volume >=1.2x,15,volume >=1.2x,False,12.25,78.82,6.51,66.6,0.65,NORMAL,,,,,,,,,,,,,,,,,,12.25,False
1389,BANKBARODA,2026-09-30,230.55,269.96,240.59,-14.6,False,False,False,False,40.63,1.7,325.5,223.82,-29.17,3.01,10,NORMAL,volume confirmation,,,,0,0,NOT A RECOVERY,False,,325.5,2026-02-26,-29.17,False,False,10,NORMAL,volume >=1.2x,15,volume >=1.2x,False,12.25,238.68,3.53,207.5,0.35,NORMAL,,,,,,,,,,,,,,,,,,12.25,False
1390,SOBHA,2026-09-30,1221.6,1376.36,1283.14,-11.24,False,False,False,False,42.68,1.54,1732.0,1130.0,-29.47,8.11,10,NORMAL,volume confirmation,,,,0,0,NOT A RECOVERY,False,,1732.0,2025-11-10,-29.47,False,False,10,NORMAL,volume >=1.2x,15,volume >=1.2x,False,12.25,1285.46,5.23,1099.44,0.52,NORMAL,,,,,,,,,,,,,,,,,,12.25,False
1391,GILLETTE,2026-09-30,7000.0,7855.35,7439.09,-10.89,False,False,False,False,35.18,1.72,9933.0,6870.0,-29.53,1.89,10,NORMAL,volume confirmation,,,,0,0,NOT A RECOVERY,False,,11500.0,2025-07-15,-39.13,False,False,10,NORMAL,volume >=1.2x,15,volume >=1.2x,False,12.25,7262.64,3.75,6300.0,0.38,NORMAL,,,,,,,,,,,,,,,,,,12.25,False
1392,COROMANDEL,2026-09-30,1758.2,2058.34,1985.36,-14.58,False,False,False,False,27.42,4.08,2499.0,1706.5,-29.64,3.03,10,NORMAL,volume confirmation,,,,0,0,NOT A RECOVERY,False,,2499.0,2025-12-19,-29.64,False,False,10,NORMAL,volume >=1.2x,15,volume >=1.2x,False,12.25,1863.21,5.97,1582.38,0.6,NORMAL,,,,,,,,,,,,,,,,,,12.25,False
1393,FIEMIND,2026-09-30,1877.6,2209.71,2167.12,-15.03,False,False,False,False,33.59,1.58,2674.8,1868.5,-29.8,0.49,10,NORMAL,volume confirmation,,,,0,0,NOT A RECOVERY,False,,2674.8,2026-08-12,-29.8,False,False,10,NORMAL,volume >=1.2x,15,volume >=1.2x,False,12.25,1987.2,5.84,1689.84,0.58,NORMAL,,,,,,,,,,,,,,,,,,12.25,False
1394,RCF,2026-09-30,109.97,126.91,118.13,-13.35,False,False,False,False,41.57,1.91,157.2,106.0,-30.04,3.75,10,NORMAL,volume confirmation,,,,0,0,NOT A RECOVERY,False,,157.2,2025-11-18,-30.04,False,False,10,NORMAL,volume >=1.2x,15,volume >=1.2x,False,12.25,114.93,4.51,98.97,0.45,NORMAL,,,,,,,,,,,,,,,,,,12.25,False
1395,FORTIS,2026-09-30,770.0,911.68,907.76,-15.54,False,False,False,False,18.09,4.23,1104.3,757.45,-30.27,1.66,10,NORMAL,volume confirmation,,,,0,0,NOT A RECOVERY,False,,1010.1,2026-06-10,-23.77,False,False,10,NORMAL,volume >=1.2x,15,volume >=1.2x,False,12.25,816.55,6.05,693.0,0.6,NORMAL,,,,,,,,,,,,,,,,,,12.25,False
1396,HDFCBANK,2026-09-30,708.7,813.26,725.09,-12.86,False,False,False,False,42.99,1.41,1020.5,681.9,-30.55,3.93,10,NORMAL,volume confirmation,,,,0,0,NOT A RECOVERY,False,,1020.5,2025-10-23,-30.55,False,False,10,NORMAL,volume >=1.2x,15,volume >=1.2x,False,12.25,738.09,4.15,637.83,0.41,NORMAL,,,,,,,,,,,,,,,,,,12.25,False
1397,SPANDANA,2026-09-30,220.76,248.42,243.39,-11.14,False,False,False,False,33.71,2.97,319.4,181.1,-30.88,21.9,10,NORMAL,volume confirmation,,,,0,0,NOT A RECOVERY,False,,319.4,2026-07-06,-30.88,False,False,10,NORMAL,volume >=1.2x,15,volume >=1.2x,False,12.25,234.15,6.06,198.68,0.61,NORMAL,,,,,,,,,,,,,,,,,,12.25,False
1398,HCLTECH,2026-09-30,1230.0,1347.6,1298.57,-8.73,False,False,False,False,42.08,1.73,1780.1,1030.0,-30.9,19.42,10,NORMAL,volume confirmation,,,,0,0,NOT A RECOVERY,False,,1780.1,2026-02-03,-30.9,False,False,10,NORMAL,volume >=1.2x,15,volume >=1.2x,False,12.25,1297.71,5.51,1107.0,0.55,NORMAL,,,,,,,,,,,,,,,,,,12.25,False
1399,VLSFINANCE,2026-09-30,234.09,251.46,248.86,-6.91,False,False,False,False,35.24,1.27,339.0,198.81,-30.95,17.75,10,NORMAL,volume confirmation,,,,0,0,NOT A RECOVERY,False,,339.0,2025-12-05,-30.95,False,False,10,NORMAL,volume >=1.2x,15,volume >=1.2x,False,12.25,248.68,6.23,210.68,0.62,NORMAL,,,,,,,,,,,,,,,,,,12.25,False
1400,JKIL,2026-09-30,463.3,510.44,487.76,-9.24,False,False,False,False,39.01,2.21,672.0,425.0,-31.06,9.01,10,NORMAL,volume confirmation,,,,0,0,NOT A RECOVERY,False,,819.0,2024-12-04,-43.43,False,False,10,NORMAL,volume >=1.2x,15,volume >=1.2x,False,12.25,487.99,5.33,416.97,0.53,NORMAL,,,,,,,,,,,,,,,,,,12.25,False
1401,BANCOINDIA,2026-09-30,606.3,628.79,622.85,-3.58,False,False,False,False,47.11,1.3,879.8,502.0,-31.09,20.78,10,NORMAL,volume confirmation,,,,0,0,NOT A RECOVERY,False,,817.0,2025-11-19,-25.79,False,False,10,NORMAL,volume >=1.2x,15,volume >=1.2x,False,12.25,637.33,5.12,545.67,0.51,NORMAL,,,,,,,,,,,,,,,,,,12.25,False
1402,MARUTI,2026-09-30,11967.0,13940.0,13176.92,-14.15,False,False,False,False,30.44,1.21,17370.0,11831.0,-31.11,1.15,10,NORMAL,volume confirmation,,,,0,0,NOT A RECOVERY,False,,17370.0,2026-01-05,-31.11,False,False,10,NORMAL,volume >=1.2x,15,volume >=1.2x,False,12.25,12346.14,3.17,10770.3,0.32,NORMAL,,,,,,,,,,,,,,,,,,12.25,False
1403,SCODATUBES,2026-09-30,124.87,139.48,134.45,-10.48,False,False,False,False,41.29,1.45,181.48,110.0,-31.19,13.52,10,NORMAL,volume confirmation,,,,0,0,NOT A RECOVERY,False,,173.7,2025-12-01,-28.11,False,False,10,NORMAL,volume >=1.2x,15,volume >=1.2x,False,12.25,137.43,10.06,112.38,1.01,NORMAL,,,,,,,,,,,,,,,,,,12.25,False
1404,JIOFIN,2026-09-30,216.88,248.82,239.85,-12.84,False,False,False,False,26.21,1.29,316.85,215.36,-31.55,0.71,10,NORMAL,volume confirmation,,,,0,0,NOT A RECOVERY,False,,309.8,2025-11-27,-29.99,False,False,10,NORMAL,volume >=1.2x,15,volume >=1.2x,False,12.25,225.08,3.78,195.19,0.38,NORMAL,,,,,,,,,,,,,,,,,,12.25,False
1405,LTTS,2026-09-30,3228.6,3563.53,3457.37,-9.4,False,False,False,False,40.58,2.68,4726.0,3010.0,-31.68,7.26,10,NORMAL,volume confirmation,,,,0,0,NOT A RECOVERY,False,,4726.0,2025-12-04,-31.68,False,False,10,NORMAL,volume >=1.2x,15,volume >=1.2x,False,12.25,3401.03,5.34,2905.74,0.53,NORMAL,,,,,,,,,,,,,,,,,,12.25,False
1406,ARVINDFASN,2026-09-30,387.45,455.14,442.6,-14.87,False,False,False,False,27.61,1.58,569.0,366.2,-31.91,5.8,10,NORMAL,volume confirmation,,,,0,0,NOT A RECOVERY,False,,556.5,2025-11-04,-30.38,False,False,10,NORMAL,volume >=1.2x,15,volume >=1.2x,False,12.25,415.59,7.26,348.71,0.73,NORMAL,,,,,,,,,,,,,,,,,,12.25,False
1407,KOKUYOCMLN,2026-09-30,75.87,84.6,80.64,-10.32,False,False,False,False,41.21,2.1,111.61,71.05,-32.02,6.78,10,NORMAL,volume confirmation,,,,0,0,NOT A RECOVERY,False,,100.0,2025-11-19,-24.13,False,False,10,NORMAL,volume >=1.2x,15,volume >=1.2x,False,12.25,79.75,5.11,68.28,0.51,NORMAL,,,,,,,,,,,,,,,,,,12.25,False
1408,VOLTAS,2026-09-30,1070.0,1332.92,1215.58,-19.72,False,False,False,False,33.14,1.57,1582.5,1066.0,-32.39,0.38,10,NORMAL,volume confirmation,,,,0,0,NOT A RECOVERY,False,,1582.5,2026-02-27,-32.39,False,False,10,NORMAL,volume >=1.2x,15,volume >=1.2x,False,12.25,1130.63,5.67,963.0,0.57,NORMAL,,,,,,,,,,,,,,,,,,12.25,False
1409,HUDCO,2026-09-30,166.58,197.44,184.6,-15.63,False,False,False,False,33.27,1.27,246.85,159.0,-32.52,4.77,10,NORMAL,volume confirmation,,,,0,0,NOT A RECOVERY,False,,246.85,2025-11-18,-32.52,False,False,10,NORMAL,volume >=1.2x,15,volume >=1.2x,False,12.25,175.8,5.54,149.92,0.55,NORMAL,,,,,,,,,,,,,,,,,,12.25,False
1410,CHOLAHLDNG,2026-09-30,1386.2,1609.6,1523.27,-13.88,False,False,False,False,27.93,1.54,2064.0,1305.0,-32.84,6.22,10,NORMAL,volume confirmation,,,,0,0,NOT A RECOVERY,False,,2064.0,2025-11-06,-32.84,False,False,10,NORMAL,volume >=1.2x,15,volume >=1.2x,False,12.25,1474.04,6.34,1247.58,0.63,NORMAL,,,,,,,,,,,,,,,,,,12.25,False
1411,GLOBALE,2026-09-30,10.31,11.79,11.07,-12.55,False,False,False,False,38.82,3.3,15.4,9.2,-33.05,12.07,10,NORMAL,volume confirmation,,,,0,0,NOT A RECOVERY,False,,15.4,2026-04-22,-33.05,False,False,10,NORMAL,volume >=1.2x,15,volume >=1.2x,False,12.25,11.74,13.88,9.28,1.39,NORMAL,,,,,,,,,,,,,,,,,,12.25,False
1412,NATCOPHARM,2026-09-30,820.76,942.77,868.31,-12.94,False,False,False,False,42.04,1.41,1226.8,789.0,-33.1,4.03,10,NORMAL,volume confirmation,,,,0,0,NOT A RECOVERY,False,,1226.8,2026-05-12,-33.1,False,False,10,NORMAL,volume >=1.2x,15,volume >=1.2x,False,12.25,860.33,4.82,738.68,0.48,NORMAL,,,,,,,,,,,,,,,,,,12.25,False
1413,INDIANCARD,2026-09-30,186.13,215.63,213.39,-13.68,False,False,False,False,32.12,1.64,278.25,153.0,-33.11,21.65,10,NORMAL,volume confirmation,,,,0,0,NOT A RECOVERY,False,,263.0,2026-01-07,-29.23,False,False,10,NORMAL,volume >=1.2x,15,volume >=1.2x,False,12.25,205.45,10.38,167.52,1.04,NORMAL,,,,,,,,,,,,,,,,,,12.25,False
1414,PARKHOTELS,2026-09-30,105.92,120.46,114.31,-12.07,False,False,False,False,40.59,2.78,158.36,95.1,-33.11,11.38,10,NORMAL,volume confirmation,,,,0,0,NOT A RECOVERY,False,,152.6,2025-10-31,-30.59,False,False,10,NORMAL,volume >=1.2x,15,volume >=1.2x,False,12.25,112.88,6.57,95.33,0.66,NORMAL,,,,,,,,,,,,,,,,,,12.25,False
1415,HAVELLS,2026-09-30,1016.0,1264.59,1199.43,-19.66,False,False,False,False,22.77,1.76,1520.0,1015.1,-33.16,0.09,10,NORMAL,volume confirmation,,,,0,0,NOT A RECOVERY,False,,1721.2,2025-01-03,-40.97,False,False,10,NORMAL,volume >=1.2x,15,volume >=1.2x,False,12.25,1064.27,4.75,914.4,0.48,NORMAL,,,,,,,,,,,,,,,,,,12.25,False
1416,NORBTEAEXP,2026-09-30,66.25,77.51,66.73,-14.53,False,False,False,False,48.94,2.35,99.35,47.5,-33.32,39.47,10,NORMAL,volume confirmation,,,,0,0,NOT A RECOVERY,False,,99.35,2026-01-02,-33.32,False,False,10,NORMAL,volume >=1.2x,15,volume >=1.2x,False,12.25,73.27,10.59,59.62,1.06,NORMAL,,,,,,,,,,,,,,,,,,12.25,False
1417,UPL,2026-09-30,539.75,642.23,573.89,-15.96,False,False,False,False,36.31,1.51,812.2,532.6,-33.54,1.34,10,NORMAL,volume confirmation,,,,0,0,NOT A RECOVERY,False,,812.2,2026-01-02,-33.54,False,False,10,NORMAL,volume >=1.2x,15,volume >=1.2x,False,12.25,563.28,4.36,485.78,0.44,NORMAL,,,,,,,,,,,,,,,,,,12.25,False
1418,TIPSFILMS,2026-09-30,318.25,361.07,347.2,-11.86,False,False,False,False,43.5,3.32,479.25,276.75,-33.59,15.0,10,NORMAL,volume confirmation,,,,0,0,NOT A RECOVERY,False,,467.1,2025-12-19,-31.87,False,False,10,NORMAL,volume >=1.2x,15,volume >=1.2x,False,12.25,357.56,12.35,286.43,1.24,NORMAL,,,,,,,,,,,,,,,,,,12.25,False
1419,VMM,2026-09-30,101.0,116.74,106.21,-13.49,False,False,False,False,42.89,1.65,152.18,98.0,-33.63,3.06,10,NORMAL,volume confirmation,,,,0,0,NOT A RECOVERY,False,,157.6,2025-08-26,-35.91,False,False,10,NORMAL,volume >=1.2x,15,volume >=1.2x,False,12.25,106.78,5.72,90.9,0.57,NORMAL,,,,,,,,,,,,,,,,,,12.25,False
1420,ZODIACLOTH,2026-09-30,69.03,77.22,73.33,-10.61,False,False,False,False,37.75,2.59,104.0,58.5,-33.63,18.0,10,NORMAL,volume confirmation,,,,0,0,NOT A RECOVERY,False,,104.0,2025-10-23,-33.63,False,False,10,NORMAL,volume >=1.2x,15,volume >=1.2x,False,12.25,72.93,5.65,62.13,0.56,NORMAL,,,,,,,,,,,,,,,,,,12.25,False
1421,NFL,2026-09-30,65.2,75.49,69.89,-13.63,False,False,False,False,29.66,1.45,98.3,63.35,-33.67,2.92,10,NORMAL,volume confirmation,,,,0,0,NOT A RECOVERY,False,,112.2,2025-06-05,-41.89,False,False,10,NORMAL,volume >=1.2x,15,volume >=1.2x,False,12.25,67.82,4.02,58.68,0.4,NORMAL,,,,,,,,,,,,,,,,,,12.25,False
1422,RAILTEL,2026-09-30,265.65,307.95,275.82,-13.74,False,False,False,False,48.65,8.24,400.8,245.0,-33.72,8.43,10,NORMAL,volume confirmation,,,,0,0,NOT A RECOVERY,False,,412.9,2025-09-17,-35.66,False,False,10,NORMAL,volume >=1.2x,15,volume >=1.2x,False,12.25,283.37,6.67,239.08,0.67,NORMAL,,,,,,,,,,,,,,,,,,12.25,False
1423,PILANIINVS,2026-09-30,3956.5,4535.83,4265.84,-12.77,False,False,False,False,32.51,2.11,5980.0,3901.8,-33.84,1.4,10,NORMAL,volume confirmation,,,,0,0,NOT A RECOVERY,False,,5980.0,2025-10-23,-33.84,False,False,10,NORMAL,volume >=1.2x,15,volume >=1.2x,False,12.25,4175.46,5.53,3560.85,0.55,NORMAL,,,,,,,,,,,,,,,,,,12.25,False
1424,ITI,2026-09-30,246.4,284.82,270.3,-13.49,False,False,False,False,29.74,5.64,372.85,237.0,-33.91,3.97,10,NORMAL,volume confirmation,,,,0,0,NOT A RECOVERY,False,,351.4,2025-10-16,-29.88,False,False,10,NORMAL,volume >=1.2x,15,volume >=1.2x,False,12.25,260.4,5.68,221.76,0.57,NORMAL,,,,,,,,,,,,,,,,,,12.25,False
1425,MASTEK,2026-09-30,1562.8,1737.6,1717.25,-10.06,False,False,False,False,41.52,1.37,2369.0,1334.2,-34.03,17.13,10,NORMAL,volume confirmation,,,,0,0,NOT A RECOVERY,False,,2243.0,2026-01-20,-30.33,False,False,10,NORMAL,volume >=1.2x,15,volume >=1.2x,False,12.25,1662.23,6.36,1406.52,0.64,NORMAL,,,,,,,,,,,,,,,,,,12.25,False
1426,GENCON,2026-09-30,39.54,42.89,40.7,-7.81,False,False,False,False,47.09,2.6,59.96,36.35,-34.06,8.78,10,NORMAL,volume confirmation,,,,0,0,NOT A RECOVERY,False,,59.96,2026-02-25,-34.06,False,False,10,NORMAL,volume >=1.2x,15,volume >=1.2x,False,12.25,44.08,11.47,35.59,1.15,NORMAL,,,,,,,,,,,,,,,,,,12.25,False
1427,BLUEDART,2026-09-30,4629.0,5168.42,4985.04,-10.44,False,False,False,False,29.59,1.24,7036.0,4523.0,-34.21,2.34,10,NORMAL,volume confirmation,,,,0,0,NOT A RECOVERY,False,,6108.5,2025-11-17,-24.22,False,False,10,NORMAL,volume >=1.2x,15,volume >=1.2x,False,12.25,4815.13,4.02,4166.1,0.4,NORMAL,,,,,,,,,,,,,,,,,,12.25,False
1428,PSB,2026-09-30,21.33,24.73,22.98,-13.76,False,False,False,False,31.15,1.23,32.46,20.5,-34.29,4.05,10,NORMAL,volume confirmation,,,,0,0,NOT A RECOVERY,False,,,,,False,False,10,NORMAL,volume >=1.2x,15,volume >=1.2x,False,12.25,22.11,3.65,19.2,0.37,NORMAL,,,,,,,,,,,,,,,,,,12.25,False
1429,IGL,2026-09-30,145.61,162.85,150.34,-10.59,False,False,False,False,42.38,1.75,223.5,139.2,-34.85,4.6,10,NORMAL,volume confirmation,,,,0,0,NOT A RECOVERY,False,,229.0,2025-07-08,-36.41,False,False,10,NORMAL,volume >=1.2x,15,volume >=1.2x,False,12.25,151.16,3.81,131.05,0.38,NORMAL,,,,,,,,,,,,,,,,,,12.25,False
1430,MOHITIND,2026-09-30,22.67,24.2,23.82,-6.31,False,False,False,False,42.34,1.54,34.8,18.6,-34.86,21.88,10,NORMAL,volume confirmation,,,,0,0,NOT A RECOVERY,False,,30.0,2025-12-16,-24.43,False,False,10,NORMAL,volume >=1.2x,15,volume >=1.2x,False,12.25,25.17,11.05,20.4,1.1,NORMAL,,,,,,,,,,,,,,,,,,12.25,False
1431,JWL,2026-09-30,233.12,274.33,244.79,-15.02,False,False,False,False,47.15,13.32,358.25,218.45,-34.93,6.72,10,NORMAL,volume confirmation,,,,0,0,NOT A RECOVERY,False,,457.0,2025-05-19,-48.99,False,False,10,NORMAL,volume >=1.2x,15,volume >=1.2x,False,12.25,247.3,6.08,209.81,0.61,NORMAL,,,,,,,,,,,,,,,,,,12.25,False
1432,BRIGHOTEL,2026-09-30,56.96,62.1,58.68,-8.28,False,False,False,False,47.23,2.65,87.79,54.36,-35.12,4.78,10,NORMAL,volume confirmation,,,,0,0,NOT A RECOVERY,False,,,,,False,False,10,NORMAL,volume >=1.2x,15,volume >=1.2x,False,12.25,59.47,4.41,51.26,0.44,NORMAL,,,,,,,,,,,,,,,,,,12.25,False
1433,NAVKARCORP,2026-09-30,84.88,97.67,96.01,-13.1,False,False,False,False,26.79,1.28,131.36,74.05,-35.38,14.63,10,NORMAL,volume confirmation,,,,0,0,NOT A RECOVERY,False,,120.95,2026-07-15,-29.82,False,False,10,NORMAL,volume >=1.2x,15,volume >=1.2x,False,12.25,90.89,7.08,76.39,0.71,NORMAL,,,,,,,,,,,,,,,,,,12.25,False
1434,ICRA,2026-09-30,4232.0,5371.67,4831.69,-21.22,False,False,False,False,20.24,2.54,6620.0,4198.2,-36.07,0.81,10,NORMAL,volume confirmation,,,,0,0,NOT A RECOVERY,False,,7130.0,2025-07-16,-40.65,False,False,10,NORMAL,volume >=1.2x,15,volume >=1.2x,False,12.25,4426.36,4.59,3808.8,0.46,NORMAL,,,,,,,,,,,,,,,,,,12.25,False
1435,ZUARI,2026-09-30,220.33,237.99,225.14,-7.42,False,False,False,False,47.43,1.29,345.6,175.1,-36.25,25.83,10,NORMAL,volume confirmation,,,,0,0,NOT A RECOVERY,False,,393.55,2025-08-21,-44.01,False,False,10,NORMAL,volume >=1.2x,15,volume >=1.2x,False,12.25,234.0,6.21,198.3,0.62,NORMAL,,,,,,,,,,,,,,,,,,12.25,False
1436,AURUS,2026-09-30,4.43,4.94,4.71,-10.36,False,False,False,False,36.84,1.65,6.95,4.1,-36.26,8.05,10,NORMAL,volume confirmation,,,,0,0,NOT A RECOVERY,False,,10.93,2025-06-03,-59.47,False,False,10,NORMAL,volume >=1.2x,15,volume >=1.2x,False,12.25,5.0,12.9,3.99,1.29,NORMAL,,,,,,,,,,,,,,,,,,12.25,False
1437,PASHUPATI,2026-09-30,75.4,87.88,83.43,-14.2,False,False,False,False,41.5,9.89,118.35,67.75,-36.29,11.29,10,NORMAL,volume confirmation,,,,0,0,NOT A RECOVERY,False,,118.35,2026-04-17,-36.29,False,False,10,NORMAL,volume >=1.2x,15,volume >=1.2x,False,12.25,87.77,16.4,67.86,1.64,NORMAL,,,,,,,,,,,,,,,,,,12.25,False
1438,KEYFINSERV,2026-09-30,242.95,270.4,251.38,-10.15,False,False,False,False,49.15,1.83,382.1,220.0,-36.42,10.43,10,NORMAL,volume confirmation,,,,0,0,NOT A RECOVERY,False,,382.1,2025-11-06,-36.42,False,False,10,NORMAL,volume >=1.2x,15,volume >=1.2x,False,12.25,268.53,10.53,218.65,1.05,NORMAL,,,,,,,,,,,,,,,,,,12.25,False
1439,AMBUJACEM,2026-09-30,374.0,455.5,408.33,-17.89,False,False,False,False,35.34,2.57,588.75,365.75,-36.48,2.26,10,NORMAL,volume confirmation,,,,0,0,NOT A RECOVERY,False,,624.95,2025-07-22,-40.16,False,False,10,NORMAL,volume >=1.2x,15,volume >=1.2x,False,12.25,390.21,4.33,336.6,0.43,NORMAL,,,,,,,,,,,,,,,,,,12.25,False
1440,APCL,2026-09-30,94.22,114.89,100.65,-17.99,False,False,False,False,35.96,1.3,148.78,92.0,-36.67,2.41,10,NORMAL,volume confirmation,,,,0,0,NOT A RECOVERY,False,,155.0,2025-07-30,-39.21,False,False,10,NORMAL,volume >=1.2x,15,volume >=1.2x,False,12.25,102.66,8.96,84.8,0.9,NORMAL,,,,,,,,,,,,,,,,,,12.25,False
1441,ASTRAZEN,2026-09-30,6186.0,8193.29,7293.37,-24.5,False,False,False,False,15.99,6.77,9849.5,6120.5,-37.19,1.07,10,NORMAL,volume confirmation,,,,0,0,NOT A RECOVERY,False,,9849.5,2025-11-03,-37.19,False,False,10,NORMAL,volume >=1.2x,15,volume >=1.2x,False,12.25,6493.36,4.97,5567.4,0.5,NORMAL,,,,,,,,,,,,,,,,,,12.25,False
1442,UBL,2026-09-30,1158.1,1438.94,1325.22,-19.52,False,False,False,False,28.94,2.0,1844.0,1151.0,-37.2,0.62,10,NORMAL,volume confirmation,,,,0,0,NOT A RECOVERY,False,,2299.7,2025-02-03,-49.64,False,False,10,NORMAL,volume >=1.2x,15,volume >=1.2x,False,12.25,1228.59,6.09,1042.29,0.61,NORMAL,,,,,,,,,,,,,,,,,,12.25,False
1443,GLOBUSSPR,2026-09-30,786.45,919.93,873.14,-14.51,False,False,False,False,28.01,1.72,1252.8,782.6,-37.22,0.49,10,NORMAL,volume confirmation,,,,0,0,NOT A RECOVERY,False,,1252.8,2025-11-12,-37.22,False,False,10,NORMAL,volume >=1.2x,15,volume >=1.2x,False,12.25,829.76,5.51,707.81,0.55,NORMAL,,,,,,,,,,,,,,,,,,12.25,False
1444,DBCORP,2026-09-30,175.38,215.62,199.1,-18.66,False,False,False,False,21.06,2.82,280.55,174.01,-37.49,0.79,10,NORMAL,volume confirmation,,,,0,0,NOT A RECOVERY,False,,291.85,2025-07-01,-39.91,False,False,10,NORMAL,volume >=1.2x,15,volume >=1.2x,False,12.25,184.64,5.28,157.84,0.53,NORMAL,,,,,,,,,,,,,,,,,,12.25,False
1445,NBCC,2026-09-30,78.5,96.02,87.94,-18.24,False,False,False,False,31.41,1.31,125.85,77.18,-37.62,1.71,10,NORMAL,volume confirmation,,,,0,0,NOT A RECOVERY,False,,125.85,2025-12-29,-37.62,False,False,10,NORMAL,volume >=1.2x,15,volume >=1.2x,False,12.25,82.53,5.13,70.65,0.51,NORMAL,,,,,,,,,,,,,,,,,,12.25,False
1446,WILLAMAGOR,2026-09-30,22.99,26.76,24.62,-14.08,False,False,False,False,43.2,2.32,37.0,21.11,-37.86,8.91,10,NORMAL,volume confirmation,,,,0,0,NOT A RECOVERY,False,,41.0,2025-07-09,-43.93,False,False,10,NORMAL,volume >=1.2x,15,volume >=1.2x,False,12.25,26.16,13.81,20.69,1.38,NORMAL,,,,,,,,,,,,,,,,,,12.25,False
1447,INDIACEM,2026-09-30,301.85,396.86,365.32,-23.94,False,False,False,False,19.42,1.92,485.8,300.15,-37.87,0.57,10,NORMAL,volume confirmation,,,,0,0,NOT A RECOVERY,False,,485.8,2026-01-08,-37.87,False,False,10,NORMAL,volume >=1.2x,15,volume >=1.2x,False,12.25,323.65,7.22,271.67,0.72,NORMAL,,,,,,,,,,,,,,,,,,12.25,False
1448,IRCTC,2026-09-30,455.4,545.88,483.68,-16.58,False,False,False,False,36.9,1.34,735.75,446.5,-38.1,1.99,10,NORMAL,volume confirmation,,,,0,0,NOT A RECOVERY,False,,,,,False,False,10,NORMAL,volume >=1.2x,15,volume >=1.2x,False,12.25,472.87,3.84,409.86,0.38,NORMAL,,,,,,,,,,,,,,,,,,12.25,False
1449,MUFTI,2026-09-30,72.31,84.0,77.06,-13.92,False,False,False,False,44.15,1.64,116.82,63.06,-38.1,14.67,10,NORMAL,volume confirmation,,,,0,0,NOT A RECOVERY,False,,213.84,2024-12-12,-66.18,False,False,10,NORMAL,volume >=1.2x,15,volume >=1.2x,False,12.25,76.84,6.26,65.08,0.63,NORMAL,,,,,,,,,,,,,,,,,,12.25,False
1450,ITC,2026-09-30,262.75,302.35,271.61,-13.1,False,False,False,False,44.06,1.31,426.4,255.5,-38.38,2.84,10,NORMAL,volume confirmation,,,,0,0,NOT A RECOVERY,False,,445.5,2025-02-07,-41.02,False,False,10,NORMAL,volume >=1.2x,15,volume >=1.2x,False,12.25,271.37,3.28,236.47,0.33,NORMAL,,,,,,,,,,,,,,,,,,12.25,False
1451,EIDPARRY,2026-09-30,685.9,823.03,762.12,-16.66,False,False,False,False,30.69,1.41,1118.0,681.0,-38.65,0.72,10,NORMAL,volume confirmation,,,,0,0,NOT A RECOVERY,False,,1246.8,2025-07-31,-44.99,False,False,10,NORMAL,volume >=1.2x,15,volume >=1.2x,False,12.25,718.45,4.75,617.31,0.47,NORMAL,,,,,,,,,,,,,,,,,,12.25,False
1452,TCS,2026-09-30,2050.6,2504.82,2278.95,-18.13,False,False,False,False,31.41,1.23,3350.0,1976.8,-38.79,3.73,10,NORMAL,volume confirmation,,,,0,0,NOT A RECOVERY,False,,3558.0,2025-05-20,-42.37,False,False,10,NORMAL,volume >=1.2x,15,volume >=1.2x,False,12.25,2171.66,5.9,1845.54,0.59,NORMAL,,,,,,,,,,,,,,,,,,12.25,False
1453,VARDMNPOLY,2026-09-30,5.8,6.64,6.02,-12.69,False,False,False,False,41.95,1.28,9.49,5.1,-38.88,13.73,10,NORMAL,volume confirmation,,,,0,0,NOT A RECOVERY,False,,12.45,2025-06-25,-53.41,False,False,10,NORMAL,volume >=1.2x,15,volume >=1.2x,False,12.25,6.32,8.94,5.22,0.89,NORMAL,,,,,,,,,,,,,,,,,,12.25,False
1454,BRNL,2026-09-30,15.84,19.28,17.13,-17.85,False,False,False,False,28.99,1.39,26.5,15.67,-40.23,1.08,10,NORMAL,volume confirmation,,,,0,0,NOT A RECOVERY,False,,26.5,2025-11-24,-40.23,False,False,10,NORMAL,volume >=1.2x,15,volume >=1.2x,False,12.25,17.45,10.19,14.26,1.02,NORMAL,,,,,,,,,,,,,,,,,,12.25,False
1455,JSLL,2026-09-30,500.8,617.32,526.54,-18.87,False,False,False,False,44.21,1.21,839.0,485.1,-40.31,3.24,10,NORMAL,volume confirmation,,,,0,0,NOT A RECOVERY,False,,849.5,2025-09-23,-41.05,False,False,10,NORMAL,volume >=1.2x,15,volume >=1.2x,False,12.25,531.59,6.15,450.72,0.61,NORMAL,,,,,,,,,,,,,,,,,,12.25,False
1456,ABREL,2026-09-30,1130.7,1361.92,1343.51,-16.98,False,False,False,False,24.77,1.59,1914.0,1080.1,-40.92,4.68,10,NORMAL,volume confirmation,,,,0,0,NOT A RECOVERY,False,,1839.0,2025-12-05,-38.52,False,False,10,NORMAL,volume >=1.2x,15,volume >=1.2x,False,12.25,1218.8,7.79,1017.63,0.78,NORMAL,,,,,,,,,,,,,,,,,,12.25,False
1457,REGENCERAM,2026-09-30,32.38,41.08,34.13,-21.18,False,False,False,False,44.17,1.98,54.99,30.0,-41.12,7.93,10,NORMAL,volume confirmation,,,,0,0,NOT A RECOVERY,False,,54.99,2025-10-23,-41.12,False,False,10,NORMAL,volume >=1.2x,15,volume >=1.2x,False,12.25,39.27,21.29,29.14,2.13,NORMAL,,,,,,,,,,,,,,,,,,12.25,False
1458,USK,2026-09-30,19.14,22.68,21.2,-15.61,False,False,False,False,29.72,1.6,32.57,18.3,-41.23,4.59,10,NORMAL,volume confirmation,,,,0,0,NOT A RECOVERY,False,,35.17,2025-09-23,-45.58,False,False,10,NORMAL,volume >=1.2x,15,volume >=1.2x,False,12.25,21.27,11.14,17.23,1.11,NORMAL,,,,,,,,,,,,,,,,,,12.25,False
1459,MFML,2026-09-30,18.63,22.42,18.86,-16.92,False,False,False,False,48.33,2.54,31.89,16.75,-41.58,11.22,10,NORMAL,volume confirmation,,,,0,0,NOT A RECOVERY,False,,,,,False,False,10,NORMAL,volume >=1.2x,15,volume >=1.2x,False,12.25,21.8,17.01,16.77,1.7,NORMAL,,,,,,,,,,,,,,,,,,12.25,False
1460,BEARDSELL,2026-09-30,22.43,26.82,25.57,-16.38,False,False,False,False,30.43,3.2,38.44,20.02,-41.65,12.04,10,NORMAL,volume confirmation,,,,0,0,NOT A RECOVERY,False,,37.37,2025-10-28,-39.98,False,False,10,NORMAL,volume >=1.2x,15,volume >=1.2x,False,12.25,25.12,11.99,20.19,1.2,NORMAL,,,,,,,,,,,,,,,,,,12.25,False
1461,VINNY,2026-09-30,0.89,1.11,1.02,-20.11,False,False,False,False,17.71,1.8,1.53,0.88,-41.83,1.14,10,NORMAL,volume confirmation,,,,0,0,NOT A RECOVERY,False,,1.53,2025-12-11,-41.83,False,False,10,NORMAL,volume >=1.2x,15,volume >=1.2x,False,12.25,0.96,7.54,0.8,0.75,NORMAL,,,,,,,,,,,,,,,,,,12.25,False
1462,TPHQ,2026-09-30,0.5,0.54,0.5,-7.36,False,False,False,False,43.81,1.23,0.86,0.4,-41.86,25.0,10,NORMAL,volume confirmation,,,,0,0,NOT A RECOVERY,False,,0.73,2026-01-07,-31.51,False,False,10,NORMAL,volume >=1.2x,15,volume >=1.2x,False,12.25,0.54,8.29,0.45,0.83,NORMAL,,,,,,,,,,,,,,,,,,12.25,False
1463,IRFC,2026-09-30,79.28,99.17,84.47,-20.05,False,False,False,False,38.8,4.32,137.17,77.07,-42.2,2.87,10,NORMAL,volume confirmation,,,,0,0,NOT A RECOVERY,False,,148.95,2025-06-09,-46.77,False,False,10,NORMAL,volume >=1.2x,15,volume >=1.2x,False,12.25,82.52,4.09,71.35,0.41,NORMAL,,,,,,,,,,,,,,,,,,12.25,False
1464,INFY,2026-09-30,994.1,1258.33,1102.27,-21.0,False,False,False,False,31.73,1.54,1728.0,980.4,-42.47,1.4,10,NORMAL,volume confirmation,,,,0,0,NOT A RECOVERY,False,,1728.0,2026-02-03,-42.47,False,False,10,NORMAL,volume >=1.2x,15,volume >=1.2x,False,12.25,1042.03,4.82,894.69,0.48,NORMAL,,,,,,,,,,,,,,,,,,12.25,False
1465,MCLEODRUSS,2026-09-30,44.74,50.13,47.51,-10.75,False,False,False,False,47.2,2.12,78.41,28.5,-42.94,56.98,10,NORMAL,volume confirmation,,,,0,0,NOT A RECOVERY,False,,78.41,2026-05-29,-42.94,False,False,10,NORMAL,volume >=1.2x,15,volume >=1.2x,False,12.25,49.23,10.04,40.27,1.0,NORMAL,,,,,,,,,,,,,,,,,,12.25,False
1466,SAFARI,2026-09-30,1429.6,1682.22,1511.59,-15.02,False,False,False,False,31.47,1.46,2507.1,1363.1,-42.98,4.88,10,NORMAL,volume confirmation,,,,0,0,NOT A RECOVERY,False,,2507.1,2025-11-26,-42.98,False,False,10,NORMAL,volume >=1.2x,15,volume >=1.2x,False,12.25,1515.57,6.01,1286.64,0.6,NORMAL,,,,,,,,,,,,,,,,,,12.25,False
1467,FLFL,2026-09-30,1.09,1.33,1.2,-18.23,False,False,False,False,38.26,1.83,1.92,1.05,-43.23,3.81,10,NORMAL,volume confirmation,,,,0,0,NOT A RECOVERY,False,,1.92,2026-05-12,-43.23,False,False,10,NORMAL,volume >=1.2x,15,volume >=1.2x,False,12.25,1.23,12.98,0.98,1.3,NORMAL,,,,,,,,,,,,,,,,,,12.25,False
1468,JKTYRE,2026-09-30,347.0,426.67,374.13,-18.67,False,False,False,False,41.69,2.28,611.9,333.1,-43.29,4.17,10,NORMAL,volume confirmation,,,,0,0,NOT A RECOVERY,False,,611.9,2026-02-11,-43.29,False,False,10,NORMAL,volume >=1.2x,15,volume >=1.2x,False,12.25,364.29,4.98,312.3,0.5,NORMAL,,,,,,,,,,,,,,,,,,12.25,False
1469,NIRAJ,2026-09-30,27.66,30.21,28.56,-8.45,False,False,False,False,44.84,2.11,49.0,20.15,-43.55,37.27,10,NORMAL,volume confirmation,,,,0,0,NOT A RECOVERY,False,,49.0,2025-10-03,-43.55,False,False,10,NORMAL,volume >=1.2x,15,volume >=1.2x,False,12.25,30.67,10.89,24.89,1.09,NORMAL,,,,,,,,,,,,,,,,,,12.25,False
1470,UNIENTER,2026-09-30,88.75,108.1,94.04,-17.9,False,False,False,False,34.02,1.23,158.0,87.51,-43.83,1.42,10,NORMAL,volume confirmation,,,,0,0,NOT A RECOVERY,False,,168.5,2025-07-23,-47.33,False,False,10,NORMAL,volume >=1.2x,15,volume >=1.2x,False,12.25,94.13,6.06,79.88,0.61,NORMAL,,,,,,,,,,,,,,,,,,12.25,False
1471,VIVIDHA,2026-09-30,0.51,0.56,0.52,-8.2,False,False,False,False,44.56,1.21,0.91,0.43,-43.96,18.6,10,NORMAL,volume confirmation,,,,0,0,NOT A RECOVERY,False,,,,,False,False,10,NORMAL,volume >=1.2x,15,volume >=1.2x,False,12.25,0.56,10.08,0.46,1.01,NORMAL,,,,,,,,,,,,,,,,,,12.25,False
1472,FCSSOFT,2026-09-30,1.4,1.59,1.45,-11.77,False,False,False,False,46.66,1.52,2.53,1.05,-44.66,33.33,10,NORMAL,volume confirmation,,,,0,0,NOT A RECOVERY,False,,,,,False,False,10,NORMAL,volume >=1.2x,15,volume >=1.2x,False,12.25,1.5,7.45,1.26,0.74,NORMAL,,,,,,,,,,,,,,,,,,12.25,False
1473,CENTRUM,2026-09-30,19.61,24.42,23.03,-19.7,False,False,False,False,25.7,3.1,35.9,19.0,-45.38,3.21,10,NORMAL,volume confirmation,,,,0,0,NOT A RECOVERY,False,,32.75,2025-11-24,-40.12,False,False,10,NORMAL,volume >=1.2x,15,volume >=1.2x,False,12.25,21.76,10.94,17.65,1.09,NORMAL,,,,,,,,,,,,,,,,,,12.25,False
1474,INDRAMEDCO,2026-09-30,348.95,391.66,365.44,-10.9,False,False,False,False,38.8,1.82,640.85,340.2,-45.55,2.57,10,NORMAL,volume confirmation,,,,0,0,NOT A RECOVERY,False,,640.85,2025-11-06,-45.55,False,False,10,NORMAL,volume >=1.2x,15,volume >=1.2x,False,12.25,371.16,6.36,314.06,0.64,NORMAL,,,,,,,,,,,,,,,,,,12.25,False
1475,VIKASLIFE,2026-09-30,1.21,1.47,1.25,-17.63,False,False,False,False,42.3,1.29,2.23,1.05,-45.74,15.24,10,NORMAL,volume confirmation,,,,0,0,NOT A RECOVERY,False,,,,,False,False,10,NORMAL,volume >=1.2x,15,volume >=1.2x,False,12.25,1.28,5.43,1.09,0.54,NORMAL,,,,,,,,,,,,,,,,,,12.25,False
1476,BAJAJELEC,2026-09-30,303.4,367.4,337.51,-17.42,False,False,False,False,29.74,1.33,560.95,301.0,-45.91,0.8,10,NORMAL,volume confirmation,,,,0,0,NOT A RECOVERY,False,,,,,False,False,10,NORMAL,volume >=1.2x,15,volume >=1.2x,False,12.25,320.39,5.6,273.06,0.56,NORMAL,,,,,,,,,,,,,,,,,,12.25,False
1477,GODFRYPHLP,2026-09-30,1891.8,2173.66,2079.54,-12.97,False,False,False,False,36.35,1.49,3498.0,1832.1,-45.92,3.26,10,NORMAL,volume confirmation,,,,0,0,NOT A RECOVERY,False,,3947.0,2025-09-16,-52.07,False,False,10,NORMAL,volume >=1.2x,15,volume >=1.2x,False,12.25,1985.33,4.94,1702.62,0.49,NORMAL,,,,,,,,,,,,,,,,,,12.25,False
1478,EUREKAFORB,2026-09-30,361.0,479.74,419.03,-24.75,False,False,False,False,21.11,1.69,668.3,350.0,-45.98,3.14,10,NORMAL,volume confirmation,,,,0,0,NOT A RECOVERY,False,,668.3,2025-11-28,-45.98,False,False,10,NORMAL,volume >=1.2x,15,volume >=1.2x,False,12.25,384.18,6.42,324.9,0.64,NORMAL,,,,,,,,,,,,,,,,,,12.25,False
1479,TIGERLOGS,2026-09-30,26.25,31.83,27.89,-17.53,False,False,False,False,40.42,1.42,49.14,22.9,-46.58,14.63,10,NORMAL,volume confirmation,,,,0,0,NOT A RECOVERY,False,,,,,False,False,10,NORMAL,volume >=1.2x,15,volume >=1.2x,False,12.25,28.93,10.19,23.62,1.02,NORMAL,,,,,,,,,,,,,,,,,,12.25,False
1480,TREEHOUSE,2026-09-30,5.78,7.31,6.15,-20.88,False,False,False,False,40.11,1.42,11.0,5.46,-47.45,5.86,10,NORMAL,volume confirmation,,,,0,0,NOT A RECOVERY,False,,11.0,2026-02-26,-47.45,False,False,10,NORMAL,volume >=1.2x,15,volume >=1.2x,False,12.25,6.49,12.36,5.2,1.24,NORMAL,,,,,,,,,,,,,,,,,,12.25,False
1481,TOUCHWOOD,2026-09-30,59.22,75.59,62.95,-21.66,False,False,False,False,36.31,2.93,113.0,57.0,-47.59,3.89,10,NORMAL,volume confirmation,,,,0,0,NOT A RECOVERY,False,,136.59,2025-06-17,-56.64,False,False,10,NORMAL,volume >=1.2x,15,volume >=1.2x,False,12.25,63.88,7.87,53.3,0.79,NORMAL,,,,,,,,,,,,,,,,,,12.25,False
1482,TATAELXSI,2026-09-30,3088.9,4273.94,3539.75,-27.73,False,False,False,False,23.55,1.55,5950.0,3085.0,-48.09,0.13,10,NORMAL,volume confirmation,,,,0,0,NOT A RECOVERY,False,,6735.0,2025-06-10,-54.14,False,False,10,NORMAL,volume >=1.2x,15,volume >=1.2x,False,12.25,3240.69,4.91,2780.01,0.49,NORMAL,,,,,,,,,,,,,,,,,,12.25,False
1483,KITEX,2026-09-30,119.55,158.0,130.12,-24.34,False,False,False,False,42.72,1.49,232.7,114.36,-48.62,4.54,10,NORMAL,volume confirmation,,,,0,0,NOT A RECOVERY,False,,324.42,2025-05-23,-63.15,False,False,10,NORMAL,volume >=1.2x,15,volume >=1.2x,False,12.25,127.39,6.56,107.6,0.66,NORMAL,,,,,,,,,,,,,,,,,,12.25,False
1484,SMLT,2026-09-30,61.82,71.41,65.66,-13.43,False,False,False,False,46.69,1.71,121.0,56.61,-48.91,9.2,10,NORMAL,volume confirmation,,,,0,0,NOT A RECOVERY,False,,,,,False,False,10,NORMAL,volume >=1.2x,15,volume >=1.2x,False,12.25,69.11,11.8,55.64,1.18,NORMAL,,,,,,,,,,,,,,,,,,12.25,False
1485,GREENPANEL,2026-09-30,160.32,197.53,170.43,-18.84,False,False,False,False,45.86,1.83,314.4,148.51,-49.01,7.95,10,NORMAL,volume confirmation,,,,0,0,NOT A RECOVERY,False,,342.1,2025-02-14,-53.14,False,False,10,NORMAL,volume >=1.2x,15,volume >=1.2x,False,12.25,173.2,8.04,144.29,0.8,NORMAL,,,,,,,,,,,,,,,,,,12.25,False
1486,SRD,2026-09-30,38.54,46.3,39.11,-16.76,False,False,False,False,44.04,1.55,75.79,36.0,-49.15,7.06,10,NORMAL,volume confirmation,,,,0,0,NOT A RECOVERY,False,,91.0,2025-09-02,-57.65,False,False,10,NORMAL,volume >=1.2x,15,volume >=1.2x,False,12.25,41.54,7.79,34.69,0.78,NORMAL,,,,,,,,,,,,,,,,,,12.25,False
1487,SHALBY,2026-09-30,138.65,163.15,152.35,-15.02,False,False,False,False,38.19,2.1,273.0,125.82,-49.21,10.2,10,NORMAL,volume confirmation,,,,0,0,NOT A RECOVERY,False,,274.7,2025-09-22,-49.53,False,False,10,NORMAL,volume >=1.2x,15,volume >=1.2x,False,12.25,152.36,9.89,124.78,0.99,NORMAL,,,,,,,,,,,,,,,,,,12.25,False
1488,CCCL,2026-09-30,13.95,15.98,14.76,-12.72,False,False,False,False,47.45,2.09,27.6,12.76,-49.46,9.33,10,NORMAL,volume confirmation,,,,0,0,NOT A RECOVERY,False,,25.79,2025-10-03,-45.91,False,False,10,NORMAL,volume >=1.2x,15,volume >=1.2x,False,12.25,15.11,8.35,12.55,0.83,NORMAL,,,,,,,,,,,,,,,,,,12.25,False
1489,RVNL,2026-09-30,201.76,268.68,216.87,-24.91,False,False,False,False,41.29,3.35,400.7,195.15,-49.65,3.39,10,NORMAL,volume confirmation,,,,0,0,NOT A RECOVERY,False,,447.8,2025-05-20,-54.94,False,False,10,NORMAL,volume >=1.2x,15,volume >=1.2x,False,12.25,213.52,5.83,181.58,0.58,NORMAL,,,,,,,,,,,,,,,,,,12.25,False
1490,SAMBHAAV,2026-09-30,5.74,6.95,6.16,-17.46,False,False,False,False,40.52,3.81,11.53,5.07,-50.22,13.21,10,NORMAL,volume confirmation,,,,0,0,NOT A RECOVERY,False,,11.53,2025-11-24,-50.22,False,False,10,NORMAL,volume >=1.2x,15,volume >=1.2x,False,12.25,6.81,18.69,5.17,1.87,NORMAL,,,,,,,,,,,,,,,,,,12.25,False
1491,SGL,2026-09-30,8.56,11.03,9.79,-22.41,False,False,False,False,36.32,4.5,17.24,8.4,-50.35,1.9,10,NORMAL,volume confirmation,,,,0,0,NOT A RECOVERY,False,,20.79,2025-09-23,-58.83,False,False,10,NORMAL,volume >=1.2x,15,volume >=1.2x,False,12.25,10.16,18.66,7.7,1.87,NORMAL,,,,,,,,,,,,,,,,,,12.25,False
1492,SUNDARAM,2026-09-30,1.09,1.4,1.21,-22.23,False,False,False,False,27.87,1.7,2.2,1.02,-50.45,6.86,10,NORMAL,volume confirmation,,,,0,0,NOT A RECOVERY,False,,,,,False,False,10,NORMAL,volume >=1.2x,15,volume >=1.2x,False,12.25,1.19,9.57,0.98,0.96,NORMAL,,,,,,,,,,,,,,,,,,12.25,False
1493,INTELLECT,2026-09-30,613.65,747.57,688.21,-17.91,False,False,False,False,29.03,1.56,1244.6,595.2,-50.69,3.1,10,NORMAL,volume confirmation,,,,0,0,NOT A RECOVERY,False,,1255.0,2025-06-17,-51.1,False,False,10,NORMAL,volume >=1.2x,15,volume >=1.2x,False,12.25,653.28,6.46,552.29,0.65,NORMAL,,,,,,,,,,,,,,,,,,12.25,False
1494,VCL,2026-09-30,1.31,1.65,1.55,-20.59,False,False,False,False,34.57,1.66,2.66,0.87,-50.75,50.57,10,NORMAL,volume confirmation,,,,0,0,NOT A RECOVERY,False,,2.54,2026-01-07,-48.43,False,False,10,NORMAL,volume >=1.2x,15,volume >=1.2x,False,12.25,1.51,15.27,1.18,1.53,NORMAL,,,,,,,,,,,,,,,,,,12.25,False
1495,DEVIT,2026-09-30,21.86,28.54,25.04,-23.4,False,False,False,False,25.32,1.89,44.44,21.06,-50.81,3.8,10,NORMAL,volume confirmation,,,,0,0,NOT A RECOVERY,False,,,,,False,False,10,NORMAL,volume >=1.2x,15,volume >=1.2x,False,12.25,24.16,10.5,19.67,1.05,NORMAL,,,,,,,,,,,,,,,,,,12.25,False
1496,INDOUS,2026-09-30,78.22,102.31,81.01,-23.55,False,False,False,False,44.92,3.88,159.0,70.0,-50.81,11.74,10,NORMAL,volume confirmation,,,,0,0,NOT A RECOVERY,False,,206.0,2025-07-21,-62.03,False,False,10,NORMAL,volume >=1.2x,15,volume >=1.2x,False,12.25,85.74,9.62,70.4,0.96,NORMAL,,,,,,,,,,,,,,,,,,12.25,False
1497,TRF,2026-09-30,197.82,248.95,225.43,-20.54,False,False,False,False,23.92,1.32,404.9,196.55,-51.14,0.65,10,NORMAL,volume confirmation,,,,0,0,NOT A RECOVERY,False,,450.0,2025-04-23,-56.04,False,False,10,NORMAL,volume >=1.2x,15,volume >=1.2x,False,12.25,216.06,9.22,178.04,0.92,NORMAL,,,,,,,,,,,,,,,,,,12.25,False
1498,AGRITECH,2026-09-30,91.17,118.43,103.15,-23.01,False,False,False,False,26.95,2.53,187.19,90.5,-51.3,0.74,10,NORMAL,volume confirmation,,,,0,0,NOT A RECOVERY,False,,187.19,2025-12-17,-51.3,False,False,10,NORMAL,volume >=1.2x,15,volume >=1.2x,False,12.25,99.82,9.49,82.05,0.95,NORMAL,,,,,,,,,,,,,,,,,,12.25,False
1499,ENERGYDEV,2026-09-30,14.39,16.74,15.88,-14.05,False,False,False,False,36.61,1.31,29.69,13.15,-51.53,9.43,10,NORMAL,volume confirmation,,,,0,0,NOT A RECOVERY,False,,29.85,2025-06-12,-51.79,False,False,10,NORMAL,volume >=1.2x,15,volume >=1.2x,False,12.25,15.76,9.53,12.95,0.95,NORMAL,,,,,,,,,,,,,,,,,,12.25,False
1500,ASALCBR,2026-09-30,615.45,812.72,713.55,-24.27,False,False,False,False,23.16,1.32,1277.0,615.1,-51.81,0.06,10,NORMAL,volume confirmation,,,,0,0,NOT A RECOVERY,False,,1477.95,2025-03-24,-58.36,False,False,10,NORMAL,volume >=1.2x,15,volume >=1.2x,False,12.25,658.52,7.0,553.91,0.7,NORMAL,,,,,,,,,,,,,,,,,,12.25,False
1501,MIDWESTLTD,2026-09-30,895.0,1284.42,1094.34,-30.32,False,False,False,False,26.59,2.18,1859.9,869.0,-51.88,2.99,10,NORMAL,volume confirmation,,,,0,0,NOT A RECOVERY,False,,,,,False,False,10,NORMAL,volume >=1.2x,15,volume >=1.2x,False,12.25,990.64,10.69,805.5,1.07,NORMAL,,,,,,,,,,,,,,,,,,12.25,False
1502,RTNINDIA,2026-09-30,26.06,33.09,29.37,-21.24,False,False,False,False,34.3,2.72,54.5,24.4,-52.18,6.8,10,NORMAL,volume confirmation,,,,0,0,NOT A RECOVERY,False,,69.7,2025-07-09,-62.61,False,False,10,NORMAL,volume >=1.2x,15,volume >=1.2x,False,12.25,28.48,9.28,23.45,0.93,NORMAL,,,,,,,,,,,,,,,,,,12.25,False
1503,PGHH,2026-09-30,6798.5,9900.23,7999.54,-31.33,False,False,False,False,11.66,2.15,14509.0,6782.0,-53.14,0.24,10,NORMAL,volume confirmation,,,,0,0,NOT A RECOVERY,False,,14800.0,2025-02-03,-54.06,False,False,10,NORMAL,volume >=1.2x,15,volume >=1.2x,False,12.25,7105.71,4.52,6118.65,0.45,NORMAL,,,,,,,,,,,,,,,,,,12.25,False
1504,BALAJEE,2026-09-30,25.2,30.39,26.37,-17.07,False,False,False,False,42.06,1.36,54.48,21.1,-53.74,19.43,10,NORMAL,volume confirmation,,,,0,0,NOT A RECOVERY,False,,72.85,2025-01-23,-65.41,False,False,10,NORMAL,volume >=1.2x,15,volume >=1.2x,False,12.25,27.49,9.09,22.68,0.91,NORMAL,,,,,,,,,,,,,,,,,,12.25,False
1505,INDOWIND,2026-09-30,8.69,10.31,9.02,-15.68,False,False,False,False,41.12,1.28,18.94,7.0,-54.12,24.14,10,NORMAL,volume confirmation,,,,0,0,NOT A RECOVERY,False,,,,,False,False,10,NORMAL,volume >=1.2x,15,volume >=1.2x,False,12.25,9.35,7.56,7.82,0.76,NORMAL,,,,,,,,,,,,,,,,,,12.25,False
1506,ANNAPURNA,2026-09-30,131.0,160.5,140.71,-18.38,False,False,False,False,41.88,2.83,287.0,120.75,-54.36,8.49,10,NORMAL,volume confirmation,,,,0,0,NOT A RECOVERY,False,,,,,False,False,10,NORMAL,volume >=1.2x,15,volume >=1.2x,False,12.25,141.55,8.05,117.9,0.81,NORMAL,,,,,,,,,,,,,,,,,,12.25,False
1507,AVANTIFEED,2026-09-30,717.8,1046.64,839.93,-31.42,False,False,False,False,28.26,1.59,1593.8,631.65,-54.96,13.64,10,NORMAL,volume confirmation,,,,0,0,NOT A RECOVERY,False,,1593.8,2026-04-21,-54.96,False,False,10,NORMAL,volume >=1.2x,15,volume >=1.2x,False,12.25,762.96,6.29,646.02,0.63,NORMAL,,,,,,,,,,,,,,,,,,12.25,False
1508,SEMAC,2026-09-30,232.85,291.43,291.15,-20.1,False,False,False,False,25.15,5.87,519.25,205.0,-55.16,13.59,10,NORMAL,volume confirmation,,,,0,0,NOT A RECOVERY,False,,411.55,2026-05-15,-43.42,False,False,10,NORMAL,volume >=1.2x,15,volume >=1.2x,False,12.25,257.55,10.61,209.57,1.06,NORMAL,,,,,,,,,,,,,,,,,,12.25,False
1509,STANLEY,2026-09-30,136.31,157.71,141.67,-13.57,False,False,False,False,46.97,1.33,304.0,123.0,-55.16,10.82,10,NORMAL,volume confirmation,,,,0,0,NOT A RECOVERY,False,,,,,False,False,10,NORMAL,volume >=1.2x,15,volume >=1.2x,False,12.25,146.16,7.23,122.68,0.72,NORMAL,,,,,,,,,,,,,,,,,,12.25,False
1510,COMPINFO,2026-09-30,1.06,1.28,1.09,-17.17,False,False,False,False,47.72,2.66,2.37,0.91,-55.27,16.48,10,NORMAL,volume confirmation,,,,0,0,NOT A RECOVERY,False,,2.96,2025-07-25,-64.19,False,False,10,NORMAL,volume >=1.2x,15,volume >=1.2x,False,12.25,1.22,14.96,0.95,1.5,NORMAL,,,,,,,,,,,,,,,,,,12.25,False
1511,SIMBHALS,2026-09-30,6.4,8.19,7.23,-21.83,False,False,False,False,34.4,1.88,14.34,6.1,-55.37,4.92,10,NORMAL,volume confirmation,,,,0,0,NOT A RECOVERY,False,,12.24,2026-01-06,-47.71,False,False,10,NORMAL,volume >=1.2x,15,volume >=1.2x,False,12.25,6.74,5.38,5.76,0.54,NORMAL,,,,,,,,,,,,,,,,,,12.25,False
1512,UGROCAP,2026-09-30,83.68,110.63,88.77,-24.36,False,False,False,False,45.7,1.45,192.5,79.2,-56.53,5.66,10,NORMAL,volume confirmation,,,,0,0,NOT A RECOVERY,False,,199.98,2025-04-21,-58.16,False,False,10,NORMAL,volume >=1.2x,15,volume >=1.2x,False,12.25,89.06,6.43,75.31,0.64,NORMAL,,,,,,,,,,,,,,,,,,12.25,False
1513,OSWALAGRO,2026-09-30,33.95,44.77,36.77,-24.17,False,False,False,False,40.6,2.38,81.0,32.36,-58.09,4.91,10,NORMAL,volume confirmation,,,,0,0,NOT A RECOVERY,False,,110.8,2025-06-16,-69.36,False,False,10,NORMAL,volume >=1.2x,15,volume >=1.2x,False,12.25,36.87,8.61,30.56,0.86,NORMAL,,,,,,,,,,,,,,,,,,12.25,False
1514,DISHTV,2026-09-30,2.06,3.11,2.66,-33.75,False,False,False,False,22.42,2.27,5.03,1.82,-59.05,13.19,10,NORMAL,volume confirmation,,,,0,0,NOT A RECOVERY,False,,,,,False,False,10,NORMAL,volume >=1.2x,15,volume >=1.2x,False,12.25,2.28,10.89,1.85,1.09,NORMAL,,,,,,,,,,,,,,,,,,12.25,False
1515,PENINLAND,2026-09-30,15.05,18.01,15.93,-16.45,False,False,False,False,42.64,1.35,37.6,13.82,-59.97,8.9,10,NORMAL,volume confirmation,,,,0,0,NOT A RECOVERY,False,,46.0,2025-07-16,-67.28,False,False,10,NORMAL,volume >=1.2x,15,volume >=1.2x,False,12.25,17.31,15.01,13.55,1.5,NORMAL,,,,,,,,,,,,,,,,,,12.25,False
1516,RAMKY,2026-09-30,279.1,441.51,356.72,-36.78,False,False,False,False,20.3,3.58,705.0,274.5,-60.41,1.68,10,NORMAL,volume confirmation,,,,0,0,NOT A RECOVERY,False,,705.0,2025-10-07,-60.41,False,False,10,NORMAL,volume >=1.2x,15,volume >=1.2x,False,12.25,303.46,8.73,251.19,0.87,NORMAL,,,,,,,,,,,,,,,,,,12.25,False
1517,DIGITIDE,2026-09-30,72.85,98.86,94.05,-26.31,False,False,False,False,16.63,1.67,185.92,69.9,-60.82,4.22,10,NORMAL,volume confirmation,,,,0,0,NOT A RECOVERY,False,,179.25,2025-10-28,-59.36,False,False,10,NORMAL,volume >=1.2x,15,volume >=1.2x,False,12.25,79.91,9.69,65.56,0.97,NORMAL,,,,,,,,,,,,,,,,,,12.25,False
1518,MEDICO,2026-09-30,21.53,43.01,39.94,-49.94,False,False,False,False,14.52,1.35,56.88,20.47,-62.15,5.18,10,NORMAL,volume confirmation,,,,0,0,NOT A RECOVERY,False,,56.88,2025-12-24,-62.15,False,False,10,NORMAL,volume >=1.2x,15,volume >=1.2x,False,12.25,27.18,26.26,19.38,2.63,NORMAL,,,,,,,,,,,,,,,,,,12.25,False
1519,SALASAR,2026-09-30,4.08,6.94,5.49,-41.22,False,False,False,False,15.86,1.67,10.99,3.8,-62.88,7.37,10,NORMAL,volume confirmation,,,,0,0,NOT A RECOVERY,False,,10.99,2025-10-30,-62.88,False,False,10,NORMAL,volume >=1.2x,15,volume >=1.2x,False,12.25,4.55,11.52,3.67,1.15,NORMAL,,,,,,,,,,,,,,,,,,12.25,False
1520,GAYAHWS,2026-09-30,1.76,2.23,1.92,-21.19,False,False,False,False,29.35,1.75,4.76,1.72,-63.03,2.33,10,NORMAL,volume confirmation,,,,0,0,NOT A RECOVERY,False,,4.76,2025-10-07,-63.03,False,False,10,NORMAL,volume >=1.2x,15,volume >=1.2x,False,12.25,1.92,9.09,1.58,0.91,NORMAL,,,,,,,,,,,,,,,,,,12.25,False
1521,ADVENTHTL,2026-09-30,126.32,163.18,136.87,-22.59,False,False,False,False,41.33,1.41,345.05,120.02,-63.39,5.25,10,NORMAL,volume confirmation,,,,0,0,NOT A RECOVERY,False,,,,,False,False,10,NORMAL,volume >=1.2x,15,volume >=1.2x,False,12.25,136.51,8.07,113.69,0.81,NORMAL,,,,,,,,,,,,,,,,,,12.25,False
1522,ASMS,2026-09-30,6.06,8.57,6.93,-29.28,False,False,False,False,18.04,2.63,16.7,5.1,-63.71,18.82,10,NORMAL,volume confirmation,,,,0,0,NOT A RECOVERY,False,,17.6,2025-09-09,-65.57,False,False,10,NORMAL,volume >=1.2x,15,volume >=1.2x,False,12.25,6.76,11.57,5.45,1.16,NORMAL,,,,,,,,,,,,,,,,,,12.25,False
1523,GENSOL,2026-09-30,14.39,21.74,17.27,-33.8,False,False,False,False,22.25,2.63,41.52,14.39,-65.34,0.0,10,NORMAL,volume confirmation,,,,0,0,NOT A RECOVERY,False,,,,,False,False,10,NORMAL,volume >=1.2x,15,volume >=1.2x,False,12.25,15.94,10.75,12.95,1.08,NORMAL,,,,,,,,,,,,,,,,,,12.25,False
1524,TERASOFT,2026-09-30,207.2,365.65,313.35,-43.33,False,False,False,False,21.99,1.21,598.0,204.0,-65.35,1.57,10,NORMAL,volume confirmation,,,,0,0,NOT A RECOVERY,False,,559.0,2025-11-28,-62.93,False,False,10,NORMAL,volume >=1.2x,15,volume >=1.2x,False,12.25,238.58,15.14,186.48,1.51,NORMAL,,,,,,,,,,,,,,,,,,12.25,False
1525,ABAN,2026-09-30,14.63,18.35,15.84,-20.28,False,False,False,False,46.94,1.79,43.3,12.89,-66.21,13.5,10,NORMAL,volume confirmation,,,,0,0,NOT A RECOVERY,False,,72.7,2024-12-09,-79.88,False,False,10,NORMAL,volume >=1.2x,15,volume >=1.2x,False,12.25,15.54,6.23,13.17,0.62,NORMAL,,,,,,,,,,,,,,,,,,12.25,False
1526,VLEGOV,2026-09-30,9.99,13.44,10.39,-25.67,False,False,False,False,43.68,1.89,29.57,8.42,-66.22,18.65,10,NORMAL,volume confirmation,,,,0,0,NOT A RECOVERY,False,,,,,False,False,10,NORMAL,volume >=1.2x,15,volume >=1.2x,False,12.25,11.18,11.94,8.99,1.19,NORMAL,,,,,,,,,,,,,,,,,,12.25,False
1527,BHARATRAS,2026-09-30,1003.9,1501.42,1231.47,-33.14,False,False,False,False,19.99,1.34,2987.5,998.5,-66.4,0.54,10,NORMAL,volume confirmation,,,,0,0,NOT A RECOVERY,False,,3000.0,2025-08-13,-66.54,False,False,10,NORMAL,volume >=1.2x,15,volume >=1.2x,False,12.25,1081.2,7.7,903.51,0.77,NORMAL,,,,,,,,,,,,,,,,,,12.25,False
1528,NAVKARURB,2026-09-30,0.86,1.06,0.95,-19.12,False,False,False,False,39.68,1.49,2.58,0.7,-66.67,22.86,10,NORMAL,volume confirmation,,,,0,0,NOT A RECOVERY,False,,,,,False,False,10,NORMAL,volume >=1.2x,15,volume >=1.2x,False,12.25,0.95,10.63,0.77,1.06,NORMAL,,,,,,,,,,,,,,,,,,12.25,False
1529,BLUECOAST,2026-09-30,22.07,26.82,23.38,-17.71,False,False,False,False,49.04,1.75,67.15,18.57,-67.13,18.85,10,NORMAL,volume confirmation,,,,0,0,NOT A RECOVERY,False,,86.31,2025-08-19,-74.43,False,False,10,NORMAL,volume >=1.2x,15,volume >=1.2x,False,12.25,24.99,13.25,19.86,1.33,NORMAL,,,,,,,,,,,,,,,,,,12.25,False
1530,VEDL,2026-09-30,259.0,463.62,269.19,-44.14,False,False,False,False,42.85,1.29,795.0,249.7,-67.42,3.72,10,NORMAL,volume confirmation,,,,0,0,NOT A RECOVERY,False,,795.0,2026-04-21,-67.42,False,False,10,NORMAL,volume >=1.2x,15,volume >=1.2x,False,12.25,272.11,5.06,233.1,0.51,NORMAL,,,,,,,,,,,,,,,,,,12.25,False
1531,RAJESHEXPO,2026-09-30,64.7,116.7,78.85,-44.56,False,False,False,False,23.44,1.36,237.88,60.25,-72.8,7.39,10,NORMAL,volume confirmation,,,,0,0,NOT A RECOVERY,False,,237.88,2025-12-22,-72.8,False,False,10,NORMAL,volume >=1.2x,15,volume >=1.2x,False,12.25,71.38,10.32,58.23,1.03,NORMAL,,,,,,,,,,,,,,,,,,12.25,False
1532,TAKE,2026-09-30,13.31,31.99,18.71,-58.39,False,False,False,False,29.36,2.38,50.14,10.15,-73.45,31.13,10,NORMAL,volume confirmation,,,,0,0,NOT A RECOVERY,False,,50.14,2026-04-20,-73.45,False,False,10,NORMAL,volume >=1.2x,15,volume >=1.2x,False,12.25,15.1,13.46,11.98,1.35,NORMAL,,,,,,,,,,,,,,,,,,12.25,False
1533,ASTRON,2026-09-30,2.8,4.14,3.3,-32.35,False,False,False,False,32.84,1.33,15.11,2.8,-81.47,0.0,10,NORMAL,volume confirmation,,,,0,0,NOT A RECOVERY,False,,24.0,2024-12-31,-88.33,False,False,10,NORMAL,volume >=1.2x,15,volume >=1.2x,False,12.25,3.1,10.87,2.52,1.09,NORMAL,,,,,,,,,,,,,,,,,,12.25,False
1534,LEMERITE,2026-09-30,19.93,59.68,21.58,-66.6,False,False,False,False,44.42,2.25,107.57,17.73,-81.47,12.41,10,NORMAL,volume confirmation,,,,0,0,NOT A RECOVERY,False,,107.57,2025-12-12,-81.47,False,False,10,NORMAL,volume >=1.2x,15,volume >=1.2x,False,12.25,22.45,12.64,17.94,1.26,NORMAL,,,,,,,,,,,,,,,,,,12.25,False
1535,RELINFRA,2026-09-30,44.27,87.77,58.87,-49.56,False,False,False,False,19.05,3.75,255.79,42.56,-82.69,4.02,10,NORMAL,volume confirmation,,,,0,0,NOT A RECOVERY,False,,423.4,2025-06-30,-89.54,False,False,10,NORMAL,volume >=1.2x,15,volume >=1.2x,False,12.25,46.38,4.76,39.84,0.48,NORMAL,,,,,,,,,,,,,,,,,,12.25,False
639,NIBE,2026-09-30,1236.4,1249.26,1375.4,-1.03,False,False,True,True,37.52,0.82,1848.0,809.6,-33.1,52.72,10,NORMAL,200DMA rising,2026-09-28,1225.0,0.93,45,45,NEAR 200DMA,True,within 3% of 200DMA; moving toward 200DMA; above breakdown low,1848.0,2026-06-22,-33.1,False,False,0,NORMAL,,35,200DMA rising; 50DMA > 200DMA,False,19.25,1348.24,9.05,1112.76,0.9,200DMA RECOVERY,,5.151133,-4.7,11.0,19136937984.0,,,-21.955,-1.6039999999999999,33.611,,,,-23.599999999999998,,,0.0,11.55,False
640,LOYALTEX,2026-09-30,209.67,213.19,213.42,-1.65,False,False,True,True,46.97,0.23,333.99,170.04,-37.22,23.31,10,NORMAL,200DMA rising,2026-09-28,206.25,1.66,45,45,NEAR 200DMA,True,within 3% of 200DMA; moving toward 200DMA; above breakdown low,333.99,2026-02-09,-37.22,False,False,0,NORMAL,,35,200DMA rising; 50DMA > 200DMA,False,19.25,234.3,11.75,188.7,1.17,200DMA RECOVERY,,0.49008495,-82.82,,999412544.0,,,-5.9559997000000005,-13.007,105.728,,,,-36.4,,,0.0,11.55,False
655,DCMFINSERV,2026-09-30,5.07,5.19,5.21,-2.25,False,False,False,True,47.92,2.0,8.55,3.7,-40.7,37.03,10,NORMAL,volume confirmation,2026-09-11,4.75,6.74,45,45,NEAR 200DMA,True,within 3% of 200DMA; recovery >=5%; volume >=1.2x,8.55,2026-03-17,-40.7,False,False,10,NORMAL,volume >=1.2x,30,50DMA > 200DMA; volume >=1.2x,False,19.0,5.8,14.45,4.56,1.45,200DMA RECOVERY,,-0.20868492,-0.42,,112174024.0,,,3642.222,0.0,,,,,,,,0.0,11.4,False
656,CLEDUCATE,2026-09-30,57.01,57.46,58.82,-0.79,False,False,False,True,48.47,2.38,99.97,35.48,-42.97,60.68,10,NORMAL,volume confirmation,2026-09-15,53.05,7.46,75,75,STRONG RETEST,True,at/above 200DMA; moving toward 200DMA; recovery >=5%; volume >=1.2x,88.78,2026-01-02,-35.79,False,False,10,NORMAL,volume >=1.2x,30,50DMA > 200DMA; volume >=1.2x,False,19.0,62.64,9.87,51.31,0.99,200DMA RECOVERY,,1.2268288,-3.78,,3144104704.0,,,4.855,-4.445,108.961,,,,-12.5,,,0.0,11.4,False
667,A2ZINFRA,2026-09-30,14.93,15.19,15.17,-1.71,False,False,False,False,47.61,1.54,19.39,12.0,-23.0,24.42,10,NORMAL,volume confirmation,2026-09-15,14.29,4.48,35,35,NEAR 200DMA,True,within 3% of 200DMA; above breakdown low; volume >=1.2x,19.18,2026-02-27,-22.16,False,False,10,NORMAL,volume >=1.2x,15,volume >=1.2x,False,12.25,16.18,8.4,13.44,0.84,200DMA RECOVERY,68.4762,5.1320486,0.21,,2552771328.0,,,-0.74400003,1.005,301.806,,,,-24.4,-75.0,-75.0,8.0,10.55,False
688,HYUNDAI,2026-09-30,2031.0,2058.93,2157.42,-1.36,False,False,False,True,38.56,1.07,2687.5,1658.0,-24.43,22.5,0,NORMAL,,2026-09-30,2026.7,0.21,45,45,NEAR 200DMA,True,within 3% of 200DMA; moving toward 200DMA; above breakdown low,2366.5,2026-02-20,-14.18,False,False,0,NORMAL,,15,50DMA > 200DMA,False,6.75,2151.37,5.93,1827.9,0.59,200DMA RECOVERY,33.21845,8.218422,60.93,103.0,1644583190528.0,,,5.844,7.0040000000000004,5.484,,,,-0.5,-35.099999999999994,-35.099999999999994,16.0,10.45,False
657,EMBDL,2026-09-30,58.51,59.64,60.15,-1.89,False,False,False,True,50.45,0.77,99.21,39.46,-41.02,48.28,10,NORMAL,healthy RSI,2026-09-24,55.05,6.29,65,65,RECOVERY WATCH,True,within 3% of 200DMA; moving toward 200DMA; recovery >=5%; RSI >=50,75.97,2026-05-14,-22.98,False,False,10,NORMAL,RSI >=50,25,50DMA > 200DMA; RSI >=50,False,16.75,64.05,9.46,52.66,0.95,200DMA RECOVERY,,0.7904298,-6.83,,,,,-66.268,-74.237996,53.414,,,,-68.2,,,0.0,10.05,False
1536,AUTOAXLES,2026-09-30,1706.5,1807.88,1748.16,-5.61,False,False,False,False,50.34,0.48,2115.0,1540.2,-19.31,10.8,10,NORMAL,healthy RSI,,,,0,0,NOT A RECOVERY,False,,2115.0,2026-02-04,-19.31,False,False,10,NORMAL,RSI >=50,10,RSI >=50,False,10.0,1799.09,5.43,1535.85,0.54,NORMAL,,,,,,,,,,,,,,,,,,10.0,False
1537,EIHAHOTELS,2026-09-30,297.15,318.64,299.43,-6.74,False,False,False,False,51.22,1.16,403.45,266.65,-26.35,11.44,10,NORMAL,healthy RSI,,,,0,0,NOT A RECOVERY,False,,434.9,2025-09-09,-31.67,False,False,10,NORMAL,RSI >=50,10,RSI >=50,False,10.0,316.4,6.48,267.43,0.65,NORMAL,,,,,,,,,,,,,,,,,,10.0,False
1538,SURYAROSNI,2026-09-30,221.37,238.92,224.35,-7.35,False,False,False,False,53.75,0.72,314.5,187.35,-29.61,18.16,10,NORMAL,healthy RSI,,,,0,0,NOT A RECOVERY,False,,282.55,2026-05-06,-21.65,False,False,10,NORMAL,RSI >=50,10,RSI >=50,False,10.0,232.7,5.12,199.23,0.51,NORMAL,,,,,,,,,,,,,,,,,,10.0,False
1539,TCI,2026-09-30,872.5,957.0,887.41,-8.83,False,False,False,False,53.41,0.43,1242.0,797.0,-29.75,9.47,10,NORMAL,healthy RSI,,,,0,0,NOT A RECOVERY,False,,1289.0,2025-07-18,-32.31,False,False,10,NORMAL,RSI >=50,10,RSI >=50,False,10.0,940.66,7.81,785.25,0.78,NORMAL,,,,,,,,,,,,,,,,,,10.0,False
1540,ACI,2026-09-30,485.85,544.3,502.36,-10.74,False,False,False,False,50.25,0.68,704.25,446.0,-31.01,8.93,10,NORMAL,healthy RSI,,,,0,0,NOT A RECOVERY,False,,639.9,2025-11-10,-24.07,False,False,10,NORMAL,RSI >=50,10,RSI >=50,False,10.0,517.45,6.5,437.27,0.65,NORMAL,,,,,,,,,,,,,,,,,,10.0,False
1541,DELTAMAGNT,2026-09-30,57.19,60.45,57.31,-5.39,False,False,False,False,52.54,0.76,87.24,45.51,-34.45,25.66,10,NORMAL,healthy RSI,,,,0,0,NOT A RECOVERY,False,,115.99,2025-06-10,-50.69,False,False,10,NORMAL,RSI >=50,10,RSI >=50,False,10.0,62.98,10.12,51.47,1.01,NORMAL,,,,,,,,,,,,,,,,,,10.0,False
1542,SINTERCOM,2026-09-30,79.91,82.9,80.62,-3.6,False,False,False,False,52.64,0.07,130.0,62.99,-38.53,26.86,10,NORMAL,healthy RSI,,,,0,0,NOT A RECOVERY,False,,186.0,2024-12-12,-57.04,False,False,10,NORMAL,RSI >=50,10,RSI >=50,False,10.0,90.1,12.75,71.92,1.28,NORMAL,,,,,,,,,,,,,,,,,,10.0,False
1543,AFFORDABLE,2026-09-30,171.1,178.0,173.05,-3.88,False,False,False,False,51.51,1.01,297.0,119.71,-42.39,42.93,10,NORMAL,healthy RSI,,,,0,0,NOT A RECOVERY,False,,231.4,2025-11-28,-26.06,False,False,10,NORMAL,RSI >=50,10,RSI >=50,False,10.0,190.16,11.14,153.99,1.11,NORMAL,,,,,,,,,,,,,,,,,,10.0,False
1544,SHREYANIND,2026-09-30,130.45,149.58,132.57,-12.79,False,False,False,False,50.37,0.73,235.5,121.76,-44.61,7.14,10,NORMAL,healthy RSI,,,,0,0,NOT A RECOVERY,False,,250.0,2025-07-24,-47.82,False,False,10,NORMAL,RSI >=50,10,RSI >=50,False,10.0,139.31,6.79,117.4,0.68,NORMAL,,,,,,,,,,,,,,,,,,10.0,False
1545,REPRO,2026-09-30,318.6,374.75,329.71,-14.98,False,False,False,False,52.06,0.52,590.0,276.1,-46.0,15.39,10,NORMAL,healthy RSI,,,,0,0,NOT A RECOVERY,False,,627.0,2025-05-22,-49.19,False,False,10,NORMAL,RSI >=50,10,RSI >=50,False,10.0,357.07,12.08,286.74,1.21,NORMAL,,,,,,,,,,,,,,,,,,10.0,False
1546,AJMERA,2026-09-30,118.74,133.15,119.61,-10.82,False,False,False,False,50.38,0.53,221.4,98.03,-46.37,21.13,10,NORMAL,healthy RSI,,,,0,0,NOT A RECOVERY,False,,221.4,2025-11-03,-46.37,False,False,10,NORMAL,RSI >=50,10,RSI >=50,False,10.0,126.9,6.87,106.87,0.69,NORMAL,,,,,,,,,,,,,,,,,,10.0,False
1547,PNC,2026-09-30,17.65,21.32,17.89,-17.21,False,False,False,False,55.5,0.5,33.0,15.7,-46.52,12.42,10,NORMAL,healthy RSI,,,,0,0,NOT A RECOVERY,False,,40.64,2025-09-03,-56.57,False,False,10,NORMAL,RSI >=50,10,RSI >=50,False,10.0,20.0,13.32,15.88,1.33,NORMAL,,,,,,,,,,,,,,,,,,10.0,False
1548,VIKRAN,2026-09-30,59.71,72.45,62.9,-17.58,False,False,False,False,50.97,0.5,118.4,51.1,-49.57,16.85,10,NORMAL,healthy RSI,,,,0,0,NOT A RECOVERY,False,,,,,False,False,10,NORMAL,RSI >=50,10,RSI >=50,False,10.0,64.49,8.01,53.74,0.8,NORMAL,,,,,,,,,,,,,,,,,,10.0,False
1549,MBLINFRA,2026-09-30,22.85,25.93,23.63,-11.89,False,False,False,False,51.81,1.14,45.6,18.37,-49.89,24.39,10,NORMAL,healthy RSI,,,,0,0,NOT A RECOVERY,False,,67.99,2025-01-06,-66.39,False,False,10,NORMAL,RSI >=50,10,RSI >=50,False,10.0,25.26,10.54,20.57,1.05,NORMAL,,,,,,,,,,,,,,,,,,10.0,False
1550,JAINREC,2026-09-30,292.35,377.49,299.31,-22.55,False,False,False,False,51.81,0.5,593.95,271.0,-50.78,7.88,10,NORMAL,healthy RSI,,,,0,0,NOT A RECOVERY,False,,,,,False,False,10,NORMAL,RSI >=50,10,RSI >=50,False,10.0,313.85,7.35,263.12,0.74,NORMAL,,,,,,,,,,,,,,,,,,10.0,False
1551,ARSHIYA,2026-09-30,0.81,1.16,0.85,-29.95,False,False,False,False,56.38,0.64,2.12,0.68,-61.79,19.12,10,NORMAL,healthy RSI,,,,0,0,NOT A RECOVERY,False,,4.64,2024-11-14,-82.54,False,False,10,NORMAL,RSI >=50,10,RSI >=50,False,10.0,0.88,8.47,0.73,0.85,NORMAL,,,,,,,,,,,,,,,,,,10.0,False
1552,DHARAN,2026-09-30,0.14,0.16,0.15,-13.55,False,False,False,False,50.78,0.67,0.61,0.11,-77.05,27.27,10,NORMAL,healthy RSI,,,,0,0,NOT A RECOVERY,False,,0.67,2025-06-18,-79.1,False,False,10,NORMAL,RSI >=50,10,RSI >=50,False,10.0,0.16,13.27,0.13,1.33,NORMAL,,,,,,,,,,,,,,,,,,10.0,False
1553,TICL,2026-09-30,7.42,18.45,8.45,-59.78,False,False,False,False,50.21,0.02,33.99,5.33,-78.17,39.21,10,NORMAL,healthy RSI,,,,0,0,NOT A RECOVERY,False,,34.41,2025-07-24,-78.44,False,False,10,NORMAL,RSI >=50,10,RSI >=50,False,10.0,8.14,9.68,6.68,0.97,NORMAL,,,,,,,,,,,,,,,,,,10.0,False
1554,FLEXITUFF,2026-09-30,2.97,7.03,3.04,-57.78,False,False,False,False,63.88,0.03,24.99,2.0,-88.12,48.5,10,NORMAL,healthy RSI,,,,0,0,NOT A RECOVERY,False,,,,,False,False,10,NORMAL,RSI >=50,10,RSI >=50,False,10.0,3.11,4.76,2.67,0.48,NORMAL,,,,,,,,,,,,,,,,,,10.0,False
686,RELTD,2026-09-30,149.67,149.68,160.09,-0.0,False,False,False,True,44.93,1.19,196.45,114.59,-23.81,30.61,0,NORMAL,,2026-09-23,145.02,3.21,55,55,RECOVERY WATCH,True,at/above 200DMA; moving toward 200DMA; above breakdown low,196.45,2026-07-09,-23.81,False,False,0,NORMAL,,15,50DMA > 200DMA,False,6.75,163.63,9.32,134.7,0.93,200DMA RECOVERY,54.639404,6.182384,2.69,,29184628736.0,,,22.88,12.514,126.165,,,,-26.200000000000003,-93.2,-93.2,14.0,9.65,False
669,MAMATA,2026-09-30,398.8,400.63,407.44,-0.46,False,False,False,True,45.9,0.34,475.7,297.0,-16.17,34.28,0,NORMAL,,2026-09-29,392.0,1.73,55,55,RECOVERY WATCH,True,at/above 200DMA; moving toward 200DMA; above breakdown low,448.0,2026-02-25,-10.98,False,False,0,NORMAL,,15,50DMA > 200DMA,False,6.75,430.06,7.84,358.92,0.78,200DMA RECOVERY,110.16528,5.3172536,3.63,13.0,9840659456.0,,,-15.918,3.8760000000000003,4.503,,,,-6.2,,,10.0,8.05,False
690,ZENITHEXPO,2026-09-30,199.0,205.1,205.49,-2.98,False,False,False,True,46.54,0.03,267.45,174.0,-25.59,14.37,0,NORMAL,,2026-09-02,193.4,2.9,45,45,NEAR 200DMA,True,within 3% of 200DMA; moving toward 200DMA; above breakdown low,257.8,2026-08-11,-22.81,False,False,0,NORMAL,,15,50DMA > 200DMA,False,6.75,208.6,4.82,179.1,0.48,200DMA RECOVERY,375.99997,1.2966014,0.54,,1095654528.0,,,-12.157,0.481,2.521,,,,-24.6,,,10.0,8.05,False
694,SUNDRMBRAK,2026-09-30,676.05,684.4,760.29,-1.22,False,False,False,True,37.18,0.39,920.0,460.0,-26.52,46.97,0,NORMAL,,2026-09-29,669.0,1.05,25,25,NEAR 200DMA,True,within 3% of 200DMA; above breakdown low,920.0,2026-08-17,-26.52,False,False,0,NORMAL,,15,50DMA > 200DMA,False,6.75,730.52,8.06,608.44,0.81,200DMA RECOVERY,73.37897,2.5832884,9.13,10.0,2635968512.0,,,0.7850001000000001,1.042,44.875,,,,-1.0999999999999999,,,10.0,8.05,False
1555,3MINDIA,2026-09-30,32160.0,33825.55,34209.5,-4.92,False,False,False,True,39.82,0.68,38030.0,28730.0,-15.44,11.94,0,NORMAL,,,,,0,0,NOT A RECOVERY,False,,38030.0,2026-02-10,-15.44,False,False,0,NORMAL,,15,50DMA > 200DMA,False,6.75,34329.29,6.75,28944.0,0.67,NORMAL,,,,,,,,,,,,,,,,,,6.75,False
1556,BIOCON,2026-09-30,370.3,395.34,407.5,-6.33,False,False,False,True,33.18,0.58,447.15,337.05,-17.19,9.87,0,NORMAL,,,,,0,0,NOT A RECOVERY,False,,447.15,2026-07-16,-17.19,False,False,0,NORMAL,,15,50DMA > 200DMA,False,6.75,388.08,4.8,333.27,0.48,NORMAL,,,,,,,,,,,,,,,,,,6.75,False
1557,ASIANPAINT,2026-09-30,2402.6,2562.64,2595.18,-6.24,False,False,False,True,34.81,1.09,2985.7,2115.0,-19.53,13.6,0,NORMAL,,,,,0,0,NOT A RECOVERY,False,,2914.5,2026-01-13,-17.56,False,False,0,NORMAL,,15,50DMA > 200DMA,False,6.75,2484.16,3.39,2162.34,0.34,NORMAL,,,,,,,,,,,,,,,,,,6.75,False
1558,CONCOR,2026-09-30,447.5,492.72,502.02,-9.18,False,False,False,True,30.45,0.98,557.0,421.45,-19.66,6.18,0,NORMAL,,,,,0,0,NOT A RECOVERY,False,,543.7,2026-08-14,-17.69,False,False,0,NORMAL,,15,50DMA > 200DMA,False,6.75,472.49,5.58,402.75,0.56,NORMAL,,,,,,,,,,,,,,,,,,6.75,False
1559,KKCL,2026-09-30,460.35,482.26,503.43,-4.54,False,False,False,True,32.03,0.25,574.9,408.35,-19.93,12.73,0,NORMAL,,,,,0,0,NOT A RECOVERY,False,,568.05,2026-08-05,-18.96,False,False,0,NORMAL,,15,50DMA > 200DMA,False,6.75,485.04,5.36,414.32,0.54,NORMAL,,,,,,,,,,,,,,,,,,6.75,False
1560,HEALTHX,2026-09-30,285.05,297.06,300.56,-4.04,False,False,False,True,37.9,0.13,363.0,252.5,-21.47,12.89,0,NORMAL,,,,,0,0,NOT A RECOVERY,False,,363.0,2026-01-13,-21.47,False,False,0,NORMAL,,15,50DMA > 200DMA,False,6.75,310.77,9.02,256.54,0.9,NORMAL,,,,,,,,,,,,,,,,,,6.75,False
1561,PYRAMID,2026-09-30,156.01,161.08,164.3,-3.15,False,False,False,True,43.89,0.47,198.69,131.8,-21.48,18.37,0,NORMAL,,,,,0,0,NOT A RECOVERY,False,,198.69,2026-07-28,-21.48,False,False,0,NORMAL,,15,50DMA > 200DMA,False,6.75,167.83,7.57,140.41,0.76,NORMAL,,,,,,,,,,,,,,,,,,6.75,False
1562,M&MFIN,2026-09-30,324.85,343.66,372.01,-5.47,False,False,False,True,26.59,0.54,415.0,269.5,-21.72,20.54,0,NORMAL,,,,,0,0,NOT A RECOVERY,False,,415.0,2026-08-10,-21.72,False,False,0,NORMAL,,15,50DMA > 200DMA,False,6.75,343.22,5.66,292.37,0.57,NORMAL,,,,,,,,,,,,,,,,,,6.75,False
1563,LTF,2026-09-30,265.0,293.26,308.64,-9.64,False,False,False,True,28.21,1.12,338.6,234.9,-21.74,12.81,0,NORMAL,,,,,0,0,NOT A RECOVERY,False,,338.6,2026-07-07,-21.74,False,False,0,NORMAL,,15,50DMA > 200DMA,False,6.75,284.69,7.43,238.5,0.74,NORMAL,,,,,,,,,,,,,,,,,,6.75,False
1564,PREMIERENE,2026-09-30,870.1,934.11,989.08,-6.85,False,False,False,True,30.77,0.95,1134.0,666.9,-23.27,30.47,0,NORMAL,,,,,0,0,NOT A RECOVERY,False,,1134.0,2026-07-10,-23.27,False,False,0,NORMAL,,15,50DMA > 200DMA,False,6.75,927.59,6.61,783.09,0.66,NORMAL,,,,,,,,,,,,,,,,,,6.75,False
1565,BERGEPAINT,2026-09-30,455.45,489.77,497.2,-7.01,False,False,False,True,40.6,0.78,594.55,391.1,-23.4,16.45,0,NORMAL,,,,,0,0,NOT A RECOVERY,False,,569.15,2025-12-22,-19.98,False,False,0,NORMAL,,15,50DMA > 200DMA,False,6.75,476.16,4.55,409.91,0.45,NORMAL,,,,,,,,,,,,,,,,,,6.75,False
1566,PGEL,2026-09-30,493.45,553.58,571.93,-10.86,False,False,False,True,25.92,1.0,644.4,436.55,-23.42,13.03,0,NORMAL,,,,,0,0,NOT A RECOVERY,False,,644.4,2026-01-05,-23.42,False,False,0,NORMAL,,15,50DMA > 200DMA,False,6.75,521.52,5.69,444.11,0.57,NORMAL,,,,,,,,,,,,,,,,,,6.75,False
1567,BALKRISIND,2026-09-30,2117.0,2280.03,2283.26,-7.15,False,False,False,True,36.15,0.53,2775.0,1970.0,-23.71,7.46,0,NORMAL,,,,,0,0,NOT A RECOVERY,False,,2775.0,2026-02-10,-23.71,False,False,0,NORMAL,,15,50DMA > 200DMA,False,6.75,2212.93,4.53,1905.3,0.45,NORMAL,,,,,,,,,,,,,,,,,,6.75,False
1568,SUMICHEM,2026-09-30,433.25,457.27,504.01,-5.25,False,False,False,True,26.5,0.94,572.05,362.6,-24.26,19.48,0,NORMAL,,,,,0,0,NOT A RECOVERY,False,,572.05,2026-08-17,-24.26,False,False,0,NORMAL,,15,50DMA > 200DMA,False,6.75,459.31,6.02,389.93,0.6,NORMAL,,,,,,,,,,,,,,,,,,6.75,False
1569,GRAVITA,2026-09-30,1447.4,1655.8,1693.93,-12.59,False,False,False,True,16.47,1.1,1913.6,1266.9,-24.36,14.25,0,NORMAL,,,,,0,0,NOT A RECOVERY,False,,1913.6,2025-12-29,-24.36,False,False,0,NORMAL,,15,50DMA > 200DMA,False,6.75,1529.5,5.67,1302.66,0.57,NORMAL,,,,,,,,,,,,,,,,,,6.75,False
1570,ESABINDIA,2026-09-30,5530.0,5846.09,5850.06,-5.41,False,False,False,True,32.97,0.29,7319.5,4710.0,-24.45,17.41,0,NORMAL,,,,,0,0,NOT A RECOVERY,False,,7319.5,2026-05-07,-24.45,False,False,0,NORMAL,,15,50DMA > 200DMA,False,6.75,5772.93,4.39,4977.0,0.44,NORMAL,,,,,,,,,,,,,,,,,,6.75,False
1571,CDSL,2026-09-30,1264.0,1322.79,1351.59,-4.44,False,False,False,True,34.71,0.77,1673.7,1116.3,-24.48,13.23,0,NORMAL,,,,,0,0,NOT A RECOVERY,False,,1480.3,2026-01-08,-14.61,False,False,0,NORMAL,,15,50DMA > 200DMA,False,6.75,1331.31,5.33,1137.6,0.53,NORMAL,,,,,,,,,,,,,,,,,,6.75,False
1572,BANSWRAS,2026-09-30,108.61,117.42,117.6,-7.5,False,False,False,True,38.56,0.26,144.0,93.73,-24.58,15.88,0,NORMAL,,,,,0,0,NOT A RECOVERY,False,,144.0,2026-06-19,-24.58,False,False,0,NORMAL,,15,50DMA > 200DMA,False,6.75,117.38,8.08,97.75,0.81,NORMAL,,,,,,,,,,,,,,,,,,6.75,False
1573,CCAVENUE,2026-09-30,15.12,15.62,15.87,-3.22,False,False,False,True,40.94,0.49,20.5,12.92,-26.24,17.03,0,NORMAL,,,,,0,0,NOT A RECOVERY,False,,19.43,2026-02-12,-22.18,False,False,0,NORMAL,,15,50DMA > 200DMA,False,6.75,16.46,8.88,13.61,0.89,NORMAL,,,,,,,,,,,,,,,,,,6.75,False
1574,SAGILITY,2026-09-30,42.58,43.99,44.25,-3.21,False,False,False,True,36.52,0.94,57.89,35.83,-26.45,18.84,0,NORMAL,,,,,0,0,NOT A RECOVERY,False,,54.3,2026-01-19,-21.58,False,False,0,NORMAL,,15,50DMA > 200DMA,False,6.75,44.87,5.39,38.32,0.54,NORMAL,,,,,,,,,,,,,,,,,,6.75,False
1575,KICL,2026-09-30,4799.0,4986.22,5206.6,-3.75,False,False,False,True,36.65,0.91,6554.9,4011.0,-26.79,19.65,0,NORMAL,,,,,0,0,NOT A RECOVERY,False,,5821.0,2026-08-10,-17.56,False,False,0,NORMAL,,15,50DMA > 200DMA,False,6.75,5085.93,5.98,4319.1,0.6,NORMAL,,,,,,,,,,,,,,,,,,6.75,False
1576,5PAISA,2026-09-30,305.2,335.56,350.48,-9.05,False,False,False,True,29.71,0.54,416.95,245.5,-26.8,24.32,0,NORMAL,,,,,0,0,NOT A RECOVERY,False,,416.95,2026-08-19,-26.8,False,False,0,NORMAL,,15,50DMA > 200DMA,False,6.75,323.12,5.87,274.68,0.59,NORMAL,,,,,,,,,,,,,,,,,,6.75,False
1577,MUTHOOTCAP,2026-09-30,218.9,225.81,238.17,-3.06,False,False,False,True,35.46,0.52,303.0,175.25,-27.76,24.91,0,NORMAL,,,,,0,0,NOT A RECOVERY,False,,284.4,2026-01-16,-23.03,False,False,0,NORMAL,,15,50DMA > 200DMA,False,6.75,238.09,8.77,197.01,0.88,NORMAL,,,,,,,,,,,,,,,,,,6.75,False
1578,BASML,2026-09-30,23.0,24.48,25.39,-6.05,False,False,False,True,36.79,0.86,31.9,17.05,-27.9,34.9,0,NORMAL,,,,,0,0,NOT A RECOVERY,False,,29.25,2026-06-30,-21.37,False,False,0,NORMAL,,15,50DMA > 200DMA,False,6.75,25.01,8.73,20.7,0.87,NORMAL,,,,,,,,,,,,,,,,,,6.75,False
1579,GOKEX,2026-09-30,687.8,724.87,772.08,-5.11,False,False,False,True,33.71,0.82,954.9,531.0,-27.97,29.53,0,NORMAL,,,,,0,0,NOT A RECOVERY,False,,894.7,2026-07-02,-23.13,False,False,0,NORMAL,,15,50DMA > 200DMA,False,6.75,741.75,7.84,619.02,0.78,NORMAL,,,,,,,,,,,,,,,,,,6.75,False
1580,JUBLFOOD,2026-09-30,456.7,477.2,478.23,-4.3,False,False,False,True,38.55,0.82,635.0,408.55,-28.08,11.79,0,NORMAL,,,,,0,0,NOT A RECOVERY,False,,575.0,2026-02-11,-20.57,False,False,0,NORMAL,,15,50DMA > 200DMA,False,6.75,481.79,5.49,411.03,0.55,NORMAL,,,,,,,,,,,,,,,,,,6.75,False
1581,OLECTRA,2026-09-30,1134.2,1209.49,1278.75,-6.22,False,False,False,True,32.73,1.03,1578.8,866.6,-28.16,30.88,0,NORMAL,,,,,0,0,NOT A RECOVERY,False,,1556.0,2026-07-02,-27.11,False,False,0,NORMAL,,15,50DMA > 200DMA,False,6.75,1214.91,7.12,1020.78,0.71,NORMAL,,,,,,,,,,,,,,,,,,6.75,False
1582,BASF,2026-09-30,3447.8,3654.97,3781.89,-5.67,False,False,False,True,31.97,0.56,4829.9,3122.2,-28.62,10.43,0,NORMAL,,,,,0,0,NOT A RECOVERY,False,,4250.0,2026-08-04,-18.88,False,False,0,NORMAL,,15,50DMA > 200DMA,False,6.75,3629.79,5.28,3103.02,0.53,NORMAL,,,,,,,,,,,,,,,,,,6.75,False
1583,MALUPAPER,2026-09-30,31.47,32.5,32.52,-3.17,False,False,False,True,44.08,0.42,44.11,27.0,-28.66,16.56,0,NORMAL,,,,,0,0,NOT A RECOVERY,False,,38.8,2026-07-24,-18.89,False,False,0,NORMAL,,15,50DMA > 200DMA,False,6.75,34.38,9.24,28.32,0.92,NORMAL,,,,,,,,,,,,,,,,,,6.75,False
1584,PANSARI,2026-09-30,274.0,300.33,308.76,-8.77,False,False,False,True,36.33,1.08,388.9,233.3,-29.54,17.45,0,NORMAL,,,,,0,0,NOT A RECOVERY,False,,388.9,2026-07-10,-29.54,False,False,0,NORMAL,,15,50DMA > 200DMA,False,6.75,303.24,10.67,246.6,1.07,NORMAL,,,,,,,,,,,,,,,,,,6.75,False
1585,HECPROJECT,2026-09-30,113.0,122.19,124.01,-7.52,False,False,False,True,40.11,0.03,160.5,92.1,-29.6,22.69,0,NORMAL,,,,,0,0,NOT A RECOVERY,False,,160.5,2026-04-15,-29.6,False,False,0,NORMAL,,15,50DMA > 200DMA,False,6.75,122.8,8.68,101.7,0.87,NORMAL,,,,,,,,,,,,,,,,,,6.75,False
1586,ASAL,2026-09-30,433.5,478.15,481.29,-9.34,False,False,False,True,29.6,0.63,620.2,374.5,-30.1,15.75,0,NORMAL,,,,,0,0,NOT A RECOVERY,False,,574.2,2026-05-08,-24.5,False,False,0,NORMAL,,15,50DMA > 200DMA,False,6.75,456.71,5.36,390.15,0.54,NORMAL,,,,,,,,,,,,,,,,,,6.75,False
1587,VAIBHAVGBL,2026-09-30,204.32,227.54,228.38,-10.2,False,False,False,True,35.35,0.9,293.25,174.13,-30.33,17.34,0,NORMAL,,,,,0,0,NOT A RECOVERY,False,,282.3,2026-07-28,-27.62,False,False,0,NORMAL,,15,50DMA > 200DMA,False,6.75,216.66,6.04,183.89,0.6,NORMAL,,,,,,,,,,,,,,,,,,6.75,False
1588,MAHSCOOTER,2026-09-30,12576.0,13054.63,13276.14,-3.67,False,False,False,True,37.8,1.13,18098.0,10901.0,-30.51,15.37,0,NORMAL,,,,,0,0,NOT A RECOVERY,False,,14585.0,2026-01-14,-13.77,False,False,0,NORMAL,,15,50DMA > 200DMA,False,6.75,13326.86,5.97,11318.4,0.6,NORMAL,,,,,,,,,,,,,,,,,,6.75,False
1589,DDEVPLSTIK,2026-09-30,249.5,266.1,271.41,-6.24,False,False,False,True,34.29,0.66,360.0,185.15,-30.69,34.76,0,NORMAL,,,,,0,0,NOT A RECOVERY,False,,317.3,2026-01-06,-21.37,False,False,0,NORMAL,,15,50DMA > 200DMA,False,6.75,263.89,5.77,224.55,0.58,NORMAL,,,,,,,,,,,,,,,,,,6.75,False
1590,AMNPLST,2026-09-30,171.57,178.93,182.32,-4.11,False,False,False,True,48.37,0.3,250.0,127.0,-31.37,35.09,0,NORMAL,,,,,0,0,NOT A RECOVERY,False,,232.99,2025-12-17,-26.36,False,False,0,NORMAL,,15,50DMA > 200DMA,False,6.75,189.61,10.51,154.41,1.05,NORMAL,,,,,,,,,,,,,,,,,,6.75,False
1591,PSPPROJECT,2026-09-30,767.0,838.67,896.15,-8.55,False,False,False,True,25.38,1.18,1143.0,569.2,-32.9,34.75,0,NORMAL,,,,,0,0,NOT A RECOVERY,False,,1143.0,2026-07-06,-32.9,False,False,0,NORMAL,,15,50DMA > 200DMA,False,6.75,824.47,7.49,690.3,0.75,NORMAL,,,,,,,,,,,,,,,,,,6.75,False
1592,TTKPRESTIG,2026-09-30,515.85,560.65,583.67,-7.99,False,False,False,True,36.72,0.65,771.2,423.0,-33.11,21.95,0,NORMAL,,,,,0,0,NOT A RECOVERY,False,,742.9,2026-07-28,-30.56,False,False,0,NORMAL,,15,50DMA > 200DMA,False,6.75,547.77,6.19,464.26,0.62,NORMAL,,,,,,,,,,,,,,,,,,6.75,False
1593,TANLA,2026-09-30,492.15,511.55,548.96,-3.79,False,False,False,True,39.54,0.71,748.45,365.9,-34.24,34.5,0,NORMAL,,,,,0,0,NOT A RECOVERY,False,,656.0,2026-07-23,-24.98,False,False,0,NORMAL,,15,50DMA > 200DMA,False,6.75,519.38,5.53,442.93,0.55,NORMAL,,,,,,,,,,,,,,,,,,6.75,False
1594,IVALUE,2026-09-30,222.76,252.71,255.99,-11.85,False,False,False,True,38.17,0.41,340.0,200.88,-34.48,10.89,0,NORMAL,,,,,0,0,NOT A RECOVERY,False,,321.45,2026-07-13,-30.7,False,False,0,NORMAL,,15,50DMA > 200DMA,False,6.75,243.81,9.45,200.48,0.94,NORMAL,,,,,,,,,,,,,,,,,,6.75,False
1595,SPLIL,2026-09-30,29.24,30.64,30.94,-4.58,False,False,False,True,42.26,0.67,45.2,20.2,-35.31,44.75,0,NORMAL,,,,,0,0,NOT A RECOVERY,False,,37.29,2026-04-20,-21.59,False,False,0,NORMAL,,15,50DMA > 200DMA,False,6.75,31.99,9.4,26.32,0.94,NORMAL,,,,,,,,,,,,,,,,,,6.75,False
1596,SONATSOFTW,2026-09-30,258.25,288.46,296.78,-10.47,False,False,False,True,36.06,0.67,400.5,207.15,-35.52,24.67,0,NORMAL,,,,,0,0,NOT A RECOVERY,False,,374.5,2026-01-07,-31.04,False,False,0,NORMAL,,15,50DMA > 200DMA,False,6.75,279.0,8.03,232.43,0.8,NORMAL,,,,,,,,,,,,,,,,,,6.75,False
1597,ZEELEARN,2026-09-30,6.5,6.8,7.48,-4.39,False,False,False,True,38.71,0.92,10.1,4.17,-35.64,55.88,0,NORMAL,,,,,0,0,NOT A RECOVERY,False,,10.1,2026-06-24,-35.64,False,False,0,NORMAL,,15,50DMA > 200DMA,False,6.75,7.6,16.86,5.85,1.69,NORMAL,,,,,,,,,,,,,,,,,,6.75,False
1598,GOLDTECH,2026-09-30,44.68,46.11,49.63,-3.1,False,False,False,True,44.23,0.05,70.0,29.68,-36.17,50.54,0,NORMAL,,,,,0,0,NOT A RECOVERY,False,,70.0,2026-07-03,-36.17,False,False,0,NORMAL,,15,50DMA > 200DMA,False,6.75,48.61,8.79,40.21,0.88,NORMAL,,,,,,,,,,,,,,,,,,6.75,False
1599,SIYSIL,2026-09-30,539.95,578.1,580.62,-6.6,False,False,False,True,44.1,0.5,848.8,433.35,-36.39,24.6,0,NORMAL,,,,,0,0,NOT A RECOVERY,False,,696.35,2025-12-04,-22.46,False,False,0,NORMAL,,15,50DMA > 200DMA,False,6.75,568.3,5.25,485.96,0.53,NORMAL,,,,,,,,,,,,,,,,,,6.75,False
1600,BORORENEW,2026-09-30,458.15,516.17,520.72,-11.24,False,False,False,True,34.32,1.19,721.0,374.4,-36.46,22.37,0,NORMAL,,,,,0,0,NOT A RECOVERY,False,,669.9,2026-07-10,-31.61,False,False,0,NORMAL,,15,50DMA > 200DMA,False,6.75,489.88,6.93,412.33,0.69,NORMAL,,,,,,,,,,,,,,,,,,6.75,False
1601,NBIFIN,2026-09-30,1897.5,1997.11,2041.09,-4.99,False,False,False,True,36.57,0.1,2991.0,1539.0,-36.56,23.29,0,NORMAL,,,,,0,0,NOT A RECOVERY,False,,2453.0,2026-07-23,-22.65,False,False,0,NORMAL,,15,50DMA > 200DMA,False,6.75,2003.53,5.59,1707.75,0.56,NORMAL,,,,,,,,,,,,,,,,,,6.75,False
1602,BOROSCI,2026-09-30,113.91,127.17,131.54,-10.43,False,False,False,True,27.2,0.66,180.8,96.64,-37.0,17.87,0,NORMAL,,,,,0,0,NOT A RECOVERY,False,,180.8,2026-06-29,-37.0,False,False,0,NORMAL,,15,50DMA > 200DMA,False,6.75,122.98,7.96,102.52,0.8,NORMAL,,,,,,,,,,,,,,,,,,6.75,False
1603,ZEEL,2026-09-30,74.47,91.69,93.1,-18.78,False,False,False,True,26.94,0.81,118.35,68.0,-37.08,9.51,0,NORMAL,,,,,0,0,NOT A RECOVERY,False,,118.35,2026-06-23,-37.08,False,False,0,NORMAL,,15,50DMA > 200DMA,False,6.75,79.49,6.74,67.02,0.67,NORMAL,,,,,,,,,,,,,,,,,,6.75,False
1604,FMNL,2026-09-30,8.35,9.17,9.22,-8.9,False,False,False,True,41.4,0.61,13.29,6.74,-37.17,23.89,0,NORMAL,,,,,0,0,NOT A RECOVERY,False,,12.95,2026-05-20,-35.52,False,False,0,NORMAL,,15,50DMA > 200DMA,False,6.75,9.46,13.33,7.52,1.33,NORMAL,,,,,,,,,,,,,,,,,,6.75,False
1605,SAKSOFT,2026-09-30,139.43,156.63,157.27,-10.98,False,False,False,True,35.16,0.72,222.99,107.59,-37.47,29.59,0,NORMAL,,,,,0,0,NOT A RECOVERY,False,,217.33,2026-07-01,-35.84,False,False,0,NORMAL,,15,50DMA > 200DMA,False,6.75,148.51,6.51,125.49,0.65,NORMAL,,,,,,,,,,,,,,,,,,6.75,False
1606,IITL,2026-09-30,133.26,144.72,144.75,-7.92,False,False,False,True,39.94,1.03,216.0,108.0,-38.31,23.39,0,NORMAL,,,,,0,0,NOT A RECOVERY,False,,192.0,2026-04-23,-30.59,False,False,0,NORMAL,,15,50DMA > 200DMA,False,6.75,150.0,12.56,119.93,1.26,NORMAL,,,,,,,,,,,,,,,,,,6.75,False
1607,RELAXO,2026-09-30,291.2,349.43,360.11,-16.66,False,False,False,True,25.8,0.45,473.1,236.5,-38.45,23.13,0,NORMAL,,,,,0,0,NOT A RECOVERY,False,,454.7,2026-07-20,-35.96,False,False,0,NORMAL,,15,50DMA > 200DMA,False,6.75,310.09,6.49,262.08,0.65,NORMAL,,,,,,,,,,,,,,,,,,6.75,False
1608,DYNPRO,2026-09-30,223.58,234.66,237.87,-4.72,False,False,False,True,38.84,0.4,367.0,190.8,-39.08,17.18,0,NORMAL,,,,,0,0,NOT A RECOVERY,False,,283.8,2025-12-03,-21.22,False,False,0,NORMAL,,15,50DMA > 200DMA,False,6.75,235.22,5.21,201.22,0.52,NORMAL,,,,,,,,,,,,,,,,,,6.75,False
1609,ONMOBILE,2026-09-30,50.62,54.53,56.42,-7.17,False,False,False,True,45.06,0.39,84.0,40.21,-39.74,25.89,0,NORMAL,,,,,0,0,NOT A RECOVERY,False,,84.0,2026-07-03,-39.74,False,False,0,NORMAL,,15,50DMA > 200DMA,False,6.75,55.56,9.75,45.56,0.98,NORMAL,,,,,,,,,,,,,,,,,,6.75,False
1610,ORISSAMINE,2026-09-30,3651.5,4164.42,4196.16,-12.32,False,False,False,True,27.31,0.7,6138.9,3100.5,-40.52,17.77,0,NORMAL,,,,,0,0,NOT A RECOVERY,False,,5285.9,2025-12-29,-30.92,False,False,0,NORMAL,,15,50DMA > 200DMA,False,6.75,3894.86,6.66,3286.35,0.67,NORMAL,,,,,,,,,,,,,,,,,,6.75,False
1611,IFBIND,2026-09-30,1201.0,1247.74,1319.5,-3.75,False,False,False,True,34.22,0.69,2019.8,883.2,-40.54,35.98,0,NORMAL,,,,,0,0,NOT A RECOVERY,False,,1562.4,2026-01-07,-23.13,False,False,0,NORMAL,,15,50DMA > 200DMA,False,6.75,1278.73,6.47,1080.9,0.65,NORMAL,,,,,,,,,,,,,,,,,,6.75,False
1612,PVSL,2026-09-30,95.5,103.08,105.64,-7.35,False,False,False,True,32.48,0.67,163.0,82.41,-41.41,15.88,0,NORMAL,,,,,0,0,NOT A RECOVERY,False,,135.71,2025-12-05,-29.63,False,False,0,NORMAL,,15,50DMA > 200DMA,False,6.75,103.27,8.14,85.95,0.81,NORMAL,,,,,,,,,,,,,,,,,,6.75,False
1613,EMSLIMITED,2026-09-30,337.2,359.8,381.66,-6.28,False,False,False,True,28.21,0.58,576.9,256.05,-41.55,31.69,0,NORMAL,,,,,0,0,NOT A RECOVERY,False,,464.7,2026-07-13,-27.44,False,False,0,NORMAL,,15,50DMA > 200DMA,False,6.75,357.22,5.94,303.48,0.59,NORMAL,,,,,,,,,,,,,,,,,,6.75,False
1614,KAUSHALYA,2026-09-30,837.0,874.55,881.61,-4.29,False,False,False,True,43.43,0.45,1435.95,750.0,-41.71,11.6,0,NORMAL,,,,,0,0,NOT A RECOVERY,False,,1435.95,2026-07-07,-41.71,False,False,0,NORMAL,,15,50DMA > 200DMA,False,6.75,898.49,7.35,753.3,0.73,NORMAL,,,,,,,,,,,,,,,,,,6.75,False
1615,SHK,2026-09-30,141.02,146.41,152.32,-3.68,False,False,False,True,45.59,0.52,243.51,111.98,-42.09,25.93,0,NORMAL,,,,,0,0,NOT A RECOVERY,False,,186.82,2026-01-08,-24.52,False,False,0,NORMAL,,15,50DMA > 200DMA,False,6.75,152.07,7.84,126.92,0.78,NORMAL,,,,,,,,,,,,,,,,,,6.75,False
1616,EPIGRAL,2026-09-30,1012.5,1107.99,1133.19,-8.62,False,False,False,True,28.92,1.13,1771.0,807.0,-42.83,25.46,0,NORMAL,,,,,0,0,NOT A RECOVERY,False,,1400.0,2026-05-04,-27.68,False,False,0,NORMAL,,15,50DMA > 200DMA,False,6.75,1082.29,6.89,911.25,0.69,NORMAL,,,,,,,,,,,,,,,,,,6.75,False
1617,SILINV,2026-09-30,431.45,445.36,447.59,-3.12,False,False,False,True,39.16,0.95,767.0,380.0,-43.75,13.54,0,NORMAL,,,,,0,0,NOT A RECOVERY,False,,510.85,2026-01-07,-15.54,False,False,0,NORMAL,,15,50DMA > 200DMA,False,6.75,473.16,9.67,388.31,0.97,NORMAL,,,,,,,,,,,,,,,,,,6.75,False
1618,DENTA,2026-09-30,265.75,287.74,298.74,-7.64,False,False,False,True,35.57,0.46,479.6,222.0,-44.59,19.71,0,NORMAL,,,,,0,0,NOT A RECOVERY,False,,391.7,2025-11-27,-32.15,False,False,0,NORMAL,,15,50DMA > 200DMA,False,6.75,286.58,7.84,239.18,0.78,NORMAL,,,,,,,,,,,,,,,,,,6.75,False
1619,NACLIND,2026-09-30,132.86,164.92,166.92,-19.44,False,False,False,True,20.2,0.83,245.0,112.62,-45.77,17.97,0,NORMAL,,,,,0,0,NOT A RECOVERY,False,,245.0,2026-07-13,-45.77,False,False,0,NORMAL,,15,50DMA > 200DMA,False,6.75,145.22,9.31,119.57,0.93,NORMAL,,,,,,,,,,,,,,,,,,6.75,False
1620,CENTEXT,2026-09-30,18.62,20.51,20.55,-9.22,False,False,False,True,39.6,0.35,34.75,15.67,-46.42,18.83,0,NORMAL,,,,,0,0,NOT A RECOVERY,False,,25.0,2026-01-08,-25.52,False,False,0,NORMAL,,15,50DMA > 200DMA,False,6.75,20.27,8.85,16.76,0.89,NORMAL,,,,,,,,,,,,,,,,,,6.75,False
1621,TRENT,2026-09-30,2621.6,2855.86,2882.29,-8.2,False,False,False,True,27.26,1.14,4908.0,2183.67,-46.59,20.05,0,NORMAL,,,,,0,0,NOT A RECOVERY,False,,,,,False,False,0,NORMAL,,15,50DMA > 200DMA,False,6.75,2735.74,4.35,2359.44,0.44,NORMAL,,,,,,,,,,,,,,,,,,6.75,False
1622,IGCL,2026-09-30,56.8,67.77,70.56,-16.18,False,False,False,True,16.52,0.8,111.4,49.46,-49.01,14.84,0,NORMAL,,,,,0,0,NOT A RECOVERY,False,,86.41,2025-12-23,-34.27,False,False,0,NORMAL,,15,50DMA > 200DMA,False,6.75,63.47,11.74,51.12,1.17,NORMAL,,,,,,,,,,,,,,,,,,6.75,False
1623,SVPGLOB,2026-09-30,3.13,3.54,3.65,-11.53,False,False,False,True,27.39,0.69,6.89,2.18,-54.57,43.58,0,NORMAL,,,,,0,0,NOT A RECOVERY,False,,4.77,2025-12-15,-34.38,False,False,0,NORMAL,,15,50DMA > 200DMA,False,6.75,3.58,14.33,2.82,1.43,NORMAL,,,,,,,,,,,,,,,,,,6.75,False
689,ATLASCYCLE,2026-09-30,93.53,96.22,96.52,-2.79,False,False,False,True,47.63,0.05,124.88,76.15,-25.1,22.82,0,NORMAL,,2026-09-25,90.1,3.81,45,45,NEAR 200DMA,True,within 3% of 200DMA; moving toward 200DMA; above breakdown low,123.67,2026-04-13,-24.37,False,False,0,NORMAL,,15,50DMA > 200DMA,False,6.75,104.39,11.62,84.18,1.16,200DMA RECOVERY,,0.157218,-12.87,,596662080.0,,,-125.03699999999999,-129.657,2.371,,,,-22.5,,,0.0,4.05,False
707,ARKADE,2026-09-30,119.39,122.14,128.67,-2.25,False,False,False,True,41.43,0.74,180.0,92.62,-33.67,28.9,0,NORMAL,,2026-09-29,119.0,0.33,45,45,NEAR 200DMA,True,within 3% of 200DMA; moving toward 200DMA; above breakdown low,144.5,2026-07-31,-17.38,False,False,0,NORMAL,,15,50DMA > 200DMA,False,6.75,128.67,7.77,107.45,0.78,200DMA RECOVERY,,2.495952,-0.23,142.0,22036414464.0,,,16.752,-0.5349999999999999,11.23,,,,-7.8,-33.5,-33.5,0.0,4.05,False
1624,ALKEM,2026-09-30,5163.5,5483.02,5393.43,-5.83,False,False,False,False,42.5,1.02,5933.5,5051.0,-12.98,2.23,10,NORMAL,within 15% of 52W high,,,,0,0,NOT A RECOVERY,False,,5933.5,2026-01-13,-12.98,False,False,0,NORMAL,,0,,False,3.5,5430.07,5.16,4647.15,0.52,NORMAL,,,,,,,,,,,,,,,,,,3.5,False
1625,LICI,2026-09-30,395.2,413.03,409.9,-4.32,False,False,False,False,42.17,0.91,468.48,360.75,-15.64,9.55,0,NORMAL,,,,,0,0,NOT A RECOVERY,False,,454.0,2026-02-09,-12.95,False,False,0,NORMAL,,0,,False,0.0,413.82,4.71,355.68,0.47,NORMAL,,,,,,,,,,,,,,,,,,0.0,False
1626,ULTRACEMCO,2026-09-30,10956.0,11708.71,11462.58,-6.43,False,False,False,False,43.87,0.95,13110.0,10325.0,-16.43,6.11,0,NORMAL,,,,,0,0,NOT A RECOVERY,False,,13110.0,2026-02-10,-16.43,False,False,0,NORMAL,,0,,False,0.0,11333.29,3.44,9860.4,0.34,NORMAL,,,,,,,,,,,,,,,,,,0.0,False
1627,ANURAS,2026-09-30,1181.0,1275.93,1218.32,-7.44,False,False,False,False,42.13,0.24,1415.0,1045.2,-16.54,12.99,0,NORMAL,,,,,0,0,NOT A RECOVERY,False,,1415.0,2026-05-07,-16.54,False,False,0,NORMAL,,0,,False,0.0,1254.54,6.23,1062.9,0.62,NORMAL,,,,,,,,,,,,,,,,,,0.0,False
1628,NHPC,2026-09-30,72.81,77.79,76.75,-6.4,False,False,False,False,32.24,0.82,88.12,71.62,-17.37,1.66,0,NORMAL,,,,,0,0,NOT A RECOVERY,False,,86.83,2026-04-29,-16.15,False,False,0,NORMAL,,0,,False,0.0,75.18,3.26,65.53,0.33,NORMAL,,,,,,,,,,,,,,,,,,0.0,False
1629,BEL,2026-09-30,388.3,418.39,401.27,-7.19,False,False,False,False,40.26,1.01,473.45,380.45,-17.99,2.06,0,NORMAL,,,,,0,0,NOT A RECOVERY,False,,473.45,2026-03-06,-17.99,False,False,0,NORMAL,,0,,False,0.0,402.56,3.67,349.47,0.37,NORMAL,,,,,,,,,,,,,,,,,,0.0,False
1630,SILGO,2026-09-30,70.21,74.09,70.92,-5.23,False,False,False,False,48.1,0.58,86.2,61.0,-18.55,15.1,0,NORMAL,,,,,0,0,NOT A RECOVERY,False,,86.2,2026-05-29,-18.55,False,False,0,NORMAL,,0,,False,0.0,74.91,6.69,63.19,0.67,NORMAL,,,,,,,,,,,,,,,,,,0.0,False
1631,NCLIND,2026-09-30,174.18,182.47,176.95,-4.54,False,False,False,False,45.36,0.7,214.8,147.5,-18.91,18.09,0,NORMAL,,,,,0,0,NOT A RECOVERY,False,,214.8,2026-01-08,-18.91,False,False,0,NORMAL,,0,,False,0.0,182.85,4.98,156.76,0.5,NORMAL,,,,,,,,,,,,,,,,,,0.0,False
1632,POWERGRID,2026-09-30,260.5,284.47,270.58,-8.43,False,False,False,False,40.68,1.03,324.95,250.0,-19.83,4.2,0,NORMAL,,,,,0,0,NOT A RECOVERY,False,,324.95,2026-04-27,-19.83,False,False,0,NORMAL,,0,,False,0.0,270.06,3.67,234.45,0.37,NORMAL,,,,,,,,,,,,,,,,,,0.0,False
1633,SWARAJENG,2026-09-30,3546.2,3673.64,3579.78,-3.47,False,False,False,False,44.97,0.63,4437.4,3301.3,-20.08,7.42,0,NORMAL,,,,,0,0,NOT A RECOVERY,False,,4394.0,2026-04-15,-19.29,False,False,0,NORMAL,,0,,False,0.0,3653.67,3.03,3191.58,0.3,NORMAL,,,,,,,,,,,,,,,,,,0.0,False
1634,GATEWAY,2026-09-30,52.04,57.07,54.6,-8.82,False,False,False,False,39.46,0.98,65.42,48.1,-20.45,8.19,0,NORMAL,,,,,0,0,NOT A RECOVERY,False,,65.28,2026-02-10,-20.28,False,False,0,NORMAL,,0,,False,0.0,54.03,3.82,46.84,0.38,NORMAL,,,,,,,,,,,,,,,,,,0.0,False
1635,CENTURYPLY,2026-09-30,681.85,758.4,746.43,-10.09,False,False,False,False,35.36,0.69,859.0,618.5,-20.62,10.24,0,NORMAL,,,,,0,0,NOT A RECOVERY,False,,859.0,2026-02-03,-20.62,False,False,0,NORMAL,,0,,False,0.0,724.61,6.27,613.66,0.63,NORMAL,,,,,,,,,,,,,,,,,,0.0,False
1636,GICRE,2026-09-30,331.15,370.6,350.88,-10.64,False,False,False,False,40.04,0.86,417.95,319.0,-20.77,3.81,0,NORMAL,,,,,0,0,NOT A RECOVERY,False,,417.95,2026-04-16,-20.77,False,False,0,NORMAL,,0,,False,0.0,347.6,4.97,298.03,0.5,NORMAL,,,,,,,,,,,,,,,,,,0.0,False
1637,ONESOURCE,2026-09-30,1521.6,1580.75,1575.91,-3.74,False,False,False,False,40.29,0.5,1925.0,1057.0,-20.96,43.95,0,NORMAL,,,,,0,0,NOT A RECOVERY,False,,1917.8,2026-05-18,-20.66,False,False,0,NORMAL,,0,,False,0.0,1625.01,6.8,1369.44,0.68,NORMAL,,,,,,,,,,,,,,,,,,0.0,False
1638,MASFIN,2026-09-30,282.7,311.79,299.13,-9.33,False,False,False,False,39.81,0.92,358.85,273.15,-21.22,3.5,0,NORMAL,,,,,0,0,NOT A RECOVERY,False,,358.85,2026-05-04,-21.22,False,False,0,NORMAL,,0,,False,0.0,300.26,6.21,254.43,0.62,NORMAL,,,,,,,,,,,,,,,,,,0.0,False
1639,CHAMBLFERT,2026-09-30,409.25,446.42,429.03,-8.33,False,False,False,False,34.16,0.84,522.0,399.75,-21.6,2.38,0,NORMAL,,,,,0,0,NOT A RECOVERY,False,,497.8,2026-06-16,-17.79,False,False,0,NORMAL,,0,,False,0.0,423.24,3.42,368.32,0.34,NORMAL,,,,,,,,,,,,,,,,,,0.0,False
1640,GKWLIMITED,2026-09-30,1550.0,1662.02,1601.26,-6.74,False,False,False,False,44.59,0.03,1985.4,1375.0,-21.93,12.73,0,NORMAL,,,,,0,0,NOT A RECOVERY,False,,1937.8,2025-10-29,-20.01,False,False,0,NORMAL,,0,,False,0.0,1645.31,6.15,1395.0,0.61,NORMAL,,,,,,,,,,,,,,,,,,0.0,False
1641,HDBFS,2026-09-30,621.3,691.49,678.09,-10.15,False,False,False,False,27.53,0.98,796.7,555.3,-22.02,11.89,0,NORMAL,,,,,0,0,NOT A RECOVERY,False,,788.95,2026-01-16,-21.25,False,False,0,NORMAL,,0,,False,0.0,650.08,4.63,559.17,0.46,NORMAL,,,,,,,,,,,,,,,,,,0.0,False
1642,ASTRAL,2026-09-30,1370.4,1504.83,1463.02,-8.93,False,False,False,False,35.54,0.45,1768.7,1311.6,-22.52,4.48,0,NORMAL,,,,,0,0,NOT A RECOVERY,False,,1768.7,2026-03-11,-22.52,False,False,0,NORMAL,,0,,False,0.0,1428.07,4.21,1233.36,0.42,NORMAL,,,,,,,,,,,,,,,,,,0.0,False
1643,AADHARHFC,2026-09-30,436.0,481.78,476.91,-9.5,False,False,False,False,33.31,0.98,563.0,427.3,-22.56,2.04,0,NORMAL,,,,,0,0,NOT A RECOVERY,False,,563.0,2026-07-06,-22.56,False,False,0,NORMAL,,0,,False,0.0,460.66,5.66,392.4,0.57,NORMAL,,,,,,,,,,,,,,,,,,0.0,False
1644,HISARMETAL,2026-09-30,148.97,154.88,153.03,-3.81,False,False,False,False,38.33,0.57,192.4,124.99,-22.57,19.19,0,NORMAL,,,,,0,0,NOT A RECOVERY,False,,179.9,2026-02-11,-17.19,False,False,0,NORMAL,,0,,False,0.0,160.9,8.01,134.07,0.8,NORMAL,,,,,,,,,,,,,,,,,,0.0,False
1645,SUNDARMFIN,2026-09-30,4355.0,4779.44,4582.17,-8.88,False,False,False,False,32.92,1.2,5642.0,4000.0,-22.81,8.88,0,NORMAL,,,,,0,0,NOT A RECOVERY,False,,5642.0,2026-03-04,-22.81,False,False,0,NORMAL,,0,,False,0.0,4602.7,5.69,3919.5,0.57,NORMAL,,,,,,,,,,,,,,,,,,0.0,False
1646,AHLEAST,2026-09-30,134.44,147.77,139.27,-9.02,False,False,False,False,42.12,0.09,175.3,127.25,-23.31,5.65,0,NORMAL,,,,,0,0,NOT A RECOVERY,False,,175.3,2026-04-23,-23.31,False,False,0,NORMAL,,0,,False,0.0,141.77,5.45,121.0,0.55,NORMAL,,,,,,,,,,,,,,,,,,0.0,False
1647,RECLTD,2026-09-30,299.0,347.44,331.44,-13.94,False,False,False,False,36.18,1.11,390.3,292.2,-23.39,2.33,0,NORMAL,,,,,0,0,NOT A RECOVERY,False,,387.8,2026-01-06,-22.9,False,False,0,NORMAL,,0,,False,0.0,310.36,3.8,269.1,0.38,NORMAL,,,,,,,,,,,,,,,,,,0.0,False
1648,SIRCA,2026-09-30,410.1,435.86,425.7,-5.91,False,False,False,False,41.22,0.67,539.0,385.0,-23.91,6.52,0,NORMAL,,,,,0,0,NOT A RECOVERY,False,,510.75,2025-12-04,-19.71,False,False,0,NORMAL,,0,,False,0.0,431.39,5.19,369.09,0.52,NORMAL,,,,,,,,,,,,,,,,,,0.0,False
1649,BANARISUG,2026-09-30,3300.2,3585.64,3570.55,-7.96,False,False,False,False,37.52,0.23,4338.0,3105.2,-23.92,6.28,0,NORMAL,,,,,0,0,NOT A RECOVERY,False,,4338.0,2026-08-20,-23.92,False,False,0,NORMAL,,0,,False,0.0,3505.16,6.21,2970.18,0.62,NORMAL,,,,,,,,,,,,,,,,,,0.0,False
1650,BALMLAWRIE,2026-09-30,161.16,176.23,172.43,-8.55,False,False,False,False,31.21,0.73,212.76,148.36,-24.25,8.63,0,NORMAL,,,,,0,0,NOT A RECOVERY,False,,199.5,2026-05-08,-19.22,False,False,0,NORMAL,,0,,False,0.0,168.63,4.64,145.04,0.46,NORMAL,,,,,,,,,,,,,,,,,,0.0,False
1651,COLPAL,2026-09-30,1763.3,2036.95,1922.55,-13.43,False,False,False,False,34.68,0.66,2329.9,1763.3,-24.32,0.0,0,NORMAL,,,,,0,0,NOT A RECOVERY,False,,2301.6,2026-02-27,-23.39,False,False,0,NORMAL,,0,,False,0.0,1848.31,4.82,1586.97,0.48,NORMAL,,,,,,,,,,,,,,,,,,0.0,False
1652,DBL,2026-09-30,406.2,436.8,416.56,-7.0,False,False,False,False,46.3,0.12,538.2,381.55,-24.53,6.46,0,NORMAL,,,,,0,0,NOT A RECOVERY,False,,497.0,2026-05-11,-18.27,False,False,0,NORMAL,,0,,False,0.0,429.16,5.65,365.58,0.57,NORMAL,,,,,,,,,,,,,,,,,,0.0,False
1653,GSFC,2026-09-30,150.79,165.53,158.04,-8.91,False,False,False,False,38.26,0.77,199.99,138.83,-24.6,8.61,0,NORMAL,,,,,0,0,NOT A RECOVERY,False,,220.59,2025-09-04,-31.64,False,False,0,NORMAL,,0,,False,0.0,158.45,5.08,135.71,0.51,NORMAL,,,,,,,,,,,,,,,,,,0.0,False
1654,INSECTICID,2026-09-30,584.3,651.35,613.94,-10.29,False,False,False,False,38.64,0.36,777.6,518.6,-24.86,12.67,0,NORMAL,,,,,0,0,NOT A RECOVERY,False,,777.6,2025-09-29,-24.86,False,False,0,NORMAL,,0,,False,0.0,617.89,5.75,525.87,0.57,NORMAL,,,,,,,,,,,,,,,,,,0.0,False
1655,DLINKINDIA,2026-09-30,411.85,439.88,435.82,-6.37,False,False,False,False,34.83,0.79,549.2,367.65,-25.01,12.02,0,NORMAL,,,,,0,0,NOT A RECOVERY,False,,549.2,2026-07-09,-25.01,False,False,0,NORMAL,,0,,False,0.0,432.71,5.07,370.67,0.51,NORMAL,,,,,,,,,,,,,,,,,,0.0,False
1656,REPCOHOME,2026-09-30,341.7,387.09,364.59,-11.73,False,False,False,False,35.37,0.69,455.9,333.6,-25.05,2.43,0,NORMAL,,,,,0,0,NOT A RECOVERY,False,,455.9,2025-11-06,-25.05,False,False,0,NORMAL,,0,,False,0.0,360.35,5.46,307.53,0.55,NORMAL,,,,,,,,,,,,,,,,,,0.0,False
1657,APOLLOTYRE,2026-09-30,404.7,440.48,426.6,-8.12,False,False,False,False,42.87,0.77,540.5,365.3,-25.12,10.79,0,NORMAL,,,,,0,0,NOT A RECOVERY,False,,540.5,2025-11-14,-25.12,False,False,0,NORMAL,,0,,False,0.0,429.44,6.11,364.23,0.61,NORMAL,,,,,,,,,,,,,,,,,,0.0,False
1658,HPIL,2026-09-30,115.37,127.64,123.37,-9.61,False,False,False,False,35.26,0.0,154.45,107.0,-25.3,7.82,0,NORMAL,,,,,0,0,NOT A RECOVERY,False,,154.45,2026-01-01,-25.3,False,False,0,NORMAL,,0,,False,0.0,121.95,5.7,103.83,0.57,NORMAL,,,,,,,,,,,,,,,,,,0.0,False
1659,BLUESTARCO,2026-09-30,1518.0,1698.54,1542.26,-10.63,False,False,False,False,48.22,0.92,2032.9,1432.3,-25.33,5.98,0,NORMAL,,,,,0,0,NOT A RECOVERY,False,,2040.0,2025-09-04,-25.59,False,False,0,NORMAL,,0,,False,0.0,1611.86,6.18,1366.2,0.62,NORMAL,,,,,,,,,,,,,,,,,,0.0,False
1660,CENTRALBK,2026-09-30,30.46,34.03,30.97,-10.49,False,False,False,False,44.31,0.71,40.92,29.32,-25.56,3.89,0,NORMAL,,,,,0,0,NOT A RECOVERY,False,,40.92,2026-02-26,-25.56,False,False,0,NORMAL,,0,,False,0.0,31.65,3.92,27.41,0.39,NORMAL,,,,,,,,,,,,,,,,,,0.0,False
1661,TVSHLTD,2026-09-30,12107.0,14022.27,13707.74,-13.66,False,False,False,False,28.31,1.03,16297.0,12045.0,-25.71,0.51,0,NORMAL,,,,,0,0,NOT A RECOVERY,False,,15800.0,2026-02-12,-23.37,False,False,0,NORMAL,,0,,False,0.0,12899.57,6.55,10896.3,0.65,NORMAL,,,,,,,,,,,,,,,,,,0.0,False
1662,KCP,2026-09-30,154.15,164.8,160.74,-6.46,False,False,False,False,39.89,0.76,207.8,125.0,-25.82,23.32,0,NORMAL,,,,,0,0,NOT A RECOVERY,False,,188.1,2026-04-23,-18.05,False,False,0,NORMAL,,0,,False,0.0,164.29,6.58,138.73,0.66,NORMAL,,,,,,,,,,,,,,,,,,0.0,False
1663,NKIND,2026-09-30,58.2,63.36,59.6,-8.15,False,False,False,False,48.22,0.41,78.5,49.66,-25.86,17.2,0,NORMAL,,,,,0,0,NOT A RECOVERY,False,,78.39,2026-02-23,-25.76,False,False,0,NORMAL,,0,,False,0.0,66.99,15.11,52.38,1.51,NORMAL,,,,,,,,,,,,,,,,,,0.0,False
1664,IOB,2026-09-30,30.96,34.1,33.09,-9.22,False,False,False,False,27.22,0.99,41.8,30.51,-25.93,1.47,0,NORMAL,,,,,0,0,NOT A RECOVERY,False,,47.9,2025-02-25,-35.37,False,False,0,NORMAL,,0,,False,0.0,32.09,3.66,27.86,0.37,NORMAL,,,,,,,,,,,,,,,,,,0.0,False
1665,CANFINHOME,2026-09-30,719.2,856.76,797.34,-16.06,False,False,False,False,23.81,0.91,971.5,715.0,-25.97,0.59,0,NORMAL,,,,,0,0,NOT A RECOVERY,False,,971.5,2025-12-26,-25.97,False,False,0,NORMAL,,0,,False,0.0,753.85,4.82,647.28,0.48,NORMAL,,,,,,,,,,,,,,,,,,0.0,False
1666,REDTAPE,2026-09-30,117.6,125.81,123.58,-6.52,False,False,False,False,44.06,0.1,158.99,107.53,-26.03,9.36,0,NORMAL,,,,,0,0,NOT A RECOVERY,False,,158.99,2026-05-27,-26.03,False,False,0,NORMAL,,0,,False,0.0,128.25,9.06,105.84,0.91,NORMAL,,,,,,,,,,,,,,,,,,0.0,False
1667,NAVNETEDUL,2026-09-30,122.52,140.62,131.62,-12.87,False,False,False,False,32.83,0.76,166.0,120.35,-26.19,1.8,0,NORMAL,,,,,0,0,NOT A RECOVERY,False,,165.9,2026-02-09,-26.15,False,False,0,NORMAL,,0,,False,0.0,128.99,5.28,110.27,0.53,NORMAL,,,,,,,,,,,,,,,,,,0.0,False
1668,SHREECEM,2026-09-30,22345.0,25232.22,24264.5,-11.44,False,False,False,False,41.35,0.53,30285.0,21550.0,-26.22,3.69,0,NORMAL,,,,,0,0,NOT A RECOVERY,False,,28090.0,2026-01-06,-20.45,False,False,0,NORMAL,,0,,False,0.0,23335.0,4.43,20110.5,0.44,NORMAL,,,,,,,,,,,,,,,,,,0.0,False
1669,NESCO,2026-09-30,1046.9,1129.29,1058.36,-7.3,False,False,False,False,43.87,0.42,1422.8,996.0,-26.42,5.11,0,NORMAL,,,,,0,0,NOT A RECOVERY,False,,1638.9,2025-09-11,-36.12,False,False,0,NORMAL,,0,,False,0.0,1113.07,6.32,942.21,0.63,NORMAL,,,,,,,,,,,,,,,,,,0.0,False
1670,CEATLTD,2026-09-30,3264.4,3550.43,3463.52,-8.06,False,False,False,False,38.39,0.86,4438.0,3061.2,-26.44,6.64,0,NORMAL,,,,,0,0,NOT A RECOVERY,False,,4128.3,2026-02-11,-20.93,False,False,0,NORMAL,,0,,False,0.0,3423.16,4.86,2937.96,0.49,NORMAL,,,,,,,,,,,,,,,,,,0.0,False
1671,CIEINDIA,2026-09-30,386.3,436.64,397.22,-11.53,False,False,False,False,47.01,1.16,526.0,366.9,-26.56,5.29,0,NORMAL,,,,,0,0,NOT A RECOVERY,False,,526.0,2026-02-23,-26.56,False,False,0,NORMAL,,0,,False,0.0,407.4,5.46,347.67,0.55,NORMAL,,,,,,,,,,,,,,,,,,0.0,False
1672,ONGC,2026-09-30,225.8,257.01,236.88,-12.14,False,False,False,False,34.4,1.15,307.5,223.6,-26.57,0.98,0,NORMAL,,,,,0,0,NOT A RECOVERY,False,,307.5,2026-04-29,-26.57,False,False,0,NORMAL,,0,,False,0.0,234.52,3.86,203.22,0.39,NORMAL,,,,,,,,,,,,,,,,,,0.0,False
1673,CANBK,2026-09-30,119.44,136.28,126.42,-12.36,False,False,False,False,32.41,1.09,162.89,118.03,-26.67,1.19,0,NORMAL,,,,,0,0,NOT A RECOVERY,False,,162.89,2026-02-26,-26.67,False,False,0,NORMAL,,0,,False,0.0,123.59,3.48,107.5,0.35,NORMAL,,,,,,,,,,,,,,,,,,0.0,False
1674,ADVANIHOTR,2026-09-30,48.01,53.01,49.65,-9.44,False,False,False,False,43.8,0.56,65.5,46.75,-26.7,2.7,0,NORMAL,,,,,0,0,NOT A RECOVERY,False,,68.39,2025-08-21,-29.8,False,False,0,NORMAL,,0,,False,0.0,50.8,5.81,43.21,0.58,NORMAL,,,,,,,,,,,,,,,,,,0.0,False
1675,TAJGVK,2026-09-30,320.2,346.74,343.47,-7.66,False,False,False,False,39.92,0.56,438.25,281.35,-26.94,13.81,0,NORMAL,,,,,0,0,NOT A RECOVERY,False,,438.25,2025-12-30,-26.94,False,False,0,NORMAL,,0,,False,0.0,338.65,5.76,288.18,0.58,NORMAL,,,,,,,,,,,,,,,,,,0.0,False
1676,IRB,2026-09-30,17.49,20.53,19.13,-14.81,False,False,False,False,33.75,0.97,23.95,16.75,-26.97,4.42,0,NORMAL,,,,,0,0,NOT A RECOVERY,False,,23.95,2026-05-21,-26.97,False,False,0,NORMAL,,0,,False,0.0,18.5,5.76,15.74,0.58,NORMAL,,,,,,,,,,,,,,,,,,0.0,False
1677,BANKINDIA,2026-09-30,130.24,147.16,140.61,-11.5,False,False,False,False,29.6,1.02,178.36,118.9,-26.98,9.54,0,NORMAL,,,,,0,0,NOT A RECOVERY,False,,178.36,2026-02-27,-26.98,False,False,0,NORMAL,,0,,False,0.0,135.9,4.34,117.22,0.43,NORMAL,,,,,,,,,,,,,,,,,,0.0,False
1678,MADHAV,2026-09-30,34.16,36.73,34.99,-6.99,False,False,False,False,44.47,1.02,46.79,29.0,-26.99,17.79,0,NORMAL,,,,,0,0,NOT A RECOVERY,False,,64.95,2024-12-20,-47.41,False,False,0,NORMAL,,0,,False,0.0,38.07,11.45,30.74,1.15,NORMAL,,,,,,,,,,,,,,,,,,0.0,False
1679,RUBFILA,2026-09-30,63.05,70.49,68.59,-10.55,False,False,False,False,39.4,0.53,86.48,57.31,-27.09,10.02,0,NORMAL,,,,,0,0,NOT A RECOVERY,False,,82.2,2026-05-29,-23.3,False,False,0,NORMAL,,0,,False,0.0,68.74,9.03,56.74,0.9,NORMAL,,,,,,,,,,,,,,,,,,0.0,False
1680,DODLA,2026-09-30,1019.4,1109.3,1068.27,-8.1,False,False,False,False,36.7,1.04,1400.0,964.1,-27.19,5.74,0,NORMAL,,,,,0,0,NOT A RECOVERY,False,,1270.0,2026-01-01,-19.73,False,False,0,NORMAL,,0,,False,0.0,1085.8,6.51,917.46,0.65,NORMAL,,,,,,,,,,,,,,,,,,0.0,False
1681,GICHSGFIN,2026-09-30,133.87,152.64,141.72,-12.3,False,False,False,False,35.64,1.13,184.0,130.05,-27.24,2.94,0,NORMAL,,,,,0,0,NOT A RECOVERY,False,,184.0,2025-12-26,-27.24,False,False,0,NORMAL,,0,,False,0.0,139.74,4.38,120.48,0.44,NORMAL,,,,,,,,,,,,,,,,,,0.0,False
1682,STCINDIA,2026-09-30,109.14,118.31,115.69,-7.75,False,False,False,False,36.87,1.15,150.0,97.04,-27.24,12.47,0,NORMAL,,,,,0,0,NOT A RECOVERY,False,,150.0,2026-06-17,-27.24,False,False,0,NORMAL,,0,,False,0.0,114.23,4.66,98.23,0.47,NORMAL,,,,,,,,,,,,,,,,,,0.0,False
1683,ORIENTELEC,2026-09-30,158.11,176.58,176.18,-10.46,False,False,False,False,26.63,0.96,217.51,149.05,-27.31,6.08,0,NORMAL,,,,,0,0,NOT A RECOVERY,False,,201.3,2026-02-27,-21.46,False,False,0,NORMAL,,0,,False,0.0,167.22,5.76,142.3,0.58,NORMAL,,,,,,,,,,,,,,,,,,0.0,False
1684,MFSL,2026-09-30,1373.4,1619.56,1518.2,-15.2,False,False,False,False,35.29,0.73,1892.5,1344.3,-27.43,2.16,0,NORMAL,,,,,0,0,NOT A RECOVERY,False,,1892.5,2026-02-23,-27.43,False,False,0,NORMAL,,0,,False,0.0,1490.34,8.51,1236.06,0.85,NORMAL,,,,,,,,,,,,,,,,,,0.0,False
1685,CAMPUS,2026-09-30,208.83,239.45,218.71,-12.79,False,False,False,False,31.18,0.6,287.8,207.2,-27.44,0.79,0,NORMAL,,,,,0,0,NOT A RECOVERY,False,,304.4,2025-07-18,-31.4,False,False,0,NORMAL,,0,,False,0.0,216.55,3.7,187.95,0.37,NORMAL,,,,,,,,,,,,,,,,,,0.0,False
1686,TRIDENT,2026-09-30,22.44,25.15,24.12,-10.76,False,False,False,False,26.22,0.81,30.94,21.98,-27.47,2.09,0,NORMAL,,,,,0,0,NOT A RECOVERY,False,,30.94,2026-02-03,-27.47,False,False,0,NORMAL,,0,,False,0.0,23.32,3.92,20.2,0.39,NORMAL,,,,,,,,,,,,,,,,,,0.0,False
1687,UNITEDTEA,2026-09-30,427.9,486.87,450.84,-12.11,False,False,False,False,38.58,0.12,590.0,405.2,-27.47,5.6,0,NORMAL,,,,,0,0,NOT A RECOVERY,False,,590.0,2026-04-13,-27.47,False,False,0,NORMAL,,0,,False,0.0,454.88,6.3,385.11,0.63,NORMAL,,,,,,,,,,,,,,,,,,0.0,False
1688,BLAL,2026-09-30,160.26,182.9,167.44,-12.38,False,False,False,False,39.37,1.08,221.21,155.5,-27.55,3.06,0,NORMAL,,,,,0,0,NOT A RECOVERY,False,,233.8,2025-09-09,-31.45,False,False,0,NORMAL,,0,,False,0.0,168.8,5.33,144.23,0.53,NORMAL,,,,,,,,,,,,,,,,,,0.0,False
1689,SANOFICONR,2026-09-30,3802.8,4432.7,4270.96,-14.21,False,False,False,False,24.2,0.87,5255.0,3796.0,-27.63,0.18,0,NORMAL,,,,,0,0,NOT A RECOVERY,False,,5255.0,2026-05-14,-27.63,False,False,0,NORMAL,,0,,False,0.0,4030.27,5.98,3422.52,0.6,NORMAL,,,,,,,,,,,,,,,,,,0.0,False
1690,GLOSTERLTD,2026-09-30,546.1,621.38,615.35,-12.11,False,False,False,False,31.05,0.19,756.45,495.0,-27.81,10.32,0,NORMAL,,,,,0,0,NOT A RECOVERY,False,,756.45,2026-07-02,-27.81,False,False,0,NORMAL,,0,,False,0.0,585.47,7.21,491.49,0.72,NORMAL,,,,,,,,,,,,,,,,,,0.0,False
1691,DEN,2026-09-30,25.93,28.16,27.27,-7.91,False,False,False,False,33.42,1.15,35.95,22.52,-27.87,15.14,0,NORMAL,,,,,0,0,NOT A RECOVERY,False,,34.39,2026-06-22,-24.6,False,False,0,NORMAL,,0,,False,0.0,27.14,4.66,23.34,0.47,NORMAL,,,,,,,,,,,,,,,,,,0.0,False
1692,MAZDOCK,2026-09-30,2113.0,2435.4,2402.66,-13.24,False,False,False,False,26.87,0.87,2929.7,2057.4,-27.88,2.7,0,NORMAL,,,,,0,0,NOT A RECOVERY,False,,2810.0,2026-04-29,-24.8,False,False,0,NORMAL,,0,,False,0.0,2231.33,5.6,1901.7,0.56,NORMAL,,,,,,,,,,,,,,,,,,0.0,False
1693,CANTABIL,2026-09-30,231.22,249.45,238.96,-7.31,False,False,False,False,38.18,0.6,321.5,208.5,-28.08,10.9,0,NORMAL,,,,,0,0,NOT A RECOVERY,False,,321.5,2026-02-06,-28.08,False,False,0,NORMAL,,0,,False,0.0,242.56,4.9,208.1,0.49,NORMAL,,,,,,,,,,,,,,,,,,0.0,False
1694,PURVA,2026-09-30,206.34,217.49,214.46,-5.12,False,False,False,False,41.65,0.07,287.3,160.69,-28.18,28.41,0,NORMAL,,,,,0,0,NOT A RECOVERY,False,,287.3,2025-12-23,-28.18,False,False,0,NORMAL,,0,,False,0.0,221.07,7.14,185.71,0.71,NORMAL,,,,,,,,,,,,,,,,,,0.0,False
1695,AKASH,2026-09-30,24.94,26.0,25.44,-4.07,False,False,False,False,49.05,1.18,34.74,22.8,-28.21,9.39,0,NORMAL,,,,,0,0,NOT A RECOVERY,False,,34.74,2026-01-09,-28.21,False,False,0,NORMAL,,0,,False,0.0,26.78,7.37,22.45,0.74,NORMAL,,,,,,,,,,,,,,,,,,0.0,False
1696,FACT,2026-09-30,757.95,836.97,803.93,-9.44,False,False,False,False,38.26,0.5,1058.6,652.1,-28.4,16.23,0,NORMAL,,,,,0,0,NOT A RECOVERY,False,,1058.6,2026-06-16,-28.4,False,False,0,NORMAL,,0,,False,0.0,801.74,5.78,682.16,0.58,NORMAL,,,,,,,,,,,,,,,,,,0.0,False
1697,FINPIPE,2026-09-30,151.48,170.38,158.88,-11.09,False,False,False,False,38.11,0.73,212.0,147.54,-28.55,2.67,0,NORMAL,,,,,0,0,NOT A RECOVERY,False,,206.69,2025-10-03,-26.71,False,False,0,NORMAL,,0,,False,0.0,158.12,4.38,136.33,0.44,NORMAL,,,,,,,,,,,,,,,,,,0.0,False
1698,ORKLAINDIA,2026-09-30,543.0,595.16,569.51,-8.76,False,False,False,False,37.27,0.67,760.0,530.15,-28.55,2.42,0,NORMAL,,,,,0,0,NOT A RECOVERY,False,,659.95,2026-04-23,-17.72,False,False,0,NORMAL,,0,,False,0.0,576.25,6.12,488.7,0.61,NORMAL,,,,,,,,,,,,,,,,,,0.0,False
1699,RELCHEMQ,2026-09-30,116.23,123.89,118.61,-6.19,False,False,False,False,48.75,0.11,163.0,105.01,-28.69,10.68,0,NORMAL,,,,,0,0,NOT A RECOVERY,False,,154.5,2025-11-28,-24.77,False,False,0,NORMAL,,0,,False,0.0,129.29,11.23,104.61,1.12,NORMAL,,,,,,,,,,,,,,,,,,0.0,False
1700,FDC,2026-09-30,339.4,377.74,360.47,-10.15,False,False,False,False,41.25,0.74,476.4,312.95,-28.76,8.45,0,NORMAL,,,,,0,0,NOT A RECOVERY,False,,442.0,2026-07-09,-23.21,False,False,0,NORMAL,,0,,False,0.0,359.34,5.87,305.46,0.59,NORMAL,,,,,,,,,,,,,,,,,,0.0,False
1701,MANORG,2026-09-30,452.25,480.07,477.0,-5.8,False,False,False,False,42.38,0.64,635.0,356.25,-28.78,26.95,0,NORMAL,,,,,0,0,NOT A RECOVERY,False,,635.0,2026-05-05,-28.78,False,False,0,NORMAL,,0,,False,0.0,485.51,7.36,407.03,0.74,NORMAL,,,,,,,,,,,,,,,,,,0.0,False
1702,DABUR,2026-09-30,380.1,448.45,397.1,-15.24,False,False,False,False,40.57,0.83,534.0,368.05,-28.82,3.27,0,NORMAL,,,,,0,0,NOT A RECOVERY,False,,577.0,2025-09-04,-34.12,False,False,0,NORMAL,,0,,False,0.0,393.51,3.53,342.09,0.35,NORMAL,,,,,,,,,,,,,,,,,,0.0,False
1703,IMFA,2026-09-30,1190.9,1356.16,1344.23,-12.19,False,False,False,False,31.27,0.73,1679.9,1064.1,-29.11,11.92,0,NORMAL,,,,,0,0,NOT A RECOVERY,False,,1679.9,2026-04-29,-29.11,False,False,0,NORMAL,,0,,False,0.0,1264.87,6.21,1071.81,0.62,NORMAL,,,,,,,,,,,,,,,,,,0.0,False
1704,VINYLINDIA,2026-09-30,219.03,235.36,232.59,-6.94,False,False,False,False,42.64,0.58,309.0,161.0,-29.12,36.04,0,NORMAL,,,,,0,0,NOT A RECOVERY,False,,293.7,2026-04-16,-25.42,False,False,0,NORMAL,,0,,False,0.0,233.38,6.55,197.13,0.65,NORMAL,,,,,,,,,,,,,,,,,,0.0,False
1705,VSTIND,2026-09-30,203.16,236.52,212.64,-14.1,False,False,False,False,37.4,0.77,286.78,200.0,-29.16,1.58,0,NORMAL,,,,,0,0,NOT A RECOVERY,False,,286.78,2026-04-17,-29.16,False,False,0,NORMAL,,0,,False,0.0,210.9,3.81,182.84,0.38,NORMAL,,,,,,,,,,,,,,,,,,0.0,False
1706,SAMMAANCAP,2026-09-30,136.54,152.92,151.99,-10.71,False,False,False,False,30.08,1.04,192.95,129.0,-29.24,5.84,0,NORMAL,,,,,0,0,NOT A RECOVERY,False,,192.34,2026-06-05,-29.01,False,False,0,NORMAL,,0,,False,0.0,143.47,5.07,122.89,0.51,NORMAL,,,,,,,,,,,,,,,,,,0.0,False
1707,SAMHI,2026-09-30,153.68,164.79,162.67,-6.74,False,False,False,False,44.41,0.45,217.3,127.0,-29.28,21.01,0,NORMAL,,,,,0,0,NOT A RECOVERY,False,,203.09,2026-01-09,-24.33,False,False,0,NORMAL,,0,,False,0.0,166.87,8.58,138.31,0.86,NORMAL,,,,,,,,,,,,,,,,,,0.0,False
1708,VSTL,2026-09-30,112.09,117.94,112.09,-4.96,False,False,False,False,45.59,0.48,158.8,100.8,-29.41,11.2,0,NORMAL,,,,,0,0,NOT A RECOVERY,False,,139.7,2026-01-05,-19.76,False,False,0,NORMAL,,0,,False,0.0,120.41,7.42,100.88,0.74,NORMAL,,,,,,,,,,,,,,,,,,0.0,False
1709,HINDUNILVR,2026-09-30,1879.1,2185.52,2012.66,-14.02,False,False,False,False,34.39,1.12,2667.2,1863.8,-29.55,0.82,0,NORMAL,,,,,0,0,NOT A RECOVERY,False,,2750.0,2025-09-04,-31.67,False,False,0,NORMAL,,0,,False,0.0,1936.21,3.04,1691.19,0.3,NORMAL,,,,,,,,,,,,,,,,,,0.0,False
1710,BAYERCROP,2026-09-30,3627.6,4367.38,4024.23,-16.94,False,False,False,False,18.21,0.63,5149.9,3575.0,-29.56,1.47,0,NORMAL,,,,,0,0,NOT A RECOVERY,False,,6511.0,2025-07-07,-44.29,False,False,0,NORMAL,,0,,False,0.0,3761.11,3.68,3264.84,0.37,NORMAL,,,,,,,,,,,,,,,,,,0.0,False
1711,IREDA,2026-09-30,111.68,124.58,115.58,-10.36,False,False,False,False,46.72,0.85,158.7,107.4,-29.63,3.99,0,NORMAL,,,,,0,0,NOT A RECOVERY,False,,163.35,2025-09-22,-31.63,False,False,0,NORMAL,,0,,False,0.0,117.86,5.54,100.51,0.55,NORMAL,,,,,,,,,,,,,,,,,,0.0,False
1712,PREMIER,2026-09-30,2.73,2.91,2.79,-6.33,False,False,False,False,47.29,0.15,3.88,2.56,-29.64,6.64,0,NORMAL,,,,,0,0,NOT A RECOVERY,False,,3.33,2026-02-02,-18.02,False,False,0,NORMAL,,0,,False,0.0,3.14,14.86,2.46,1.49,NORMAL,,,,,,,,,,,,,,,,,,0.0,False
1713,VENTIVE,2026-09-30,558.4,650.08,588.84,-14.1,False,False,False,False,39.14,0.29,793.95,542.6,-29.67,2.91,0,NORMAL,,,,,0,0,NOT A RECOVERY,False,,838.2,2025-07-21,-33.38,False,False,0,NORMAL,,0,,False,0.0,588.97,5.47,502.56,0.55,NORMAL,,,,,,,,,,,,,,,,,,0.0,False
1714,KSOLVES,2026-09-30,248.8,284.66,268.73,-12.6,False,False,False,False,38.62,0.6,353.99,243.0,-29.72,2.39,0,NORMAL,,,,,0,0,NOT A RECOVERY,False,,353.99,2026-04-20,-29.72,False,False,0,NORMAL,,0,,False,0.0,266.96,7.3,223.92,0.73,NORMAL,,,,,,,,,,,,,,,,,,0.0,False
1715,RIIL,2026-09-30,677.35,752.91,733.54,-10.04,False,False,False,False,29.83,0.89,964.0,617.35,-29.74,9.72,0,NORMAL,,,,,0,0,NOT A RECOVERY,False,,908.0,2026-06-17,-25.4,False,False,0,NORMAL,,0,,False,0.0,713.42,5.33,609.61,0.53,NORMAL,,,,,,,,,,,,,,,,,,0.0,False
1716,ORICONENT,2026-09-30,51.34,60.36,53.79,-14.94,False,False,False,False,42.44,0.6,73.12,47.04,-29.79,9.14,0,NORMAL,,,,,0,0,NOT A RECOVERY,False,,73.12,2026-04-15,-29.79,False,False,0,NORMAL,,0,,False,0.0,56.82,10.67,46.21,1.07,NORMAL,,,,,,,,,,,,,,,,,,0.0,False
1717,GTL,2026-09-30,6.88,7.39,7.25,-6.91,False,False,False,False,40.11,0.74,9.8,4.91,-29.8,40.12,0,NORMAL,,,,,0,0,NOT A RECOVERY,False,,9.32,2026-06-09,-26.18,False,False,0,NORMAL,,0,,False,0.0,7.31,6.19,6.19,0.62,NORMAL,,,,,,,,,,,,,,,,,,0.0,False
1718,APTUS,2026-09-30,232.53,258.15,255.08,-9.93,False,False,False,False,35.27,1.05,332.0,193.03,-29.96,20.46,0,NORMAL,,,,,0,0,NOT A RECOVERY,False,,309.0,2026-07-17,-24.75,False,False,0,NORMAL,,0,,False,0.0,247.8,6.57,209.28,0.66,NORMAL,,,,,,,,,,,,,,,,,,0.0,False
1719,BIRLANU,2026-09-30,1400.1,1464.81,1451.39,-4.42,False,False,False,False,44.07,0.75,1999.0,1190.1,-29.96,17.65,0,NORMAL,,,,,0,0,NOT A RECOVERY,False,,1874.0,2026-02-11,-25.29,False,False,0,NORMAL,,0,,False,0.0,1519.09,8.5,1260.09,0.85,NORMAL,,,,,,,,,,,,,,,,,,0.0,False
1720,NATHBIOGEN,2026-09-30,142.81,156.67,154.1,-8.84,False,False,False,False,35.03,0.1,204.0,126.15,-30.0,13.21,0,NORMAL,,,,,0,0,NOT A RECOVERY,False,,204.0,2026-04-30,-30.0,False,False,0,NORMAL,,0,,False,0.0,153.35,7.38,128.53,0.74,NORMAL,,,,,,,,,,,,,,,,,,0.0,False
1721,BHARATGEAR,2026-09-30,101.43,110.1,106.26,-7.88,False,False,False,False,46.48,0.79,145.0,83.8,-30.05,21.04,0,NORMAL,,,,,0,0,NOT A RECOVERY,False,,141.33,2026-06-23,-28.23,False,False,0,NORMAL,,0,,False,0.0,105.54,4.05,91.29,0.41,NORMAL,,,,,,,,,,,,,,,,,,0.0,False
1722,VEEDOL,2026-09-30,1373.3,1445.47,1441.77,-4.99,False,False,False,False,40.4,1.09,1963.8,1238.2,-30.07,10.91,0,NORMAL,,,,,0,0,NOT A RECOVERY,False,,1721.9,2025-12-22,-20.25,False,False,0,NORMAL,,0,,False,0.0,1430.56,4.17,1235.97,0.42,NORMAL,,,,,,,,,,,,,,,,,,0.0,False
1723,POCL,2026-09-30,452.65,509.09,489.47,-11.09,False,False,False,False,40.17,0.96,647.6,392.2,-30.1,15.41,0,NORMAL,,,,,0,0,NOT A RECOVERY,False,,647.6,2026-05-14,-30.1,False,False,0,NORMAL,,0,,False,0.0,490.44,8.35,407.38,0.83,NORMAL,,,,,,,,,,,,,,,,,,0.0,False
1724,DONEAR,2026-09-30,81.4,88.57,84.92,-8.1,False,False,False,False,39.83,0.19,116.51,77.6,-30.13,4.9,0,NORMAL,,,,,0,0,NOT A RECOVERY,False,,106.5,2026-02-09,-23.57,False,False,0,NORMAL,,0,,False,0.0,84.72,4.07,73.26,0.41,NORMAL,,,,,,,,,,,,,,,,,,0.0,False
1725,RENUKA,2026-09-30,21.89,24.41,23.27,-10.32,False,False,False,False,36.37,0.65,31.35,21.05,-30.18,3.99,0,NORMAL,,,,,0,0,NOT A RECOVERY,False,,30.3,2026-05-06,-27.76,False,False,0,NORMAL,,0,,False,0.0,23.75,8.48,19.7,0.85,NORMAL,,,,,,,,,,,,,,,,,,0.0,False
1726,RAJRILTD,2026-09-30,20.17,21.58,21.55,-6.52,False,False,False,False,34.0,1.07,28.9,19.41,-30.21,3.92,0,NORMAL,,,,,0,0,NOT A RECOVERY,False,,25.07,2026-02-17,-19.55,False,False,0,NORMAL,,0,,False,0.0,21.45,6.33,18.15,0.63,NORMAL,,,,,,,,,,,,,,,,,,0.0,False
1727,RAMCOCEM,2026-09-30,845.55,969.48,896.42,-12.78,False,False,False,False,36.01,0.95,1214.5,822.05,-30.38,2.86,0,NORMAL,,,,,0,0,NOT A RECOVERY,False,,1214.5,2026-02-09,-30.38,False,False,0,NORMAL,,0,,False,0.0,886.39,4.83,760.99,0.48,NORMAL,,,,,,,,,,,,,,,,,,0.0,False
1728,SHRIRAMPPS,2026-09-30,69.21,80.94,77.55,-14.49,False,False,False,False,33.33,1.02,99.44,60.57,-30.4,14.26,0,NORMAL,,,,,0,0,NOT A RECOVERY,False,,98.89,2026-05-08,-30.01,False,False,0,NORMAL,,0,,False,0.0,73.27,5.86,62.29,0.59,NORMAL,,,,,,,,,,,,,,,,,,0.0,False
1729,SBFC,2026-09-30,85.48,94.15,93.87,-9.21,False,False,False,False,28.21,0.57,123.0,79.6,-30.5,7.39,0,NORMAL,,,,,0,0,NOT A RECOVERY,False,,109.75,2026-01-16,-22.11,False,False,0,NORMAL,,0,,False,0.0,90.21,5.53,76.93,0.55,NORMAL,,,,,,,,,,,,,,,,,,0.0,False
1730,GPIL,2026-09-30,222.34,261.98,240.72,-15.13,False,False,False,False,33.04,0.69,320.0,220.1,-30.52,1.02,0,NORMAL,,,,,0,0,NOT A RECOVERY,False,,320.0,2026-05-20,-30.52,False,False,0,NORMAL,,0,,False,0.0,234.55,5.49,200.11,0.55,NORMAL,,,,,,,,,,,,,,,,,,0.0,False
1731,PFIZER,2026-09-30,3875.3,4699.7,4539.56,-17.54,False,False,False,False,19.43,0.65,5578.5,3833.5,-30.53,1.09,0,NORMAL,,,,,0,0,NOT A RECOVERY,False,,5257.0,2026-02-10,-26.28,False,False,0,NORMAL,,0,,False,0.0,4014.6,3.59,3487.77,0.36,NORMAL,,,,,,,,,,,,,,,,,,0.0,False
1732,IDBI,2026-09-30,82.2,87.25,84.95,-5.79,False,False,False,False,42.24,0.29,118.38,61.01,-30.56,34.73,0,NORMAL,,,,,0,0,NOT A RECOVERY,False,,118.38,2026-01-05,-30.56,False,False,0,NORMAL,,0,,False,0.0,87.07,5.93,73.98,0.59,NORMAL,,,,,,,,,,,,,,,,,,0.0,False
1733,HINDCOMPOS,2026-09-30,381.3,418.48,403.48,-8.88,False,False,False,False,43.58,1.01,550.0,347.1,-30.67,9.85,0,NORMAL,,,,,0,0,NOT A RECOVERY,False,,550.0,2026-04-16,-30.67,False,False,0,NORMAL,,0,,False,0.0,409.86,7.49,343.17,0.75,NORMAL,,,,,,,,,,,,,,,,,,0.0,False
1734,KFINTECH,2026-09-30,840.0,937.11,925.65,-10.36,False,False,False,False,31.97,0.96,1215.0,784.95,-30.86,7.01,0,NORMAL,,,,,0,0,NOT A RECOVERY,False,,1115.8,2025-12-24,-24.72,False,False,0,NORMAL,,0,,False,0.0,886.36,5.52,756.0,0.55,NORMAL,,,,,,,,,,,,,,,,,,0.0,False
1735,INDTERRAIN,2026-09-30,29.42,31.71,30.07,-7.22,False,False,False,False,47.56,0.43,42.62,24.56,-30.97,19.79,0,NORMAL,,,,,0,0,NOT A RECOVERY,False,,40.87,2025-11-12,-28.02,False,False,0,NORMAL,,0,,False,0.0,32.59,10.77,26.48,1.08,NORMAL,,,,,,,,,,,,,,,,,,0.0,False
1736,PACEDIGITK,2026-09-30,159.98,180.33,175.44,-11.28,False,False,False,False,41.29,0.18,231.95,139.81,-31.03,14.43,0,NORMAL,,,,,0,0,NOT A RECOVERY,False,,230.0,2025-11-20,-30.44,False,False,0,NORMAL,,0,,False,0.0,171.53,7.22,143.98,0.72,NORMAL,,,,,,,,,,,,,,,,,,0.0,False
1737,HINDPETRO,2026-09-30,350.35,396.99,369.37,-11.75,False,False,False,False,43.01,0.71,508.45,316.2,-31.09,10.8,0,NORMAL,,,,,0,0,NOT A RECOVERY,False,,508.45,2026-01-05,-31.09,False,False,0,NORMAL,,0,,False,0.0,366.83,4.7,315.32,0.47,NORMAL,,,,,,,,,,,,,,,,,,0.0,False
1738,INDIASHLTR,2026-09-30,635.6,753.3,678.99,-15.62,False,False,False,False,37.25,0.5,924.0,620.15,-31.21,2.49,0,NORMAL,,,,,0,0,NOT A RECOVERY,False,,924.0,2025-11-18,-31.21,False,False,0,NORMAL,,0,,False,0.0,676.59,6.45,572.04,0.64,NORMAL,,,,,,,,,,,,,,,,,,0.0,False
1739,APTECHT,2026-09-30,88.26,93.49,91.64,-5.6,False,False,False,False,41.69,0.75,128.48,69.1,-31.3,27.73,0,NORMAL,,,,,0,0,NOT A RECOVERY,False,,128.48,2026-06-16,-31.3,False,False,0,NORMAL,,0,,False,0.0,94.51,7.08,79.43,0.71,NORMAL,,,,,,,,,,,,,,,,,,0.0,False
1740,ERIS,2026-09-30,1191.9,1388.64,1332.35,-14.17,False,False,False,False,22.24,1.09,1740.0,1180.1,-31.5,1.0,0,NORMAL,,,,,0,0,NOT A RECOVERY,False,,1740.0,2025-12-09,-31.5,False,False,0,NORMAL,,0,,False,0.0,1274.57,6.94,1072.71,0.69,NORMAL,,,,,,,,,,,,,,,,,,0.0,False
1741,HARIOMPIPE,2026-09-30,340.95,365.8,365.35,-6.79,False,False,False,False,38.22,0.42,498.2,268.05,-31.56,27.2,0,NORMAL,,,,,0,0,NOT A RECOVERY,False,,448.9,2026-06-15,-24.05,False,False,0,NORMAL,,0,,False,0.0,364.05,6.78,306.86,0.68,NORMAL,,,,,,,,,,,,,,,,,,0.0,False
1742,ICEMAKE,2026-09-30,629.55,771.68,752.33,-18.42,False,False,False,False,24.73,0.87,920.0,623.0,-31.57,1.05,0,NORMAL,,,,,0,0,NOT A RECOVERY,False,,920.0,2026-05-26,-31.57,False,False,0,NORMAL,,0,,False,0.0,677.26,7.58,566.59,0.76,NORMAL,,,,,,,,,,,,,,,,,,0.0,False
1743,AAVAS,2026-09-30,1211.9,1356.01,1328.13,-10.63,False,False,False,False,32.79,0.97,1771.9,1060.4,-31.6,14.29,0,NORMAL,,,,,0,0,NOT A RECOVERY,False,,1631.7,2025-11-26,-25.73,False,False,0,NORMAL,,0,,False,0.0,1286.69,6.17,1090.71,0.62,NORMAL,,,,,,,,,,,,,,,,,,0.0,False
1744,TORNTPOWER,2026-09-30,1245.9,1410.64,1299.7,-11.68,False,False,False,False,43.56,0.53,1824.1,1188.0,-31.7,4.87,0,NORMAL,,,,,0,0,NOT A RECOVERY,False,,1824.1,2026-04-27,-31.7,False,False,0,NORMAL,,0,,False,0.0,1303.9,4.66,1121.31,0.47,NORMAL,,,,,,,,,,,,,,,,,,0.0,False
1745,GOPAL,2026-09-30,250.95,285.39,267.53,-12.07,False,False,False,False,35.28,0.63,367.5,247.55,-31.71,1.37,0,NORMAL,,,,,0,0,NOT A RECOVERY,False,,398.0,2025-09-10,-36.95,False,False,0,NORMAL,,0,,False,0.0,267.56,6.62,225.85,0.66,NORMAL,,,,,,,,,,,,,,,,,,0.0,False
1746,RUCHIRA,2026-09-30,103.25,111.62,106.46,-7.5,False,False,False,False,42.31,0.27,151.25,95.17,-31.74,8.49,0,NORMAL,,,,,0,0,NOT A RECOVERY,False,,173.0,2025-09-18,-40.32,False,False,0,NORMAL,,0,,False,0.0,110.17,6.71,92.92,0.67,NORMAL,,,,,,,,,,,,,,,,,,0.0,False
1747,3PLAND,2026-09-30,31.01,33.27,31.76,-6.79,False,False,False,False,45.94,0.15,45.49,28.51,-31.83,8.77,0,NORMAL,,,,,0,0,NOT A RECOVERY,False,,82.06,2024-12-18,-62.21,False,False,0,NORMAL,,0,,False,0.0,34.67,11.79,27.91,1.18,NORMAL,,,,,,,,,,,,,,,,,,0.0,False
1748,PATELENG,2026-09-30,26.45,28.12,27.65,-5.93,False,False,False,False,43.12,0.65,38.8,22.0,-31.83,20.23,0,NORMAL,,,,,0,0,NOT A RECOVERY,False,,35.95,2026-06-24,-26.43,False,False,0,NORMAL,,0,,False,0.0,28.29,6.97,23.81,0.7,NORMAL,,,,,,,,,,,,,,,,,,0.0,False
1749,COCHINSHIP,2026-09-30,1315.0,1489.77,1444.98,-11.73,False,False,False,False,36.32,0.87,1929.9,1187.0,-31.86,10.78,0,NORMAL,,,,,0,0,NOT A RECOVERY,False,,1842.8,2026-05-08,-28.64,False,False,0,NORMAL,,0,,False,0.0,1411.37,7.33,1183.5,0.73,NORMAL,,,,,,,,,,,,,,,,,,0.0,False
1750,ESCORTS,2026-09-30,2715.2,3168.64,2975.51,-14.31,False,False,False,False,30.46,0.7,3987.8,2700.0,-31.91,0.56,0,NORMAL,,,,,0,0,NOT A RECOVERY,False,,4180.0,2025-09-04,-35.04,False,False,0,NORMAL,,0,,False,0.0,2836.11,4.45,2443.68,0.45,NORMAL,,,,,,,,,,,,,,,,,,0.0,False
1751,TVTODAY,2026-09-30,104.19,117.5,111.82,-11.33,False,False,False,False,35.04,0.44,153.01,93.5,-31.91,11.43,0,NORMAL,,,,,0,0,NOT A RECOVERY,False,,152.12,2025-10-23,-31.51,False,False,0,NORMAL,,0,,False,0.0,110.99,6.52,93.77,0.65,NORMAL,,,,,,,,,,,,,,,,,,0.0,False
1752,UCOBANK,2026-09-30,23.28,26.56,25.12,-12.36,False,False,False,False,34.64,0.78,34.2,22.22,-31.93,4.77,0,NORMAL,,,,,0,0,NOT A RECOVERY,False,,42.2,2025-02-10,-44.83,False,False,0,NORMAL,,0,,False,0.0,24.08,3.45,20.95,0.34,NORMAL,,,,,,,,,,,,,,,,,,0.0,False
1753,JTEKTINDIA,2026-09-30,116.58,133.9,127.14,-12.94,False,False,False,False,36.86,0.51,171.31,114.2,-31.95,2.08,0,NORMAL,,,,,0,0,NOT A RECOVERY,False,,164.8,2026-02-27,-29.26,False,False,0,NORMAL,,0,,False,0.0,122.44,5.03,104.92,0.5,NORMAL,,,,,,,,,,,,,,,,,,0.0,False
1754,BDL,2026-09-30,1110.1,1318.34,1254.12,-15.8,False,False,False,False,32.61,1.14,1633.4,1085.1,-32.04,2.3,0,NORMAL,,,,,0,0,NOT A RECOVERY,False,,1593.9,2026-01-29,-30.35,False,False,0,NORMAL,,0,,False,0.0,1176.63,5.99,999.09,0.6,NORMAL,,,,,,,,,,,,,,,,,,0.0,False
1755,BIKAJI,2026-09-30,521.8,645.97,597.91,-19.22,False,False,False,False,33.57,0.46,768.5,516.0,-32.1,1.12,0,NORMAL,,,,,0,0,NOT A RECOVERY,False,,818.7,2025-09-04,-36.26,False,False,0,NORMAL,,0,,False,0.0,568.67,8.98,469.62,0.9,NORMAL,,,,,,,,,,,,,,,,,,0.0,False
1756,HGS,2026-09-30,370.05,407.39,400.11,-9.17,False,False,False,False,31.28,1.07,545.0,342.05,-32.1,8.19,0,NORMAL,,,,,0,0,NOT A RECOVERY,False,,515.4,2025-11-19,-28.2,False,False,0,NORMAL,,0,,False,0.0,388.45,4.97,333.04,0.5,NORMAL,,,,,,,,,,,,,,,,,,0.0,False
1757,SHREDIGCEM,2026-09-30,65.92,73.61,71.3,-10.45,False,False,False,False,38.06,0.38,97.15,53.9,-32.15,22.3,0,NORMAL,,,,,0,0,NOT A RECOVERY,False,,91.8,2026-01-16,-28.19,False,False,0,NORMAL,,0,,False,0.0,70.44,6.85,59.33,0.69,NORMAL,,,,,,,,,,,,,,,,,,0.0,False
1758,DOLATALGO,2026-09-30,64.94,75.66,69.77,-14.17,False,False,False,False,33.84,0.7,95.76,64.52,-32.18,0.65,0,NORMAL,,,,,0,0,NOT A RECOVERY,False,,95.76,2026-01-05,-32.18,False,False,0,NORMAL,,0,,False,0.0,69.06,6.34,58.45,0.63,NORMAL,,,,,,,,,,,,,,,,,,0.0,False
1759,TARC,2026-09-30,125.96,136.58,127.85,-7.78,False,False,False,False,46.42,0.26,186.3,109.1,-32.39,15.45,0,NORMAL,,,,,0,0,NOT A RECOVERY,False,,206.1,2025-07-16,-38.88,False,False,0,NORMAL,,0,,False,0.0,134.38,6.69,113.36,0.67,NORMAL,,,,,,,,,,,,,,,,,,0.0,False
1760,PLATIND,2026-09-30,206.85,225.75,221.55,-8.37,False,False,False,False,37.2,0.52,306.3,183.5,-32.47,12.72,0,NORMAL,,,,,0,0,NOT A RECOVERY,False,,271.25,2025-12-24,-23.74,False,False,0,NORMAL,,0,,False,0.0,218.78,5.77,186.17,0.58,NORMAL,,,,,,,,,,,,,,,,,,0.0,False
1761,KHANDSE,2026-09-30,17.2,17.88,17.47,-3.83,False,False,False,False,46.4,0.55,25.5,12.2,-32.55,40.98,0,NORMAL,,,,,0,0,NOT A RECOVERY,False,,21.85,2026-01-05,-21.28,False,False,0,NORMAL,,0,,False,0.0,19.46,13.16,15.48,1.32,NORMAL,,,,,,,,,,,,,,,,,,0.0,False
1762,KANSAINER,2026-09-30,177.99,205.34,195.66,-13.32,False,False,False,False,32.76,0.56,264.0,157.91,-32.58,12.72,0,NORMAL,,,,,0,0,NOT A RECOVERY,False,,264.0,2025-12-24,-32.58,False,False,0,NORMAL,,0,,False,0.0,187.06,5.1,160.19,0.51,NORMAL,,,,,,,,,,,,,,,,,,0.0,False
1763,ADVENZYMES,2026-09-30,281.6,313.7,301.31,-10.23,False,False,False,False,33.8,0.59,419.0,251.95,-32.79,11.77,0,NORMAL,,,,,0,0,NOT A RECOVERY,False,,419.0,2026-05-11,-32.79,False,False,0,NORMAL,,0,,False,0.0,297.15,5.52,253.44,0.55,NORMAL,,,,,,,,,,,,,,,,,,0.0,False
1764,CROMPTON,2026-09-30,208.67,254.45,239.33,-17.99,False,False,False,False,23.37,0.84,310.5,208.67,-32.8,0.0,0,NORMAL,,,,,0,0,NOT A RECOVERY,False,,310.5,2026-05-15,-32.8,False,False,0,NORMAL,,0,,False,0.0,217.72,4.33,187.8,0.43,NORMAL,,,,,,,,,,,,,,,,,,0.0,False
1765,SHYAMCENT,2026-09-30,4.97,5.3,5.03,-6.24,False,False,False,False,46.69,0.12,7.4,3.68,-32.84,35.05,0,NORMAL,,,,,0,0,NOT A RECOVERY,False,,7.15,2025-12-02,-30.49,False,False,0,NORMAL,,0,,False,0.0,5.32,7.07,4.47,0.71,NORMAL,,,,,,,,,,,,,,,,,,0.0,False
1766,AERONEU,2026-09-30,70.84,79.72,79.35,-11.13,False,False,False,False,43.86,0.78,105.5,63.21,-32.85,12.07,0,NORMAL,,,,,0,0,NOT A RECOVERY,False,,105.5,2026-06-30,-32.85,False,False,0,NORMAL,,0,,False,0.0,81.61,15.2,63.76,1.52,NORMAL,,,,,,,,,,,,,,,,,,0.0,False
1767,BUTTERFLY,2026-09-30,552.75,641.83,640.89,-13.88,False,False,False,False,23.47,0.64,823.85,551.55,-32.91,0.22,0,NORMAL,,,,,0,0,NOT A RECOVERY,False,,788.95,2026-07-14,-29.94,False,False,0,NORMAL,,0,,False,0.0,592.17,7.13,497.48,0.71,NORMAL,,,,,,,,,,,,,,,,,,0.0,False
1768,SCILAL,2026-09-30,36.86,43.54,39.64,-15.34,False,False,False,False,35.08,0.43,55.0,34.3,-32.98,7.46,0,NORMAL,,,,,0,0,NOT A RECOVERY,False,,55.0,2026-05-07,-32.98,False,False,0,NORMAL,,0,,False,0.0,39.14,6.17,33.17,0.62,NORMAL,,,,,,,,,,,,,,,,,,0.0,False
1769,PFC,2026-09-30,325.5,401.31,370.17,-18.89,False,False,False,False,25.34,1.18,486.5,320.8,-33.09,1.47,0,NORMAL,,,,,0,0,NOT A RECOVERY,False,,486.5,2026-04-28,-33.09,False,False,0,NORMAL,,0,,False,0.0,337.27,3.62,292.95,0.36,NORMAL,,,,,,,,,,,,,,,,,,0.0,False
1770,CORALFINAC,2026-09-30,31.55,33.76,32.92,-6.56,False,False,False,False,42.5,0.77,47.19,25.01,-33.14,26.15,0,NORMAL,,,,,0,0,NOT A RECOVERY,False,,52.49,2025-07-23,-39.89,False,False,0,NORMAL,,0,,False,0.0,34.11,8.11,28.39,0.81,NORMAL,,,,,,,,,,,,,,,,,,0.0,False
1771,XTGLOBAL,2026-09-30,29.19,30.8,30.43,-5.23,False,False,False,False,44.51,0.49,43.7,25.2,-33.2,15.83,0,NORMAL,,,,,0,0,NOT A RECOVERY,False,,39.99,2026-02-27,-27.01,False,False,0,NORMAL,,0,,False,0.0,32.44,11.12,26.27,1.11,NORMAL,,,,,,,,,,,,,,,,,,0.0,False
1772,EMAMILTD,2026-09-30,379.05,434.03,390.06,-12.67,False,False,False,False,47.26,0.75,567.5,361.15,-33.21,4.96,0,NORMAL,,,,,0,0,NOT A RECOVERY,False,,653.35,2025-05-06,-41.98,False,False,0,NORMAL,,0,,False,0.0,403.73,6.51,341.14,0.65,NORMAL,,,,,,,,,,,,,,,,,,0.0,False
1773,IEX,2026-09-30,107.0,125.47,120.83,-14.72,False,False,False,False,27.98,1.07,160.27,106.35,-33.24,0.61,0,NORMAL,,,,,0,0,NOT A RECOVERY,False,,160.27,2026-01-09,-33.24,False,False,0,NORMAL,,0,,False,0.0,111.48,4.19,96.3,0.42,NORMAL,,,,,,,,,,,,,,,,,,0.0,False
1774,SANDUMA,2026-09-30,182.18,209.17,197.67,-12.9,False,False,False,False,38.27,0.55,273.0,165.05,-33.27,10.38,0,NORMAL,,,,,0,0,NOT A RECOVERY,False,,273.0,2026-01-05,-33.27,False,False,0,NORMAL,,0,,False,0.0,192.14,5.47,163.96,0.55,NORMAL,,,,,,,,,,,,,,,,,,0.0,False
1775,GODREJCP,2026-09-30,850.0,1064.34,940.54,-20.14,False,False,False,False,31.82,1.18,1273.9,848.0,-33.28,0.24,0,NORMAL,,,,,0,0,NOT A RECOVERY,False,,1309.0,2025-09-04,-35.06,False,False,0,NORMAL,,0,,False,0.0,879.73,3.5,765.0,0.35,NORMAL,,,,,,,,,,,,,,,,,,0.0,False
1776,KANANIIND,2026-09-30,1.36,1.54,1.48,-11.76,False,False,False,False,30.47,0.56,2.04,1.02,-33.33,33.33,0,NORMAL,,,,,0,0,NOT A RECOVERY,False,,,,,False,False,0,NORMAL,,0,,False,0.0,1.51,10.92,1.22,1.09,NORMAL,,,,,,,,,,,,,,,,,,0.0,False
1777,STARCEMENT,2026-09-30,181.96,210.12,194.3,-13.4,False,False,False,False,38.48,0.62,273.0,175.2,-33.35,3.86,0,NORMAL,,,,,0,0,NOT A RECOVERY,False,,308.95,2025-09-02,-41.1,False,False,0,NORMAL,,0,,False,0.0,191.6,5.3,163.76,0.53,NORMAL,,,,,,,,,,,,,,,,,,0.0,False
1778,NAHARPOLY,2026-09-30,225.27,244.87,244.66,-8.01,False,False,False,False,42.31,0.62,338.8,200.0,-33.51,12.64,0,NORMAL,,,,,0,0,NOT A RECOVERY,False,,289.5,2026-07-23,-22.19,False,False,0,NORMAL,,0,,False,0.0,244.76,8.65,202.74,0.87,NORMAL,,,,,,,,,,,,,,,,,,0.0,False
1779,FLAIR,2026-09-30,229.32,286.92,245.99,-20.07,False,False,False,False,33.43,0.65,345.0,228.0,-33.53,0.58,0,NORMAL,,,,,0,0,NOT A RECOVERY,False,,348.8,2025-09-04,-34.25,False,False,0,NORMAL,,0,,False,0.0,244.85,6.77,206.39,0.68,NORMAL,,,,,,,,,,,,,,,,,,0.0,False
1780,LINC,2026-09-30,88.63,103.35,96.75,-14.25,False,False,False,False,33.7,0.55,133.38,85.01,-33.55,4.26,0,NORMAL,,,,,0,0,NOT A RECOVERY,False,,131.5,2025-11-03,-32.6,False,False,0,NORMAL,,0,,False,0.0,96.24,8.58,79.77,0.86,NORMAL,,,,,,,,,,,,,,,,,,0.0,False
1781,NDRAUTO,2026-09-30,717.7,770.29,763.42,-6.83,False,False,False,False,44.61,0.36,1080.4,605.05,-33.57,18.62,0,NORMAL,,,,,0,0,NOT A RECOVERY,False,,930.95,2026-07-03,-22.91,False,False,0,NORMAL,,0,,False,0.0,776.59,8.2,645.93,0.82,NORMAL,,,,,,,,,,,,,,,,,,0.0,False
1782,SOUTHWEST,2026-09-30,182.49,216.03,215.48,-15.53,False,False,False,False,32.84,0.24,275.0,121.0,-33.64,50.82,0,NORMAL,,,,,0,0,NOT A RECOVERY,False,,275.0,2026-06-01,-33.64,False,False,0,NORMAL,,0,,False,0.0,200.93,10.1,164.24,1.01,NORMAL,,,,,,,,,,,,,,,,,,0.0,False
1783,MADRASFERT,2026-09-30,58.77,68.41,64.55,-14.09,False,False,False,False,27.18,0.85,88.68,52.56,-33.73,11.82,0,NORMAL,,,,,0,0,NOT A RECOVERY,False,,107.06,2025-06-03,-45.11,False,False,0,NORMAL,,0,,False,0.0,62.08,5.63,52.89,0.56,NORMAL,,,,,,,,,,,,,,,,,,0.0,False
1784,KSCL,2026-09-30,725.65,854.12,761.47,-15.04,False,False,False,False,45.64,0.15,1095.9,685.0,-33.79,5.93,0,NORMAL,,,,,0,0,NOT A RECOVERY,False,,1225.0,2025-09-18,-40.76,False,False,0,NORMAL,,0,,False,0.0,795.69,9.65,653.09,0.97,NORMAL,,,,,,,,,,,,,,,,,,0.0,False
1785,MOBIKWIK,2026-09-30,196.32,203.77,200.19,-3.66,False,False,False,False,45.5,0.21,296.7,151.46,-33.83,29.62,0,NORMAL,,,,,0,0,NOT A RECOVERY,False,,243.5,2026-04-28,-19.38,False,False,0,NORMAL,,0,,False,0.0,218.06,11.07,176.69,1.11,NORMAL,,,,,,,,,,,,,,,,,,0.0,False
1786,HDFCLIFE,2026-09-30,521.2,619.81,541.34,-15.91,False,False,False,False,41.73,1.05,788.5,508.7,-33.9,2.46,0,NORMAL,,,,,0,0,NOT A RECOVERY,False,,820.75,2025-06-30,-36.5,False,False,0,NORMAL,,0,,False,0.0,552.76,6.06,469.08,0.61,NORMAL,,,,,,,,,,,,,,,,,,0.0,False
1787,BMWVENTLTD,2026-09-30,51.5,57.83,55.63,-10.95,False,False,False,False,38.98,0.23,78.0,48.0,-33.97,7.29,0,NORMAL,,,,,0,0,NOT A RECOVERY,False,,73.2,2025-11-20,-29.64,False,False,0,NORMAL,,0,,False,0.0,56.32,9.36,46.35,0.94,NORMAL,,,,,,,,,,,,,,,,,,0.0,False
1788,SPIC,2026-09-30,63.94,69.61,67.66,-8.14,False,False,False,False,36.69,0.34,96.83,55.1,-33.97,16.04,0,NORMAL,,,,,0,0,NOT A RECOVERY,False,,85.6,2025-12-31,-25.3,False,False,0,NORMAL,,0,,False,0.0,67.44,5.48,57.55,0.55,NORMAL,,,,,,,,,,,,,,,,,,0.0,False
1789,GUJAPOLLO,2026-09-30,330.0,384.42,347.44,-14.16,False,False,False,False,44.03,0.65,500.0,300.5,-34.0,9.82,0,NORMAL,,,,,0,0,NOT A RECOVERY,False,,556.0,2025-08-26,-40.65,False,False,0,NORMAL,,0,,False,0.0,360.11,9.13,297.0,0.91,NORMAL,,,,,,,,,,,,,,,,,,0.0,False
1790,MAGNUM,2026-09-30,18.48,20.39,19.21,-9.35,False,False,False,False,39.97,0.45,28.0,16.25,-34.0,13.72,0,NORMAL,,,,,0,0,NOT A RECOVERY,False,,,,,False,False,0,NORMAL,,0,,False,0.0,20.14,9.01,16.63,0.9,NORMAL,,,,,,,,,,,,,,,,,,0.0,False
1791,MUTHOOTFIN,2026-09-30,2737.1,3307.11,2913.72,-17.24,False,False,False,False,37.66,0.77,4149.5,2671.0,-34.04,2.47,0,NORMAL,,,,,0,0,NOT A RECOVERY,False,,4149.5,2026-01-29,-34.04,False,False,0,NORMAL,,0,,False,0.0,2853.76,4.26,2463.39,0.43,NORMAL,,,,,,,,,,,,,,,,,,0.0,False
1792,HONDAPOWER,2026-09-30,1874.5,2149.14,2030.06,-12.78,False,False,False,False,30.94,0.6,2848.0,1816.6,-34.18,3.19,0,NORMAL,,,,,0,0,NOT A RECOVERY,False,,3256.0,2025-07-10,-42.43,False,False,0,NORMAL,,0,,False,0.0,1973.97,5.31,1687.05,0.53,NORMAL,,,,,,,,,,,,,,,,,,0.0,False
1793,KUANTUM,2026-09-30,76.35,81.17,77.79,-5.94,False,False,False,False,46.49,0.43,116.0,65.01,-34.18,17.44,0,NORMAL,,,,,0,0,NOT A RECOVERY,False,,99.95,2026-02-12,-23.61,False,False,0,NORMAL,,0,,False,0.0,84.09,10.13,68.71,1.01,NORMAL,,,,,,,,,,,,,,,,,,0.0,False
1794,GODAVARIB,2026-09-30,232.01,277.63,247.43,-16.43,False,False,False,False,42.36,0.19,353.0,224.0,-34.27,3.58,0,NORMAL,,,,,0,0,NOT A RECOVERY,False,,353.0,2026-04-24,-34.27,False,False,0,NORMAL,,0,,False,0.0,251.13,8.24,208.81,0.82,NORMAL,,,,,,,,,,,,,,,,,,0.0,False
1795,HATHWAY,2026-09-30,9.45,10.89,10.42,-13.21,False,False,False,False,27.67,1.08,14.38,8.76,-34.28,7.88,0,NORMAL,,,,,0,0,NOT A RECOVERY,False,,14.38,2025-10-06,-34.28,False,False,0,NORMAL,,0,,False,0.0,10.13,7.21,8.5,0.72,NORMAL,,,,,,,,,,,,,,,,,,0.0,False
1796,SURANAT&P,2026-09-30,15.84,18.04,16.65,-12.19,False,False,False,False,41.63,0.33,24.12,15.5,-34.33,2.19,0,NORMAL,,,,,0,0,NOT A RECOVERY,False,,23.0,2025-12-24,-31.13,False,False,0,NORMAL,,0,,False,0.0,16.84,6.33,14.26,0.63,NORMAL,,,,,,,,,,,,,,,,,,0.0,False
1797,STUDDS,2026-09-30,393.85,475.38,430.75,-17.15,False,False,False,False,31.77,0.64,600.0,389.45,-34.36,1.13,0,NORMAL,,,,,0,0,NOT A RECOVERY,False,,,,,False,False,0,NORMAL,,0,,False,0.0,421.91,7.13,354.47,0.71,NORMAL,,,,,,,,,,,,,,,,,,0.0,False
1798,SWSOLAR,2026-09-30,171.18,200.3,192.15,-14.54,False,False,False,False,32.11,0.98,260.8,148.0,-34.36,15.66,0,NORMAL,,,,,0,0,NOT A RECOVERY,False,,260.8,2026-06-23,-34.36,False,False,0,NORMAL,,0,,False,0.0,183.3,7.08,154.06,0.71,NORMAL,,,,,,,,,,,,,,,,,,0.0,False
1799,BIOFILCHEM,2026-09-30,30.38,33.13,32.4,-8.31,False,False,False,False,35.96,0.35,46.34,25.6,-34.44,18.67,0,NORMAL,,,,,0,0,NOT A RECOVERY,False,,46.34,2026-02-04,-34.44,False,False,0,NORMAL,,0,,False,0.0,33.23,9.39,27.34,0.94,NORMAL,,,,,,,,,,,,,,,,,,0.0,False
1800,AMJLAND,2026-09-30,37.62,40.52,38.46,-7.16,False,False,False,False,46.33,0.39,57.39,30.3,-34.45,24.16,0,NORMAL,,,,,0,0,NOT A RECOVERY,False,,68.9,2025-06-16,-45.4,False,False,0,NORMAL,,0,,False,0.0,40.81,8.48,33.86,0.85,NORMAL,,,,,,,,,,,,,,,,,,0.0,False
1801,CESC,2026-09-30,133.85,162.34,153.02,-17.55,False,False,False,False,21.97,0.79,204.5,132.5,-34.55,1.02,0,NORMAL,,,,,0,0,NOT A RECOVERY,False,,204.5,2026-05-04,-34.55,False,False,0,NORMAL,,0,,False,0.0,139.37,4.13,120.47,0.41,NORMAL,,,,,,,,,,,,,,,,,,0.0,False
1802,GRSE,2026-09-30,2181.9,2546.31,2511.71,-14.31,False,False,False,False,24.9,1.2,3339.0,1963.7,-34.65,11.11,0,NORMAL,,,,,0,0,NOT A RECOVERY,False,,3339.0,2026-04-29,-34.65,False,False,0,NORMAL,,0,,False,0.0,2307.39,5.75,1963.71,0.58,NORMAL,,,,,,,,,,,,,,,,,,0.0,False
1803,LPDC,2026-09-30,6.18,6.66,6.6,-7.17,False,False,False,False,41.79,0.69,9.46,5.23,-34.67,18.16,0,NORMAL,,,,,0,0,NOT A RECOVERY,False,,9.05,2026-08-14,-31.71,False,False,0,NORMAL,,0,,False,0.0,6.94,12.23,5.56,1.22,NORMAL,,,,,,,,,,,,,,,,,,0.0,False
1804,DIAMINESQ,2026-09-30,238.5,249.89,246.47,-4.56,False,False,False,False,37.71,0.45,365.3,208.01,-34.71,14.66,0,NORMAL,,,,,0,0,NOT A RECOVERY,False,,306.7,2026-04-21,-22.24,False,False,0,NORMAL,,0,,False,0.0,255.98,7.33,214.65,0.73,NORMAL,,,,,,,,,,,,,,,,,,0.0,False
1805,VINATIORGA,2026-09-30,1168.3,1379.16,1295.07,-15.29,False,False,False,False,26.03,0.73,1791.1,1165.0,-34.77,0.28,0,NORMAL,,,,,0,0,NOT A RECOVERY,False,,2040.0,2025-07-08,-42.73,False,False,0,NORMAL,,0,,False,0.0,1227.26,5.05,1051.47,0.5,NORMAL,,,,,,,,,,,,,,,,,,0.0,False
1806,CINEVISTA,2026-09-30,13.83,15.29,14.5,-9.55,False,False,False,False,40.73,0.33,21.21,12.16,-34.79,13.73,0,NORMAL,,,,,0,0,NOT A RECOVERY,False,,20.9,2025-10-17,-33.83,False,False,0,NORMAL,,0,,False,0.0,15.62,12.91,12.45,1.29,NORMAL,,,,,,,,,,,,,,,,,,0.0,False
1807,STERTOOLS,2026-09-30,218.31,233.84,226.86,-6.64,False,False,False,False,45.99,0.9,335.0,155.0,-34.83,40.85,0,NORMAL,,,,,0,0,NOT A RECOVERY,False,,290.38,2026-06-24,-24.82,False,False,0,NORMAL,,0,,False,0.0,236.71,8.43,196.48,0.84,NORMAL,,,,,,,,,,,,,,,,,,0.0,False
1808,INSPIRISYS,2026-09-30,87.16,93.39,92.1,-6.68,False,False,False,False,47.07,1.17,133.9,69.92,-34.91,24.66,0,NORMAL,,,,,0,0,NOT A RECOVERY,False,,133.9,2026-06-01,-34.91,False,False,0,NORMAL,,0,,False,0.0,96.71,10.96,78.44,1.1,NORMAL,,,,,,,,,,,,,,,,,,0.0,False
1809,KOTHARIPRO,2026-09-30,65.35,69.02,67.19,-5.32,False,False,False,False,46.35,0.38,100.42,58.0,-34.92,12.67,0,NORMAL,,,,,0,0,NOT A RECOVERY,False,,83.35,2026-02-18,-21.6,False,False,0,NORMAL,,0,,False,0.0,71.76,9.81,58.81,0.98,NORMAL,,,,,,,,,,,,,,,,,,0.0,False
1810,VIPIND,2026-09-30,290.95,326.5,303.34,-10.89,False,False,False,False,40.13,0.52,447.3,278.25,-34.95,4.56,0,NORMAL,,,,,0,0,NOT A RECOVERY,False,,492.3,2025-07-15,-40.9,False,False,0,NORMAL,,0,,False,0.0,309.21,6.28,261.86,0.63,NORMAL,,,,,,,,,,,,,,,,,,0.0,False
1811,SEJALLTD,2026-09-30,674.0,700.12,690.81,-3.73,False,False,False,False,49.84,0.3,1036.7,381.0,-34.99,76.9,0,NORMAL,,,,,0,0,NOT A RECOVERY,False,,887.4,2026-04-29,-24.05,False,False,0,NORMAL,,0,,False,0.0,746.64,10.78,606.6,1.08,NORMAL,,,,,,,,,,,,,,,,,,0.0,False
1812,DCMSHRIRAM,2026-09-30,915.6,1089.95,1012.58,-16.0,False,False,False,False,23.67,0.9,1409.0,903.0,-35.02,1.4,0,NORMAL,,,,,0,0,NOT A RECOVERY,False,,1414.4,2025-09-17,-35.27,False,False,0,NORMAL,,0,,False,0.0,956.76,4.5,824.04,0.45,NORMAL,,,,,,,,,,,,,,,,,,0.0,False
1813,CSLFINANCE,2026-09-30,210.85,243.18,223.09,-13.29,False,False,False,False,37.24,0.29,324.7,208.81,-35.06,0.98,0,NORMAL,,,,,0,0,NOT A RECOVERY,False,,324.7,2025-12-23,-35.06,False,False,0,NORMAL,,0,,False,0.0,226.39,7.37,189.77,0.74,NORMAL,,,,,,,,,,,,,,,,,,0.0,False
1814,EUROBOND,2026-09-30,146.25,167.58,155.22,-12.73,False,False,False,False,39.3,0.4,225.89,126.3,-35.26,15.8,0,NORMAL,,,,,0,0,NOT A RECOVERY,False,,254.5,2025-08-19,-42.53,False,False,0,NORMAL,,0,,False,0.0,158.97,8.7,131.62,0.87,NORMAL,,,,,,,,,,,,,,,,,,0.0,False
1815,TATACHEM,2026-09-30,611.45,705.2,656.83,-13.29,False,False,False,False,39.92,0.3,944.5,580.3,-35.26,5.37,0,NORMAL,,,,,0,0,NOT A RECOVERY,False,,854.85,2026-04-30,-28.47,False,False,0,NORMAL,,0,,False,0.0,701.61,14.74,550.31,1.47,NORMAL,,,,,,,,,,,,,,,,,,0.0,False
1816,GTLINFRA,2026-09-30,1.08,1.22,1.19,-11.48,False,False,False,False,32.58,0.93,1.67,0.96,-35.33,12.5,0,NORMAL,,,,,0,0,NOT A RECOVERY,False,,1.67,2026-06-05,-35.33,False,False,0,NORMAL,,0,,False,0.0,1.14,5.95,0.97,0.6,NORMAL,,,,,,,,,,,,,,,,,,0.0,False
1817,MIRZAINT,2026-09-30,27.94,33.23,31.54,-15.92,False,False,False,False,25.03,0.8,43.3,24.95,-35.47,11.98,0,NORMAL,,,,,0,0,NOT A RECOVERY,False,,43.3,2026-02-03,-35.47,False,False,0,NORMAL,,0,,False,0.0,29.9,7.02,25.15,0.7,NORMAL,,,,,,,,,,,,,,,,,,0.0,False
1818,INDIAMART,2026-09-30,1629.0,1998.71,1724.54,-18.5,False,False,False,False,38.42,0.89,2525.9,1600.0,-35.51,1.81,0,NORMAL,,,,,0,0,NOT A RECOVERY,False,,2799.0,2025-07-14,-41.8,False,False,0,NORMAL,,0,,False,0.0,1715.43,5.31,1466.1,0.53,NORMAL,,,,,,,,,,,,,,,,,,0.0,False
1819,SJVN,2026-09-30,59.32,71.74,65.78,-17.31,False,False,False,False,20.04,0.96,92.16,59.01,-35.63,0.53,0,NORMAL,,,,,0,0,NOT A RECOVERY,False,,124.5,2024-12-09,-52.35,False,False,0,NORMAL,,0,,False,0.0,61.88,4.32,53.39,0.43,NORMAL,,,,,,,,,,,,,,,,,,0.0,False
1820,JINDALPHOT,2026-09-30,1040.5,1176.01,1054.62,-11.52,False,False,False,False,43.65,0.14,1616.6,971.1,-35.64,7.15,0,NORMAL,,,,,0,0,NOT A RECOVERY,False,,1616.6,2025-12-10,-35.64,False,False,0,NORMAL,,0,,False,0.0,1123.57,7.98,936.45,0.8,NORMAL,,,,,,,,,,,,,,,,,,0.0,False
1821,METROBRAND,2026-09-30,841.75,1018.84,948.05,-17.38,False,False,False,False,22.09,0.51,1308.8,832.0,-35.69,1.17,0,NORMAL,,,,,0,0,NOT A RECOVERY,False,,1224.5,2025-12-11,-31.26,False,False,0,NORMAL,,0,,False,0.0,889.36,5.66,757.58,0.57,NORMAL,,,,,,,,,,,,,,,,,,0.0,False
1822,GOLDENTOBC,2026-09-30,23.46,26.93,24.56,-12.89,False,False,False,False,42.35,0.17,36.5,20.34,-35.73,15.34,0,NORMAL,,,,,0,0,NOT A RECOVERY,False,,,,,False,False,0,NORMAL,,0,,False,0.0,26.28,12.01,21.11,1.2,NORMAL,,,,,,,,,,,,,,,,,,0.0,False
1823,SPMLINFRA,2026-09-30,161.02,186.94,182.27,-13.86,False,False,False,False,30.28,0.59,250.65,151.01,-35.76,6.63,0,NORMAL,,,,,0,0,NOT A RECOVERY,False,,234.8,2026-05-06,-31.42,False,False,0,NORMAL,,0,,False,0.0,171.7,6.63,144.92,0.66,NORMAL,,,,,,,,,,,,,,,,,,0.0,False
1824,SUZLON,2026-09-30,39.49,49.26,45.95,-19.83,False,False,False,False,20.43,0.92,61.5,38.19,-35.79,3.4,0,NORMAL,,,,,0,0,NOT A RECOVERY,False,,60.45,2026-06-19,-34.67,False,False,0,NORMAL,,0,,False,0.0,41.82,5.91,35.54,0.59,NORMAL,,,,,,,,,,,,,,,,,,0.0,False
1825,HEIDELBERG,2026-09-30,132.6,158.33,153.07,-16.25,False,False,False,False,26.11,0.51,206.7,129.01,-35.85,2.78,0,NORMAL,,,,,0,0,NOT A RECOVERY,False,,242.78,2025-01-27,-45.38,False,False,0,NORMAL,,0,,False,0.0,141.71,6.87,119.34,0.69,NORMAL,,,,,,,,,,,,,,,,,,0.0,False
1826,MEDPLUS,2026-09-30,654.9,801.7,674.99,-18.31,False,False,False,False,41.98,0.72,1022.2,645.0,-35.93,1.53,0,NORMAL,,,,,0,0,NOT A RECOVERY,False,,1022.2,2026-05-21,-35.93,False,False,0,NORMAL,,0,,False,0.0,676.38,3.28,589.41,0.33,NORMAL,,,,,,,,,,,,,,,,,,0.0,False
1827,RKDL,2026-09-30,18.17,19.95,18.68,-8.93,False,False,False,False,45.27,0.24,28.37,16.3,-35.95,11.47,0,NORMAL,,,,,0,0,NOT A RECOVERY,False,,34.58,2025-05-26,-47.46,False,False,0,NORMAL,,0,,False,0.0,19.59,7.79,16.35,0.78,NORMAL,,,,,,,,,,,,,,,,,,0.0,False
1828,PRSMJOHNSN,2026-09-30,108.74,121.19,110.69,-10.27,False,False,False,False,38.93,0.61,170.06,97.1,-36.06,11.99,0,NORMAL,,,,,0,0,NOT A RECOVERY,False,,176.0,2025-09-18,-38.22,False,False,0,NORMAL,,0,,False,0.0,114.56,5.35,97.87,0.54,NORMAL,,,,,,,,,,,,,,,,,,0.0,False
1829,BALKRISHNA,2026-09-30,16.29,17.42,17.05,-6.47,False,False,False,False,45.85,0.37,25.49,12.0,-36.09,35.75,0,NORMAL,,,,,0,0,NOT A RECOVERY,False,,25.33,2025-10-03,-35.69,False,False,0,NORMAL,,0,,False,0.0,17.88,9.77,14.66,0.98,NORMAL,,,,,,,,,,,,,,,,,,0.0,False
1830,WAAREEENER,2026-09-30,2374.4,2886.66,2614.63,-17.75,False,False,False,False,30.14,0.7,3718.8,2364.9,-36.15,0.4,0,NORMAL,,,,,0,0,NOT A RECOVERY,False,,3718.8,2025-10-17,-36.15,False,False,0,NORMAL,,0,,False,0.0,2497.47,5.18,2136.96,0.52,NORMAL,,,,,,,,,,,,,,,,,,0.0,False
1831,HPAL,2026-09-30,33.83,36.53,35.01,-7.38,False,False,False,False,40.04,0.51,53.0,26.52,-36.17,27.56,0,NORMAL,,,,,0,0,NOT A RECOVERY,False,,47.42,2026-05-12,-28.66,False,False,0,NORMAL,,0,,False,0.0,37.29,10.23,30.45,1.02,NORMAL,,,,,,,,,,,,,,,,,,0.0,False
1832,BIRLAMONEY,2026-09-30,114.78,132.73,126.59,-13.52,False,False,False,False,28.66,0.67,179.85,95.0,-36.18,20.82,0,NORMAL,,,,,0,0,NOT A RECOVERY,False,,167.49,2025-10-24,-31.47,False,False,0,NORMAL,,0,,False,0.0,122.31,6.56,103.3,0.66,NORMAL,,,,,,,,,,,,,,,,,,0.0,False
1833,URJA,2026-09-30,8.77,9.93,9.23,-11.69,False,False,False,False,37.88,0.81,13.75,8.0,-36.22,9.63,0,NORMAL,,,,,0,0,NOT A RECOVERY,False,,14.49,2025-08-04,-39.48,False,False,0,NORMAL,,0,,False,0.0,9.29,5.88,7.89,0.59,NORMAL,,,,,,,,,,,,,,,,,,0.0,False
1834,VASWANI,2026-09-30,44.57,54.38,48.56,-18.04,False,False,False,False,37.83,0.22,69.99,43.26,-36.32,3.03,0,NORMAL,,,,,0,0,NOT A RECOVERY,False,,69.99,2025-11-13,-36.32,False,False,0,NORMAL,,0,,False,0.0,49.59,11.26,40.11,1.13,NORMAL,,,,,,,,,,,,,,,,,,0.0,False
1835,DCXINDIA,2026-09-30,161.18,182.97,172.36,-11.91,False,False,False,False,39.17,0.91,253.4,153.3,-36.39,5.14,0,NORMAL,,,,,0,0,NOT A RECOVERY,False,,235.0,2025-10-23,-31.41,False,False,0,NORMAL,,0,,False,0.0,171.16,6.19,145.06,0.62,NORMAL,,,,,,,,,,,,,,,,,,0.0,False
1836,BBTC,2026-09-30,1357.4,1580.95,1470.02,-14.14,False,False,False,False,35.72,0.14,2135.0,1314.6,-36.42,3.26,0,NORMAL,,,,,0,0,NOT A RECOVERY,False,,2155.0,2025-06-12,-37.01,False,False,0,NORMAL,,0,,False,0.0,1441.51,6.2,1221.66,0.62,NORMAL,,,,,,,,,,,,,,,,,,0.0,False
1837,CRAMC,2026-09-30,224.7,256.54,249.89,-12.41,False,False,False,False,30.95,0.61,353.4,214.2,-36.42,4.9,0,NORMAL,,,,,0,0,NOT A RECOVERY,False,,324.7,2025-12-29,-30.8,False,False,0,NORMAL,,0,,False,0.0,236.21,5.12,202.23,0.51,NORMAL,,,,,,,,,,,,,,,,,,0.0,False
1838,MSUMI,2026-09-30,34.07,40.58,38.06,-16.03,False,False,False,False,30.35,0.57,53.59,33.81,-36.42,0.77,0,NORMAL,,,,,0,0,NOT A RECOVERY,False,,53.59,2026-01-06,-36.42,False,False,0,NORMAL,,0,,False,0.0,35.8,5.09,30.66,0.51,NORMAL,,,,,,,,,,,,,,,,,,0.0,False
1839,KAKATCEM,2026-09-30,105.18,117.49,112.98,-10.48,False,False,False,False,37.6,0.9,165.55,85.0,-36.47,23.74,0,NORMAL,,,,,0,0,NOT A RECOVERY,False,,165.55,2025-10-23,-36.47,False,False,0,NORMAL,,0,,False,0.0,112.92,7.36,94.66,0.74,NORMAL,,,,,,,,,,,,,,,,,,0.0,False
1840,PALASHSECU,2026-09-30,84.25,94.18,88.48,-10.54,False,False,False,False,42.25,0.0,132.7,79.01,-36.51,6.63,0,NORMAL,,,,,0,0,NOT A RECOVERY,False,,,,,False,False,0,NORMAL,,0,,False,0.0,90.73,7.69,75.83,0.77,NORMAL,,,,,,,,,,,,,,,,,,0.0,False
1841,RALLIS,2026-09-30,199.73,241.89,209.48,-17.43,False,False,False,False,32.15,1.02,315.0,196.76,-36.59,1.51,0,NORMAL,,,,,0,0,NOT A RECOVERY,False,,385.9,2025-07-30,-48.24,False,False,0,NORMAL,,0,,False,0.0,207.17,3.73,179.76,0.37,NORMAL,,,,,,,,,,,,,,,,,,0.0,False
1842,LIBERTSHOE,2026-09-30,221.01,251.16,241.52,-12.01,False,False,False,False,39.89,1.1,348.75,210.5,-36.63,4.99,0,NORMAL,,,,,0,0,NOT A RECOVERY,False,,311.65,2025-11-17,-29.08,False,False,0,NORMAL,,0,,False,0.0,237.82,7.61,198.91,0.76,NORMAL,,,,,,,,,,,,,,,,,,0.0,False
1843,ALPA,2026-09-30,59.51,67.26,63.51,-11.53,False,False,False,False,40.31,0.33,94.0,46.1,-36.69,29.09,0,NORMAL,,,,,0,0,NOT A RECOVERY,False,,,,,False,False,0,NORMAL,,0,,False,0.0,65.32,9.77,53.56,0.98,NORMAL,,,,,,,,,,,,,,,,,,0.0,False
1844,ANUP,2026-09-30,1596.3,1936.34,1835.06,-17.56,False,False,False,False,30.75,0.49,2524.0,1422.3,-36.76,12.23,0,NORMAL,,,,,0,0,NOT A RECOVERY,False,,2459.3,2025-11-18,-35.09,False,False,0,NORMAL,,0,,False,0.0,1708.1,7.0,1436.67,0.7,NORMAL,,,,,,,,,,,,,,,,,,0.0,False
1845,DCW,2026-09-30,45.62,47.87,46.18,-4.71,False,False,False,False,46.24,0.47,72.3,37.11,-36.9,22.93,0,NORMAL,,,,,0,0,NOT A RECOVERY,False,,55.8,2026-02-17,-18.24,False,False,0,NORMAL,,0,,False,0.0,49.15,7.74,41.06,0.77,NORMAL,,,,,,,,,,,,,,,,,,0.0,False
1846,GANGESSECU,2026-09-30,112.4,122.5,117.21,-8.25,False,False,False,False,40.96,0.02,178.15,103.31,-36.91,8.8,0,NORMAL,,,,,0,0,NOT A RECOVERY,False,,191.0,2025-06-13,-41.15,False,False,0,NORMAL,,0,,False,0.0,118.98,5.85,101.16,0.59,NORMAL,,,,,,,,,,,,,,,,,,0.0,False
1847,SIGNATURE,2026-09-30,727.15,860.1,787.3,-15.46,False,False,False,False,33.25,0.97,1153.9,705.2,-36.98,3.11,0,NORMAL,,,,,0,0,NOT A RECOVERY,False,,1309.5,2025-06-12,-44.47,False,False,0,NORMAL,,0,,False,0.0,791.48,8.85,654.44,0.88,NORMAL,,,,,,,,,,,,,,,,,,0.0,False
1848,LTM,2026-09-30,4045.0,4628.72,4420.99,-12.61,False,False,False,False,37.07,1.09,6429.5,3528.0,-37.09,14.65,0,NORMAL,,,,,0,0,NOT A RECOVERY,False,,6429.5,2026-01-19,-37.09,False,False,0,NORMAL,,0,,False,0.0,4325.56,6.94,3640.5,0.69,NORMAL,,,,,,,,,,,,,,,,,,0.0,False
1849,UMESLTD,2026-09-30,4.49,5.34,5.22,-15.93,False,False,False,False,41.81,0.43,7.14,3.76,-37.11,19.41,0,NORMAL,,,,,0,0,NOT A RECOVERY,False,,7.14,2026-03-16,-37.11,False,False,0,NORMAL,,0,,False,0.0,5.39,20.14,4.04,2.01,NORMAL,,,,,,,,,,,,,,,,,,0.0,False
1850,ASIANTILES,2026-09-30,49.68,61.15,50.98,-18.76,False,False,False,False,46.73,0.42,79.06,42.5,-37.16,16.89,0,NORMAL,,,,,0,0,NOT A RECOVERY,False,,79.06,2026-04-21,-37.16,False,False,0,NORMAL,,0,,False,0.0,52.7,6.08,44.71,0.61,NORMAL,,,,,,,,,,,,,,,,,,0.0,False
1851,MAHEPC,2026-09-30,96.74,114.97,104.28,-15.86,False,False,False,False,30.96,0.65,154.0,91.91,-37.18,5.26,0,NORMAL,,,,,0,0,NOT A RECOVERY,False,,185.12,2025-08-20,-47.74,False,False,0,NORMAL,,0,,False,0.0,102.74,6.21,87.07,0.62,NORMAL,,,,,,,,,,,,,,,,,,0.0,False
1852,AWL,2026-09-30,177.68,196.36,189.3,-9.51,False,False,False,False,33.46,0.48,282.9,171.19,-37.19,3.79,0,NORMAL,,,,,0,0,NOT A RECOVERY,False,,291.2,2025-04-21,-38.98,False,False,0,NORMAL,,0,,False,0.0,186.25,4.82,159.91,0.48,NORMAL,,,,,,,,,,,,,,,,,,0.0,False
1853,ICICIPRULI,2026-09-30,443.8,551.94,493.69,-19.59,False,False,False,False,31.12,0.53,706.8,442.4,-37.21,0.32,0,NORMAL,,,,,0,0,NOT A RECOVERY,False,,706.8,2026-01-13,-37.21,False,False,0,NORMAL,,0,,False,0.0,472.76,6.53,399.42,0.65,NORMAL,,,,,,,,,,,,,,,,,,0.0,False
1854,SNOWMAN,2026-09-30,34.64,38.16,36.88,-9.23,False,False,False,False,38.51,1.09,55.19,30.5,-37.24,13.57,0,NORMAL,,,,,0,0,NOT A RECOVERY,False,,46.46,2025-11-19,-25.44,False,False,0,NORMAL,,0,,False,0.0,37.05,6.95,31.18,0.7,NORMAL,,,,,,,,,,,,,,,,,,0.0,False
1855,JPOLYINVST,2026-09-30,933.4,1065.19,1002.17,-12.37,False,False,False,False,38.94,0.36,1487.7,852.1,-37.26,9.54,0,NORMAL,,,,,0,0,NOT A RECOVERY,False,,1487.7,2026-03-10,-37.26,False,False,0,NORMAL,,0,,False,0.0,993.94,6.49,840.06,0.65,NORMAL,,,,,,,,,,,,,,,,,,0.0,False
1856,BHARATWIRE,2026-09-30,164.36,190.8,183.69,-13.86,False,False,False,False,34.37,0.82,262.0,148.01,-37.27,11.05,0,NORMAL,,,,,0,0,NOT A RECOVERY,False,,262.0,2026-05-11,-37.27,False,False,0,NORMAL,,0,,False,0.0,177.34,7.9,147.92,0.79,NORMAL,,,,,,,,,,,,,,,,,,0.0,False
1857,RUCHINFRA,2026-09-30,4.91,5.95,5.63,-17.54,False,False,False,False,32.77,1.13,7.83,4.05,-37.29,21.23,0,NORMAL,,,,,0,0,NOT A RECOVERY,False,,8.25,2025-09-24,-40.48,False,False,0,NORMAL,,0,,False,0.0,5.62,14.52,4.42,1.45,NORMAL,,,,,,,,,,,,,,,,,,0.0,False
1858,UTIAMC,2026-09-30,882.4,973.54,899.25,-9.36,False,False,False,False,41.78,0.53,1409.0,866.0,-37.37,1.89,0,NORMAL,,,,,0,0,NOT A RECOVERY,False,,1494.8,2025-07-22,-40.97,False,False,0,NORMAL,,0,,False,0.0,924.11,4.73,794.16,0.47,NORMAL,,,,,,,,,,,,,,,,,,0.0,False
1859,PRAENG,2026-09-30,21.18,21.98,21.31,-3.65,False,False,False,False,45.39,0.44,33.88,17.0,-37.49,24.59,0,NORMAL,,,,,0,0,NOT A RECOVERY,False,,26.68,2026-09-03,-20.61,False,False,0,NORMAL,,0,,False,0.0,24.56,15.95,19.06,1.6,NORMAL,,,,,,,,,,,,,,,,,,0.0,False
1860,UFO,2026-09-30,58.12,71.01,64.74,-18.15,False,False,False,False,23.17,0.41,92.97,53.75,-37.49,8.13,0,NORMAL,,,,,0,0,NOT A RECOVERY,False,,92.97,2025-11-20,-37.49,False,False,0,NORMAL,,0,,False,0.0,62.41,7.37,52.31,0.74,NORMAL,,,,,,,,,,,,,,,,,,0.0,False
1861,BIRLACORPN,2026-09-30,840.05,959.13,874.02,-12.42,False,False,False,False,45.53,0.41,1346.1,769.6,-37.59,9.15,0,NORMAL,,,,,0,0,NOT A RECOVERY,False,,1535.3,2025-07-30,-45.28,False,False,0,NORMAL,,0,,False,0.0,880.79,4.85,756.04,0.48,NORMAL,,,,,,,,,,,,,,,,,,0.0,False
1862,SANOFI,2026-09-30,3057.0,3515.88,3214.04,-13.05,False,False,False,False,38.5,0.85,4898.0,3049.0,-37.59,0.26,0,NORMAL,,,,,0,0,NOT A RECOVERY,False,,,,,False,False,0,NORMAL,,0,,False,0.0,3178.07,3.96,2751.3,0.4,NORMAL,,,,,,,,,,,,,,,,,,0.0,False
1863,LAOPALA,2026-09-30,156.18,184.16,175.19,-15.19,False,False,False,False,34.79,0.4,250.9,153.01,-37.75,2.07,0,NORMAL,,,,,0,0,NOT A RECOVERY,False,,222.53,2025-11-27,-29.82,False,False,0,NORMAL,,0,,False,0.0,165.11,5.72,140.56,0.57,NORMAL,,,,,,,,,,,,,,,,,,0.0,False
1864,SRM,2026-09-30,404.4,473.7,466.22,-14.63,False,False,False,False,26.69,0.81,649.95,361.35,-37.78,11.91,0,NORMAL,,,,,0,0,NOT A RECOVERY,False,,584.85,2025-12-02,-30.85,False,False,0,NORMAL,,0,,False,0.0,428.04,5.85,363.96,0.58,NORMAL,,,,,,,,,,,,,,,,,,0.0,False
1865,RUPA,2026-09-30,130.52,149.7,148.72,-12.81,False,False,False,False,29.2,0.89,209.9,109.21,-37.82,19.51,0,NORMAL,,,,,0,0,NOT A RECOVERY,False,,183.2,2026-07-03,-28.76,False,False,0,NORMAL,,0,,False,0.0,138.11,5.82,117.47,0.58,NORMAL,,,,,,,,,,,,,,,,,,0.0,False
1866,IPL,2026-09-30,132.72,154.03,140.01,-13.83,False,False,False,False,41.04,0.09,213.96,125.0,-37.97,6.18,0,NORMAL,,,,,0,0,NOT A RECOVERY,False,,245.84,2025-08-21,-46.01,False,False,0,NORMAL,,0,,False,0.0,141.41,6.55,119.45,0.66,NORMAL,,,,,,,,,,,,,,,,,,0.0,False
1867,MURUDCERA,2026-09-30,28.51,31.82,30.05,-10.4,False,False,False,False,42.18,0.98,46.0,25.16,-38.02,13.31,0,NORMAL,,,,,0,0,NOT A RECOVERY,False,,48.5,2025-06-11,-41.22,False,False,0,NORMAL,,0,,False,0.0,30.62,7.41,25.66,0.74,NORMAL,,,,,,,,,,,,,,,,,,0.0,False
1868,BSHSL,2026-09-30,86.1,92.18,88.05,-6.59,False,False,False,False,45.47,0.49,139.0,59.16,-38.06,45.54,0,NORMAL,,,,,0,0,NOT A RECOVERY,False,,179.99,2025-02-04,-52.16,False,False,0,NORMAL,,0,,False,0.0,95.74,11.2,77.49,1.12,NORMAL,,,,,,,,,,,,,,,,,,0.0,False
1869,WEIZMANIND,2026-09-30,70.88,82.28,74.98,-13.86,False,False,False,False,39.34,0.92,114.5,65.21,-38.1,8.69,0,NORMAL,,,,,0,0,NOT A RECOVERY,False,,155.0,2024-12-23,-54.27,False,False,0,NORMAL,,0,,False,0.0,75.22,6.12,63.79,0.61,NORMAL,,,,,,,,,,,,,,,,,,0.0,False
1870,VISHWARAJ,2026-09-30,5.26,5.74,5.53,-8.31,False,False,False,False,41.23,0.55,8.5,4.14,-38.12,27.05,0,NORMAL,,,,,0,0,NOT A RECOVERY,False,,7.09,2026-08-25,-25.81,False,False,0,NORMAL,,0,,False,0.0,5.61,6.74,4.73,0.67,NORMAL,,,,,,,,,,,,,,,,,,0.0,False
1871,MALLCOM,2026-09-30,938.95,1056.37,981.1,-11.12,False,False,False,False,43.31,0.3,1520.0,905.15,-38.23,3.73,0,NORMAL,,,,,0,0,NOT A RECOVERY,False,,1520.0,2025-10-21,-38.23,False,False,0,NORMAL,,0,,False,0.0,997.35,6.22,845.06,0.62,NORMAL,,,,,,,,,,,,,,,,,,0.0,False
1872,JPPOWER,2026-09-30,15.13,16.97,16.78,-10.86,False,False,False,False,33.66,0.43,24.5,13.15,-38.24,15.06,0,NORMAL,,,,,0,0,NOT A RECOVERY,False,,24.5,2026-05-29,-38.24,False,False,0,NORMAL,,0,,False,0.0,16.17,6.85,13.62,0.68,NORMAL,,,,,,,,,,,,,,,,,,0.0,False
1873,ALLTIME,2026-09-30,194.0,230.57,211.34,-15.86,False,False,False,False,34.16,0.27,314.7,186.0,-38.35,4.3,0,NORMAL,,,,,0,0,NOT A RECOVERY,False,,314.7,2025-11-04,-38.35,False,False,0,NORMAL,,0,,False,0.0,211.19,8.86,174.6,0.89,NORMAL,,,,,,,,,,,,,,,,,,0.0,False
1874,RADIANTCMS,2026-09-30,35.41,40.78,37.34,-13.17,False,False,False,False,41.4,0.14,57.49,32.33,-38.41,9.53,0,NORMAL,,,,,0,0,NOT A RECOVERY,False,,54.0,2025-12-22,-34.43,False,False,0,NORMAL,,0,,False,0.0,38.34,8.27,31.87,0.83,NORMAL,,,,,,,,,,,,,,,,,,0.0,False
1875,POKARNA,2026-09-30,705.7,884.32,855.46,-20.2,False,False,False,False,22.69,0.57,1146.2,692.6,-38.43,1.89,0,NORMAL,,,,,0,0,NOT A RECOVERY,False,,1146.2,2026-02-05,-38.43,False,False,0,NORMAL,,0,,False,0.0,757.03,7.27,635.13,0.73,NORMAL,,,,,,,,,,,,,,,,,,0.0,False
1876,RVHL,2026-09-30,38.2,43.19,41.61,-11.55,False,False,False,False,37.31,0.78,62.15,28.5,-38.54,34.04,0,NORMAL,,,,,0,0,NOT A RECOVERY,False,,65.01,2025-09-18,-41.24,False,False,0,NORMAL,,0,,False,0.0,41.77,9.35,34.38,0.93,NORMAL,,,,,,,,,,,,,,,,,,0.0,False
1877,ACEINTEG,2026-09-30,16.77,19.33,18.05,-13.26,False,False,False,False,41.49,0.48,27.29,14.2,-38.55,18.1,0,NORMAL,,,,,0,0,NOT A RECOVERY,False,,25.6,2025-11-14,-34.49,False,False,0,NORMAL,,0,,False,0.0,18.75,11.83,15.09,1.18,NORMAL,,,,,,,,,,,,,,,,,,0.0,False
1878,BBL,2026-09-30,2095.2,2571.12,2315.39,-18.51,False,False,False,False,28.79,0.73,3411.0,2051.7,-38.58,2.12,0,NORMAL,,,,,0,0,NOT A RECOVERY,False,,3270.0,2026-04-27,-35.93,False,False,0,NORMAL,,0,,False,0.0,2220.86,6.0,1885.68,0.6,NORMAL,,,,,,,,,,,,,,,,,,0.0,False
1879,TEAMLEASE,2026-09-30,1148.6,1331.41,1243.81,-13.73,False,False,False,False,25.61,0.51,1872.2,1065.2,-38.65,7.83,0,NORMAL,,,,,0,0,NOT A RECOVERY,False,,,,,False,False,0,NORMAL,,0,,False,0.0,1209.61,5.31,1033.74,0.53,NORMAL,,,,,,,,,,,,,,,,,,0.0,False
1880,MONTECARLO,2026-09-30,527.45,560.86,534.99,-5.96,False,False,False,False,45.2,0.64,860.95,464.0,-38.74,13.67,0,NORMAL,,,,,0,0,NOT A RECOVERY,False,,860.95,2025-11-20,-38.74,False,False,0,NORMAL,,0,,False,0.0,556.37,5.48,474.71,0.55,NORMAL,,,,,,,,,,,,,,,,,,0.0,False
1881,HCL-INSYS,2026-09-30,10.1,12.08,10.84,-16.38,False,False,False,False,40.44,0.67,16.5,9.01,-38.79,12.1,0,NORMAL,,,,,0,0,NOT A RECOVERY,False,,24.5,2025-05-20,-58.78,False,False,0,NORMAL,,0,,False,0.0,10.95,8.37,9.09,0.84,NORMAL,,,,,,,,,,,,,,,,,,0.0,False
1882,HEXT,2026-09-30,494.1,549.87,540.31,-10.14,False,False,False,False,37.75,0.47,807.75,400.2,-38.83,23.46,0,NORMAL,,,,,0,0,NOT A RECOVERY,False,,807.75,2025-12-04,-38.83,False,False,0,NORMAL,,0,,False,0.0,521.21,5.49,444.69,0.55,NORMAL,,,,,,,,,,,,,,,,,,0.0,False
1883,GRINFRA,2026-09-30,800.6,911.42,863.67,-12.16,False,False,False,False,35.7,0.44,1309.8,785.0,-38.88,1.99,0,NORMAL,,,,,0,0,NOT A RECOVERY,False,,1444.4,2025-06-10,-44.57,False,False,0,NORMAL,,0,,False,0.0,853.84,6.65,720.54,0.66,NORMAL,,,,,,,,,,,,,,,,,,0.0,False
1884,NUCLEUS,2026-09-30,650.25,790.85,710.36,-17.78,False,False,False,False,20.89,0.99,1064.8,647.0,-38.93,0.5,0,NORMAL,,,,,0,0,NOT A RECOVERY,False,,1378.0,2025-05-29,-52.81,False,False,0,NORMAL,,0,,False,0.0,679.17,4.45,585.23,0.44,NORMAL,,,,,,,,,,,,,,,,,,0.0,False
1885,BCG,2026-09-30,9.22,9.91,9.49,-6.92,False,False,False,False,41.94,0.34,15.11,7.7,-38.98,19.74,0,NORMAL,,,,,0,0,NOT A RECOVERY,False,,15.1,2026-02-12,-38.94,False,False,0,NORMAL,,0,,False,0.0,9.9,7.39,8.3,0.74,NORMAL,,,,,,,,,,,,,,,,,,0.0,False
1886,NSIL,2026-09-30,5324.0,5729.85,5572.09,-7.08,False,False,False,False,34.86,0.49,8730.0,4700.0,-39.01,13.28,0,NORMAL,,,,,0,0,NOT A RECOVERY,False,,8730.0,2025-10-17,-39.01,False,False,0,NORMAL,,0,,False,0.0,5568.36,4.59,4791.6,0.46,NORMAL,,,,,,,,,,,,,,,,,,0.0,False
1887,BFUTILITIE,2026-09-30,507.75,552.05,538.82,-8.02,False,False,False,False,39.36,0.23,834.0,368.7,-39.12,37.71,0,NORMAL,,,,,0,0,NOT A RECOVERY,False,,740.0,2025-10-31,-31.39,False,False,0,NORMAL,,0,,False,0.0,546.61,7.65,456.98,0.77,NORMAL,,,,,,,,,,,,,,,,,,0.0,False
1888,BLS,2026-09-30,218.26,265.57,242.45,-17.82,False,False,False,False,30.21,0.81,359.0,217.23,-39.2,0.47,0,NORMAL,,,,,0,0,NOT A RECOVERY,False,,521.8,2025-01-03,-58.17,False,False,0,NORMAL,,0,,False,0.0,230.83,5.76,196.43,0.58,NORMAL,,,,,,,,,,,,,,,,,,0.0,False
1889,GHCL,2026-09-30,405.5,471.54,431.38,-14.01,False,False,False,False,25.92,0.88,667.2,396.0,-39.22,2.4,0,NORMAL,,,,,0,0,NOT A RECOVERY,False,,667.2,2025-10-30,-39.22,False,False,0,NORMAL,,0,,False,0.0,421.64,3.98,364.95,0.4,NORMAL,,,,,,,,,,,,,,,,,,0.0,False
1890,THEINVEST,2026-09-30,93.45,101.9,96.5,-8.3,False,False,False,False,45.34,0.61,153.99,89.0,-39.31,5.0,0,NORMAL,,,,,0,0,NOT A RECOVERY,False,,226.0,2024-11-08,-58.65,False,False,0,NORMAL,,0,,False,0.0,100.9,7.97,84.1,0.8,NORMAL,,,,,,,,,,,,,,,,,,0.0,False
1891,ANTGRAPHIC,2026-09-30,0.71,0.83,0.73,-14.12,False,False,False,False,45.69,0.42,1.17,0.64,-39.32,10.94,0,NORMAL,,,,,0,0,NOT A RECOVERY,False,,,,,False,False,0,NORMAL,,0,,False,0.0,0.76,7.24,0.64,0.72,NORMAL,,,,,,,,,,,,,,,,,,0.0,False
1892,ZEEMEDIA,2026-09-30,7.21,8.23,7.94,-12.41,False,False,False,False,36.87,0.4,11.89,6.65,-39.36,8.42,0,NORMAL,,,,,0,0,NOT A RECOVERY,False,,10.35,2026-02-13,-30.34,False,False,0,NORMAL,,0,,False,0.0,7.81,8.28,6.49,0.83,NORMAL,,,,,,,,,,,,,,,,,,0.0,False
1893,ACC,2026-09-30,1204.1,1442.83,1296.34,-16.55,False,False,False,False,31.66,0.46,1987.0,1188.1,-39.4,1.35,0,NORMAL,,,,,0,0,NOT A RECOVERY,False,,2119.9,2025-04-24,-43.2,False,False,0,NORMAL,,0,,False,0.0,1252.83,4.05,1083.69,0.4,NORMAL,,,,,,,,,,,,,,,,,,0.0,False
1894,THOMASCOOK,2026-09-30,102.39,108.54,105.54,-5.67,False,False,False,False,42.24,0.86,169.0,86.35,-39.41,18.58,0,NORMAL,,,,,0,0,NOT A RECOVERY,False,,150.5,2026-01-01,-31.97,False,False,0,NORMAL,,0,,False,0.0,108.18,5.65,92.15,0.57,NORMAL,,,,,,,,,,,,,,,,,,0.0,False
1895,INTERARCH,2026-09-30,1673.4,1893.74,1732.05,-11.64,False,False,False,False,42.14,0.77,2762.6,1600.0,-39.43,4.59,0,NORMAL,,,,,0,0,NOT A RECOVERY,False,,2762.6,2025-11-10,-39.43,False,False,0,NORMAL,,0,,False,0.0,1769.07,5.72,1506.06,0.57,NORMAL,,,,,,,,,,,,,,,,,,0.0,False
1896,ROSSARI,2026-09-30,417.95,503.52,479.16,-16.99,False,False,False,False,25.84,1.02,690.3,375.0,-39.45,11.45,0,NORMAL,,,,,0,0,NOT A RECOVERY,False,,690.3,2025-10-16,-39.45,False,False,0,NORMAL,,0,,False,0.0,443.0,5.99,376.16,0.6,NORMAL,,,,,,,,,,,,,,,,,,0.0,False
1897,NAGREEKEXP,2026-09-30,21.7,24.71,22.46,-12.17,False,False,False,False,44.95,0.17,35.9,17.5,-39.55,24.0,0,NORMAL,,,,,0,0,NOT A RECOVERY,False,,35.9,2025-10-10,-39.55,False,False,0,NORMAL,,0,,False,0.0,25.06,15.5,19.53,1.55,NORMAL,,,,,,,,,,,,,,,,,,0.0,False
1898,WAAREERTL,2026-09-30,819.95,925.36,869.96,-11.39,False,False,False,False,38.94,0.69,1358.0,779.5,-39.62,5.19,0,NORMAL,,,,,0,0,NOT A RECOVERY,False,,1255.6,2025-11-03,-34.7,False,False,0,NORMAL,,0,,False,0.0,862.87,5.23,737.96,0.52,NORMAL,,,,,,,,,,,,,,,,,,0.0,False
1899,RHL,2026-09-30,165.18,180.79,169.92,-8.63,False,False,False,False,42.93,0.11,273.9,160.98,-39.69,2.61,0,NORMAL,,,,,0,0,NOT A RECOVERY,False,,314.0,2025-07-10,-47.39,False,False,0,NORMAL,,0,,False,0.0,180.15,9.06,148.66,0.91,NORMAL,,,,,,,,,,,,,,,,,,0.0,False
1900,PIIND,2026-09-30,2310.0,2858.09,2503.08,-19.18,False,False,False,False,41.07,0.64,3832.9,2191.0,-39.73,5.43,0,NORMAL,,,,,0,0,NOT A RECOVERY,False,,4330.0,2025-07-30,-46.65,False,False,0,NORMAL,,0,,False,0.0,2436.2,5.46,2079.0,0.55,NORMAL,,,,,,,,,,,,,,,,,,0.0,False
1901,AWHCL,2026-09-30,364.55,459.2,389.61,-20.61,False,False,False,False,43.54,0.15,605.0,337.55,-39.74,8.0,0,NORMAL,,,,,0,0,NOT A RECOVERY,False,,635.8,2025-08-13,-42.66,False,False,0,NORMAL,,0,,False,0.0,398.8,9.4,328.09,0.94,NORMAL,,,,,,,,,,,,,,,,,,0.0,False
1902,SYMPHONY,2026-09-30,582.45,746.22,616.42,-21.95,False,False,False,False,43.89,0.06,970.45,562.1,-39.98,3.62,0,NORMAL,,,,,0,0,NOT A RECOVERY,False,,,,,False,False,0,NORMAL,,0,,False,0.0,617.61,6.04,524.21,0.6,NORMAL,,,,,,,,,,,,,,,,,,0.0,False
1903,NILAINFRA,2026-09-30,6.71,7.85,6.99,-14.52,False,False,False,False,45.22,0.65,11.2,5.9,-40.09,13.73,0,NORMAL,,,,,0,0,NOT A RECOVERY,False,,15.49,2025-01-02,-56.68,False,False,0,NORMAL,,0,,False,0.0,7.29,8.58,6.04,0.86,NORMAL,,,,,,,,,,,,,,,,,,0.0,False
1904,SBICARD,2026-09-30,578.05,687.47,642.34,-15.92,False,False,False,False,29.87,0.37,965.0,565.45,-40.1,2.23,0,NORMAL,,,,,0,0,NOT A RECOVERY,False,,1027.25,2025-06-10,-43.73,False,False,0,NORMAL,,0,,False,0.0,612.19,5.91,520.24,0.59,NORMAL,,,,,,,,,,,,,,,,,,0.0,False
1905,LEMONTREE,2026-09-30,104.25,118.52,107.8,-12.04,False,False,False,False,41.98,0.98,174.2,99.61,-40.15,4.66,0,NORMAL,,,,,0,0,NOT A RECOVERY,False,,180.68,2025-09-08,-42.3,False,False,0,NORMAL,,0,,False,0.0,108.58,4.16,93.83,0.42,NORMAL,,,,,,,,,,,,,,,,,,0.0,False
1906,HEMIPROP,2026-09-30,114.07,134.11,128.09,-14.94,False,False,False,False,28.3,0.73,190.69,111.2,-40.18,2.58,0,NORMAL,,,,,0,0,NOT A RECOVERY,False,,163.85,2026-05-13,-30.38,False,False,0,NORMAL,,0,,False,0.0,120.43,5.58,102.66,0.56,NORMAL,,,,,,,,,,,,,,,,,,0.0,False
1907,ORIENTPPR,2026-09-30,16.45,18.4,17.42,-10.6,False,False,False,False,39.2,0.4,27.59,13.25,-40.38,24.15,0,NORMAL,,,,,0,0,NOT A RECOVERY,False,,,,,False,False,0,NORMAL,,0,,False,0.0,17.41,5.83,14.81,0.58,NORMAL,,,,,,,,,,,,,,,,,,0.0,False
1908,XCHANGING,2026-09-30,61.24,66.16,63.35,-7.44,False,False,False,False,46.98,0.4,103.0,47.5,-40.54,28.93,0,NORMAL,,,,,0,0,NOT A RECOVERY,False,,107.5,2025-02-07,-43.03,False,False,0,NORMAL,,0,,False,0.0,65.5,6.96,55.12,0.7,NORMAL,,,,,,,,,,,,,,,,,,0.0,False
1909,RKSWAMY,2026-09-30,90.09,98.51,95.87,-8.55,False,False,False,False,44.84,0.79,151.8,67.15,-40.65,34.16,0,NORMAL,,,,,0,0,NOT A RECOVERY,False,,129.9,2025-11-26,-30.65,False,False,0,NORMAL,,0,,False,0.0,99.07,9.97,81.08,1.0,NORMAL,,,,,,,,,,,,,,,,,,0.0,False
1910,NCC,2026-09-30,128.88,148.8,141.55,-13.39,False,False,False,False,30.87,0.79,217.25,126.65,-40.68,1.76,0,NORMAL,,,,,0,0,NOT A RECOVERY,False,,,,,False,False,0,NORMAL,,0,,False,0.0,136.71,6.08,115.99,0.61,NORMAL,,,,,,,,,,,,,,,,,,0.0,False
1911,GENUSPAPER,2026-09-30,10.64,12.26,11.85,-13.19,False,False,False,False,38.98,0.83,17.96,8.67,-40.76,22.72,0,NORMAL,,,,,0,0,NOT A RECOVERY,False,,14.88,2026-04-17,-28.49,False,False,0,NORMAL,,0,,False,0.0,12.15,14.19,9.58,1.42,NORMAL,,,,,,,,,,,,,,,,,,0.0,False
1912,GREENPOWER,2026-09-30,8.83,10.35,9.44,-14.69,False,False,False,False,32.31,0.33,14.93,7.98,-40.86,10.65,0,NORMAL,,,,,0,0,NOT A RECOVERY,False,,15.04,2025-08-18,-41.29,False,False,0,NORMAL,,0,,False,0.0,9.31,5.42,7.95,0.54,NORMAL,,,,,,,,,,,,,,,,,,0.0,False
1913,RAJMET,2026-09-30,3.12,3.72,3.22,-16.2,False,False,False,False,44.5,0.85,5.28,2.72,-40.91,14.71,0,NORMAL,,,,,0,0,NOT A RECOVERY,False,,7.12,2025-06-02,-56.18,False,False,0,NORMAL,,0,,False,0.0,3.29,5.49,2.81,0.55,NORMAL,,,,,,,,,,,,,,,,,,0.0,False
1914,IL&FSTRANS,2026-09-30,1.92,2.35,2.06,-18.46,False,False,False,False,43.49,0.32,3.25,1.75,-40.92,9.71,0,NORMAL,,,,,0,0,NOT A RECOVERY,False,,,,,False,False,0,NORMAL,,0,,False,0.0,2.14,11.31,1.73,1.13,NORMAL,,,,,,,,,,,,,,,,,,0.0,False
1915,SHRADHA,2026-09-30,30.5,35.41,32.47,-13.86,False,False,False,False,45.03,0.05,51.81,26.34,-41.13,15.79,0,NORMAL,,,,,0,0,NOT A RECOVERY,False,,48.41,2025-10-23,-37.0,False,False,0,NORMAL,,0,,False,0.0,34.06,11.66,27.45,1.17,NORMAL,,,,,,,,,,,,,,,,,,0.0,False
1916,EXXARO,2026-09-30,6.07,6.85,6.31,-11.45,False,False,False,False,38.43,0.28,10.33,5.99,-41.24,1.34,0,NORMAL,,,,,0,0,NOT A RECOVERY,False,,8.4,2025-12-23,-27.74,False,False,0,NORMAL,,0,,False,0.0,6.44,6.05,5.46,0.6,NORMAL,,,,,,,,,,,,,,,,,,0.0,False
1917,MOIL,2026-09-30,237.76,295.98,259.09,-19.67,False,False,False,False,37.26,0.76,404.9,234.06,-41.28,1.58,0,NORMAL,,,,,0,0,NOT A RECOVERY,False,,405.6,2025-06-10,-41.38,False,False,0,NORMAL,,0,,False,0.0,250.45,5.34,213.98,0.53,NORMAL,,,,,,,,,,,,,,,,,,0.0,False
1918,SUNTECK,2026-09-30,277.4,335.46,296.45,-17.31,False,False,False,False,38.2,0.58,472.5,268.55,-41.29,3.3,0,NORMAL,,,,,0,0,NOT A RECOVERY,False,,478.75,2025-06-09,-42.06,False,False,0,NORMAL,,0,,False,0.0,295.03,6.35,249.66,0.64,NORMAL,,,,,,,,,,,,,,,,,,0.0,False
1919,HITECH,2026-09-30,72.61,84.33,79.14,-13.9,False,False,False,False,37.14,0.46,123.8,70.14,-41.35,3.52,0,NORMAL,,,,,0,0,NOT A RECOVERY,False,,123.8,2025-10-09,-41.35,False,False,0,NORMAL,,0,,False,0.0,76.56,5.44,65.35,0.54,NORMAL,,,,,,,,,,,,,,,,,,0.0,False
1920,EMAMIREAL,2026-09-30,67.43,76.36,71.96,-11.69,False,False,False,False,44.1,0.37,115.3,48.2,-41.52,39.9,0,NORMAL,,,,,0,0,NOT A RECOVERY,False,,115.3,2026-05-08,-41.52,False,False,0,NORMAL,,0,,False,0.0,73.41,8.86,60.69,0.89,NORMAL,,,,,,,,,,,,,,,,,,0.0,False
1921,ALANKIT,2026-09-30,7.83,8.71,7.98,-10.07,False,False,False,False,47.78,1.12,13.4,6.8,-41.57,15.15,0,NORMAL,,,,,0,0,NOT A RECOVERY,False,,,,,False,False,0,NORMAL,,0,,False,0.0,8.63,10.25,7.05,1.03,NORMAL,,,,,,,,,,,,,,,,,,0.0,False
1922,BOMDYEING,2026-09-30,105.62,118.75,114.24,-11.06,False,False,False,False,34.65,0.71,180.75,92.0,-41.57,14.8,0,NORMAL,,,,,0,0,NOT A RECOVERY,False,,180.75,2025-10-06,-41.57,False,False,0,NORMAL,,0,,False,0.0,111.41,5.48,95.06,0.55,NORMAL,,,,,,,,,,,,,,,,,,0.0,False
1923,DBREALTY,2026-09-30,96.52,110.49,105.37,-12.65,False,False,False,False,39.97,1.04,165.24,83.5,-41.59,15.59,0,NORMAL,,,,,0,0,NOT A RECOVERY,False,,148.3,2026-05-08,-34.92,False,False,0,NORMAL,,0,,False,0.0,103.9,7.64,86.87,0.76,NORMAL,,,,,,,,,,,,,,,,,,0.0,False
1924,LFIC,2026-09-30,131.22,142.09,138.31,-7.65,False,False,False,False,42.67,0.1,224.85,111.0,-41.64,18.22,0,NORMAL,,,,,0,0,NOT A RECOVERY,False,,183.95,2025-12-26,-28.67,False,False,0,NORMAL,,0,,False,0.0,145.37,10.78,118.1,1.08,NORMAL,,,,,,,,,,,,,,,,,,0.0,False
1925,NDTV,2026-09-30,69.14,79.81,73.85,-13.37,False,False,False,False,35.55,0.58,118.51,58.75,-41.66,17.69,0,NORMAL,,,,,0,0,NOT A RECOVERY,False,,179.0,2024-12-12,-61.37,False,False,0,NORMAL,,0,,False,0.0,73.51,6.31,62.23,0.63,NORMAL,,,,,,,,,,,,,,,,,,0.0,False
1926,ENIL,2026-09-30,95.59,108.9,102.38,-12.22,False,False,False,False,31.92,0.58,163.9,95.05,-41.68,0.57,0,NORMAL,,,,,0,0,NOT A RECOVERY,False,,174.58,2025-08-28,-45.25,False,False,0,NORMAL,,0,,False,0.0,101.15,5.81,86.03,0.58,NORMAL,,,,,,,,,,,,,,,,,,0.0,False
1927,AROGRANITE,2026-09-30,23.28,26.17,24.55,-11.04,False,False,False,False,43.91,0.31,40.0,18.67,-41.8,24.69,0,NORMAL,,,,,0,0,NOT A RECOVERY,False,,50.99,2025-01-06,-54.34,False,False,0,NORMAL,,0,,False,0.0,26.13,12.26,20.95,1.23,NORMAL,,,,,,,,,,,,,,,,,,0.0,False
1928,CAPACITE,2026-09-30,182.89,229.14,206.73,-20.18,False,False,False,False,33.0,0.35,314.25,180.0,-41.8,1.61,0,NORMAL,,,,,0,0,NOT A RECOVERY,False,,314.25,2025-11-17,-41.8,False,False,0,NORMAL,,0,,False,0.0,194.1,6.13,164.6,0.61,NORMAL,,,,,,,,,,,,,,,,,,0.0,False
1929,WIPRO,2026-09-30,158.5,200.87,175.94,-21.09,False,False,False,False,29.72,0.89,273.1,156.79,-41.96,1.09,0,NORMAL,,,,,0,0,NOT A RECOVERY,False,,273.1,2025-12-22,-41.96,False,False,0,NORMAL,,0,,False,0.0,165.2,4.23,142.65,0.42,NORMAL,,,,,,,,,,,,,,,,,,0.0,False
1930,TRIGYN,2026-09-30,53.1,56.46,55.78,-5.95,False,False,False,False,42.37,0.3,91.6,37.55,-42.03,41.41,0,NORMAL,,,,,0,0,NOT A RECOVERY,False,,71.4,2025-12-24,-25.63,False,False,0,NORMAL,,0,,False,0.0,58.89,10.91,47.79,1.09,NORMAL,,,,,,,,,,,,,,,,,,0.0,False
1931,KNRCON,2026-09-30,118.58,131.44,125.02,-9.78,False,False,False,False,42.92,0.3,204.6,108.65,-42.04,9.14,0,NORMAL,,,,,0,0,NOT A RECOVERY,False,,186.0,2025-12-26,-36.25,False,False,0,NORMAL,,0,,False,0.0,126.6,6.77,106.72,0.68,NORMAL,,,,,,,,,,,,,,,,,,0.0,False
1932,HAPPSTMNDS,2026-09-30,310.6,383.95,371.46,-19.1,False,False,False,False,28.68,0.59,535.95,303.3,-42.05,2.41,0,NORMAL,,,,,0,0,NOT A RECOVERY,False,,498.4,2025-12-22,-37.68,False,False,0,NORMAL,,0,,False,0.0,326.03,4.97,279.54,0.5,NORMAL,,,,,,,,,,,,,,,,,,0.0,False
1933,INOXGREEN,2026-09-30,161.07,177.94,176.42,-9.48,False,False,False,False,33.05,0.32,279.0,132.58,-42.27,21.49,0,NORMAL,,,,,0,0,NOT A RECOVERY,False,,265.3,2025-11-10,-39.29,False,False,0,NORMAL,,0,,False,0.0,172.52,7.11,144.96,0.71,NORMAL,,,,,,,,,,,,,,,,,,0.0,False
1934,RTNPOWER,2026-09-30,6.89,8.72,7.8,-20.97,False,False,False,False,27.38,0.64,11.94,6.71,-42.29,2.68,0,NORMAL,,,,,0,0,NOT A RECOVERY,False,,16.92,2025-07-11,-59.28,False,False,0,NORMAL,,0,,False,0.0,7.24,5.14,6.2,0.51,NORMAL,,,,,,,,,,,,,,,,,,0.0,False
1935,BSL,2026-09-30,118.28,129.12,122.7,-8.39,False,False,False,False,40.56,0.14,205.0,98.0,-42.3,20.69,0,NORMAL,,,,,0,0,NOT A RECOVERY,False,,208.0,2025-09-02,-43.13,False,False,0,NORMAL,,0,,False,0.0,127.33,7.65,106.45,0.77,NORMAL,,,,,,,,,,,,,,,,,,0.0,False
1936,UNIINFO,2026-09-30,10.94,12.83,11.6,-14.73,False,False,False,False,41.61,0.64,18.98,9.36,-42.36,16.88,0,NORMAL,,,,,0,0,NOT A RECOVERY,False,,,,,False,False,0,NORMAL,,0,,False,0.0,11.99,9.62,9.85,0.96,NORMAL,,,,,,,,,,,,,,,,,,0.0,False
1937,KEEPLEARN,2026-09-30,1.85,2.03,1.9,-8.66,False,False,False,False,46.81,1.14,3.21,1.51,-42.37,22.52,0,NORMAL,,,,,0,0,NOT A RECOVERY,False,,,,,False,False,0,NORMAL,,0,,False,0.0,2.06,11.12,1.67,1.11,NORMAL,,,,,,,,,,,,,,,,,,0.0,False
1938,SUBROS,2026-09-30,699.35,768.5,742.26,-9.0,False,False,False,False,41.99,0.52,1213.7,622.1,-42.38,12.42,0,NORMAL,,,,,0,0,NOT A RECOVERY,False,,921.0,2026-01-05,-24.07,False,False,0,NORMAL,,0,,False,0.0,740.26,5.85,629.41,0.59,NORMAL,,,,,,,,,,,,,,,,,,0.0,False
1939,ACCURACY,2026-09-30,4.26,5.01,4.58,-15.02,False,False,False,False,39.91,0.53,7.4,3.4,-42.43,25.29,0,NORMAL,,,,,0,0,NOT A RECOVERY,False,,7.24,2025-09-30,-41.16,False,False,0,NORMAL,,0,,False,0.0,4.72,10.83,3.83,1.08,NORMAL,,,,,,,,,,,,,,,,,,0.0,False
1940,IRIS,2026-09-30,223.38,254.45,244.79,-12.21,False,False,False,False,37.17,0.4,388.1,203.0,-42.44,10.04,0,NORMAL,,,,,0,0,NOT A RECOVERY,False,,324.0,2025-12-23,-31.06,False,False,0,NORMAL,,0,,False,0.0,244.28,9.36,201.04,0.94,NORMAL,,,,,,,,,,,,,,,,,,0.0,False
1941,JYOTISTRUC,2026-09-30,8.9,11.05,10.28,-19.48,False,False,False,False,35.57,0.69,15.49,7.94,-42.54,12.09,0,NORMAL,,,,,0,0,NOT A RECOVERY,False,,14.47,2026-06-04,-38.49,False,False,0,NORMAL,,0,,False,0.0,9.64,8.33,8.01,0.83,NORMAL,,,,,,,,,,,,,,,,,,0.0,False
1942,JYOTHYLAB,2026-09-30,186.7,224.35,200.62,-16.78,False,False,False,False,33.12,0.72,325.0,183.29,-42.55,1.86,0,NORMAL,,,,,0,0,NOT A RECOVERY,False,,,,,False,False,0,NORMAL,,0,,False,0.0,194.04,3.93,168.03,0.39,NORMAL,,,,,,,,,,,,,,,,,,0.0,False
1943,MARATHON,2026-09-30,389.15,443.58,401.8,-12.27,False,False,False,False,39.19,0.26,678.05,344.05,-42.61,13.11,0,NORMAL,,,,,0,0,NOT A RECOVERY,False,,560.95,2025-12-31,-30.63,False,False,0,NORMAL,,0,,False,0.0,416.92,7.14,350.23,0.71,NORMAL,,,,,,,,,,,,,,,,,,0.0,False
1944,ISHANCH,2026-09-30,47.82,56.73,48.06,-15.71,False,False,False,False,49.45,1.09,83.37,41.71,-42.64,14.65,0,NORMAL,,,,,0,0,NOT A RECOVERY,False,,83.37,2025-10-13,-42.64,False,False,0,NORMAL,,0,,False,0.0,54.94,14.88,43.04,1.49,NORMAL,,,,,,,,,,,,,,,,,,0.0,False
1945,BSOFT,2026-09-30,271.7,347.88,295.0,-21.9,False,False,False,False,36.65,1.19,474.0,267.4,-42.68,1.61,0,NORMAL,,,,,0,0,NOT A RECOVERY,False,,474.0,2026-02-11,-42.68,False,False,0,NORMAL,,0,,False,0.0,285.86,5.21,244.53,0.52,NORMAL,,,,,,,,,,,,,,,,,,0.0,False
1946,DHANUKA,2026-09-30,928.35,1054.32,992.64,-11.95,False,False,False,False,32.6,1.06,1620.4,889.6,-42.71,4.36,0,NORMAL,,,,,0,0,NOT A RECOVERY,False,,1975.0,2025-08-01,-52.99,False,False,0,NORMAL,,0,,False,0.0,975.62,5.09,835.51,0.51,NORMAL,,,,,,,,,,,,,,,,,,0.0,False
1947,FOCUS,2026-09-30,56.52,73.6,65.57,-23.21,False,False,False,False,26.98,0.46,98.87,56.26,-42.83,0.46,0,NORMAL,,,,,0,0,NOT A RECOVERY,False,,97.0,2026-06-08,-41.73,False,False,0,NORMAL,,0,,False,0.0,60.9,7.75,50.87,0.77,NORMAL,,,,,,,,,,,,,,,,,,0.0,False
1948,MONEYBOXX,2026-09-30,52.28,62.94,55.34,-16.94,False,False,False,False,49.07,0.2,91.5,35.85,-42.86,45.83,0,NORMAL,,,,,0,0,NOT A RECOVERY,False,,,,,False,False,0,NORMAL,,0,,False,0.0,59.27,13.37,47.05,1.34,NORMAL,,,,,,,,,,,,,,,,,,0.0,False
1949,SAGCEM,2026-09-30,148.64,180.3,162.79,-17.56,False,False,False,False,36.55,0.38,260.15,141.52,-42.86,5.03,0,NORMAL,,,,,0,0,NOT A RECOVERY,False,,299.4,2025-09-05,-50.35,False,False,0,NORMAL,,0,,False,0.0,157.37,5.88,133.78,0.59,NORMAL,,,,,,,,,,,,,,,,,,0.0,False
1950,MOKSH,2026-09-30,9.51,12.0,10.3,-20.73,False,False,False,False,35.69,0.3,16.65,8.11,-42.88,17.26,0,NORMAL,,,,,0,0,NOT A RECOVERY,False,,16.65,2025-12-19,-42.88,False,False,0,NORMAL,,0,,False,0.0,10.32,8.55,8.56,0.85,NORMAL,,,,,,,,,,,,,,,,,,0.0,False
1951,OMINFRAL,2026-09-30,77.11,87.28,83.82,-11.66,False,False,False,False,31.19,0.83,135.0,71.5,-42.88,7.85,0,NORMAL,,,,,0,0,NOT A RECOVERY,False,,159.89,2025-02-01,-51.77,False,False,0,NORMAL,,0,,False,0.0,83.21,7.91,69.4,0.79,NORMAL,,,,,,,,,,,,,,,,,,0.0,False
1952,TTML,2026-09-30,34.3,41.69,37.58,-17.72,False,False,False,False,37.9,0.58,60.08,31.22,-42.91,9.87,0,NORMAL,,,,,0,0,NOT A RECOVERY,False,,,,,False,False,0,NORMAL,,0,,False,0.0,37.08,8.1,30.87,0.81,NORMAL,,,,,,,,,,,,,,,,,,0.0,False
1953,UNIECOM,2026-09-30,83.9,94.76,85.24,-11.46,False,False,False,False,49.22,0.21,147.0,78.51,-42.93,6.87,0,NORMAL,,,,,0,0,NOT A RECOVERY,False,,155.8,2025-09-04,-46.15,False,False,0,NORMAL,,0,,False,0.0,90.41,7.76,75.51,0.78,NORMAL,,,,,,,,,,,,,,,,,,0.0,False
1954,RUSTOMJEE,2026-09-30,361.2,418.69,373.65,-13.73,False,False,False,False,47.88,0.14,634.0,331.9,-43.03,8.83,0,NORMAL,,,,,0,0,NOT A RECOVERY,False,,697.0,2025-07-02,-48.18,False,False,0,NORMAL,,0,,False,0.0,384.09,6.34,325.08,0.63,NORMAL,,,,,,,,,,,,,,,,,,0.0,False
1955,WSI,2026-09-30,54.04,70.06,59.64,-22.86,False,False,False,False,34.37,0.92,95.0,53.8,-43.12,0.45,0,NORMAL,,,,,0,0,NOT A RECOVERY,False,,101.49,2025-07-04,-46.75,False,False,0,NORMAL,,0,,False,0.0,60.27,11.53,48.64,1.15,NORMAL,,,,,,,,,,,,,,,,,,0.0,False
1956,SWANCORP,2026-09-30,280.2,346.63,299.2,-19.17,False,False,False,False,35.36,0.24,493.6,273.65,-43.23,2.39,0,NORMAL,,,,,0,0,NOT A RECOVERY,False,,526.7,2025-07-16,-46.8,False,False,0,NORMAL,,0,,False,0.0,298.58,6.56,252.18,0.66,NORMAL,,,,,,,,,,,,,,,,,,0.0,False
1957,PRECAM,2026-09-30,116.78,142.37,128.53,-17.97,False,False,False,False,37.85,0.44,205.9,103.98,-43.28,12.31,0,NORMAL,,,,,0,0,NOT A RECOVERY,False,,262.0,2025-09-09,-55.43,False,False,0,NORMAL,,0,,False,0.0,125.63,7.58,105.1,0.76,NORMAL,,,,,,,,,,,,,,,,,,0.0,False
1958,GALLANTT,2026-09-30,537.5,622.12,569.49,-13.6,False,False,False,False,39.33,0.54,948.0,496.25,-43.3,8.31,0,NORMAL,,,,,0,0,NOT A RECOVERY,False,,948.0,2026-04-16,-43.3,False,False,0,NORMAL,,0,,False,0.0,573.9,6.77,483.75,0.68,NORMAL,,,,,,,,,,,,,,,,,,0.0,False
1959,BHANDARI,2026-09-30,2.89,3.23,2.95,-10.55,False,False,False,False,34.56,0.77,5.13,2.0,-43.66,44.5,0,NORMAL,,,,,0,0,NOT A RECOVERY,False,,,,,False,False,0,NORMAL,,0,,False,0.0,3.0,3.86,2.6,0.39,NORMAL,,,,,,,,,,,,,,,,,,0.0,False
1960,CMSINFO,2026-09-30,221.45,291.26,249.05,-23.97,False,False,False,False,32.04,0.72,393.3,220.99,-43.69,0.21,0,NORMAL,,,,,0,0,NOT A RECOVERY,False,,556.9,2024-12-11,-60.24,False,False,0,NORMAL,,0,,False,0.0,235.78,6.47,199.3,0.65,NORMAL,,,,,,,,,,,,,,,,,,0.0,False
1961,SALZERELEC,2026-09-30,536.4,611.78,561.49,-12.32,False,False,False,False,39.84,0.46,952.5,488.8,-43.69,9.74,0,NORMAL,,,,,0,0,NOT A RECOVERY,False,,952.5,2025-10-10,-43.69,False,False,0,NORMAL,,0,,False,0.0,570.94,6.44,482.76,0.64,NORMAL,,,,,,,,,,,,,,,,,,0.0,False
1962,AJOONI,2026-09-30,3.13,4.05,3.65,-22.81,False,False,False,False,29.18,0.4,5.57,3.02,-43.81,3.64,0,NORMAL,,,,,0,0,NOT A RECOVERY,False,,,,,False,False,0,NORMAL,,0,,False,0.0,3.41,8.81,2.82,0.88,NORMAL,,,,,,,,,,,,,,,,,,0.0,False
1963,HPL,2026-09-30,269.05,339.06,308.42,-20.65,False,False,False,False,26.38,0.66,479.9,255.55,-43.94,5.28,0,NORMAL,,,,,0,0,NOT A RECOVERY,False,,479.9,2025-11-17,-43.94,False,False,0,NORMAL,,0,,False,0.0,285.95,6.28,242.14,0.63,NORMAL,,,,,,,,,,,,,,,,,,0.0,False
1964,NILASPACES,2026-09-30,11.19,13.28,12.21,-15.74,False,False,False,False,33.93,0.34,19.97,10.88,-43.97,2.85,0,NORMAL,,,,,0,0,NOT A RECOVERY,False,,20.47,2025-09-26,-45.33,False,False,0,NORMAL,,0,,False,0.0,12.31,10.05,10.07,1.0,NORMAL,,,,,,,,,,,,,,,,,,0.0,False
1965,SURAJLTD,2026-09-30,195.0,228.6,209.07,-14.7,False,False,False,False,41.24,0.0,348.65,190.3,-44.07,2.47,0,NORMAL,,,,,0,0,NOT A RECOVERY,False,,,,,False,False,0,NORMAL,,0,,False,0.0,207.22,6.27,175.5,0.63,NORMAL,,,,,,,,,,,,,,,,,,0.0,False
1966,JISLDVREQS,2026-09-30,19.14,23.16,21.24,-17.36,False,False,False,False,29.6,0.19,34.23,18.5,-44.08,3.46,0,NORMAL,,,,,0,0,NOT A RECOVERY,False,,36.49,2025-02-06,-47.55,False,False,0,NORMAL,,0,,False,0.0,21.17,10.59,17.23,1.06,NORMAL,,,,,,,,,,,,,,,,,,0.0,False
1967,SBGLP,2026-09-30,22.84,27.6,24.15,-17.26,False,False,False,False,46.81,0.23,40.9,18.35,-44.16,24.47,0,NORMAL,,,,,0,0,NOT A RECOVERY,False,,48.73,2025-06-13,-53.13,False,False,0,NORMAL,,0,,False,0.0,28.07,22.88,20.56,2.29,NORMAL,,,,,,,,,,,,,,,,,,0.0,False
1968,AHLADA,2026-09-30,37.09,42.56,37.61,-12.84,False,False,False,False,47.83,0.16,66.44,31.22,-44.18,18.8,0,NORMAL,,,,,0,0,NOT A RECOVERY,False,,,,,False,False,0,NORMAL,,0,,False,0.0,42.54,14.7,33.38,1.47,NORMAL,,,,,,,,,,,,,,,,,,0.0,False
1969,SHARDACROP,2026-09-30,723.5,928.57,785.99,-22.08,False,False,False,False,34.16,0.6,1297.0,716.0,-44.22,1.05,0,NORMAL,,,,,0,0,NOT A RECOVERY,False,,1297.0,2026-02-13,-44.22,False,False,0,NORMAL,,0,,False,0.0,758.01,4.77,651.15,0.48,NORMAL,,,,,,,,,,,,,,,,,,0.0,False
1970,ARENTERP,2026-09-30,33.9,39.3,37.0,-13.74,False,False,False,False,46.11,0.11,60.79,27.6,-44.23,22.83,0,NORMAL,,,,,0,0,NOT A RECOVERY,False,,60.79,2025-12-01,-44.23,False,False,0,NORMAL,,0,,False,0.0,39.07,15.24,30.51,1.52,NORMAL,,,,,,,,,,,,,,,,,,0.0,False
1971,INFOBEAN,2026-09-30,143.5,172.89,158.25,-17.0,False,False,False,False,28.91,0.65,257.5,116.5,-44.27,23.18,0,NORMAL,,,,,0,0,NOT A RECOVERY,False,,257.5,2026-01-07,-44.27,False,False,0,NORMAL,,0,,False,0.0,151.0,5.23,129.15,0.52,NORMAL,,,,,,,,,,,,,,,,,,0.0,False
1972,INNOVANA,2026-09-30,292.55,355.56,314.21,-17.72,False,False,False,False,40.93,0.69,524.95,283.1,-44.27,3.34,0,NORMAL,,,,,0,0,NOT A RECOVERY,False,,649.5,2025-07-10,-54.96,False,False,0,NORMAL,,0,,False,0.0,323.03,10.42,263.29,1.04,NORMAL,,,,,,,,,,,,,,,,,,0.0,False
1973,CELEBRITY,2026-09-30,6.66,7.59,6.83,-12.24,False,False,False,False,47.22,0.69,11.97,5.65,-44.36,17.88,0,NORMAL,,,,,0,0,NOT A RECOVERY,False,,18.47,2024-12-20,-63.94,False,False,0,NORMAL,,0,,False,0.0,7.45,11.8,5.99,1.18,NORMAL,,,,,,,,,,,,,,,,,,0.0,False
1974,SAMPANN,2026-09-30,24.17,28.58,25.72,-15.43,False,False,False,False,43.6,0.21,43.44,23.07,-44.36,4.77,0,NORMAL,,,,,0,0,NOT A RECOVERY,False,,43.44,2025-11-06,-44.36,False,False,0,NORMAL,,0,,False,0.0,26.83,11.02,21.75,1.1,NORMAL,,,,,,,,,,,,,,,,,,0.0,False
1975,FOODSIN,2026-09-30,50.92,58.66,54.26,-13.19,False,False,False,False,37.96,0.58,91.54,44.0,-44.37,15.73,0,NORMAL,,,,,0,0,NOT A RECOVERY,False,,129.33,2024-12-12,-60.63,False,False,0,NORMAL,,0,,False,0.0,55.06,8.12,45.83,0.81,NORMAL,,,,,,,,,,,,,,,,,,0.0,False
1976,JKLAKSHMI,2026-09-30,492.3,632.05,536.19,-22.11,False,False,False,False,33.38,0.77,884.95,482.05,-44.37,2.13,0,NORMAL,,,,,0,0,NOT A RECOVERY,False,,1021.2,2025-07-22,-51.79,False,False,0,NORMAL,,0,,False,0.0,516.61,4.94,443.07,0.49,NORMAL,,,,,,,,,,,,,,,,,,0.0,False
1977,RCOM,2026-09-30,0.84,0.94,0.85,-10.5,False,False,False,False,41.74,0.99,1.51,0.75,-44.37,12.0,0,NORMAL,,,,,0,0,NOT A RECOVERY,False,,1.16,2026-01-29,-27.59,False,False,0,NORMAL,,0,,False,0.0,0.93,11.22,0.76,1.12,NORMAL,,,,,,,,,,,,,,,,,,0.0,False
1978,LAXMIDENTL,2026-09-30,191.42,210.94,202.69,-9.26,False,False,False,False,38.73,1.1,344.8,155.88,-44.48,22.8,0,NORMAL,,,,,0,0,NOT A RECOVERY,False,,,,,False,False,0,NORMAL,,0,,False,0.0,202.54,5.81,172.28,0.58,NORMAL,,,,,,,,,,,,,,,,,,0.0,False
1979,SHAKTIPUMP,2026-09-30,461.35,556.19,493.91,-17.05,False,False,False,False,39.56,0.43,831.05,455.0,-44.49,1.4,0,NORMAL,,,,,0,0,NOT A RECOVERY,False,,1387.0,2025-01-09,-66.74,False,False,0,NORMAL,,0,,False,0.0,487.12,5.59,415.22,0.56,NORMAL,,,,,,,,,,,,,,,,,,0.0,False
1980,COASTCORP,2026-09-30,36.97,47.72,41.87,-22.53,False,False,False,False,40.37,1.16,66.7,32.73,-44.57,12.95,0,NORMAL,,,,,0,0,NOT A RECOVERY,False,,66.7,2026-05-15,-44.57,False,False,0,NORMAL,,0,,False,0.0,40.74,10.21,33.27,1.02,NORMAL,,,,,,,,,,,,,,,,,,0.0,False
1981,HAVISHA,2026-09-30,1.34,1.48,1.35,-9.62,False,False,False,False,48.6,0.77,2.42,1.03,-44.63,30.1,0,NORMAL,,,,,0,0,NOT A RECOVERY,False,,3.05,2025-06-12,-56.07,False,False,0,NORMAL,,0,,False,0.0,1.52,13.33,1.21,1.33,NORMAL,,,,,,,,,,,,,,,,,,0.0,False
1982,RAMAPHO,2026-09-30,120.09,133.28,123.29,-9.9,False,False,False,False,45.41,0.86,217.19,103.5,-44.71,16.03,0,NORMAL,,,,,0,0,NOT A RECOVERY,False,,217.19,2025-11-10,-44.71,False,False,0,NORMAL,,0,,False,0.0,127.92,6.52,108.08,0.65,NORMAL,,,,,,,,,,,,,,,,,,0.0,False
1983,EASEMYTRIP,2026-09-30,5.86,7.1,6.18,-17.46,False,False,False,False,43.38,0.64,10.6,5.71,-44.72,2.63,0,NORMAL,,,,,0,0,NOT A RECOVERY,False,,10.6,2026-02-18,-44.72,False,False,0,NORMAL,,0,,False,0.0,6.19,5.56,5.27,0.56,NORMAL,,,,,,,,,,,,,,,,,,0.0,False
1984,ARCHIES,2026-09-30,12.39,14.81,13.3,-16.35,False,False,False,False,41.05,0.28,22.43,10.86,-44.76,14.09,0,NORMAL,,,,,0,0,NOT A RECOVERY,False,,25.4,2025-06-16,-51.22,False,False,0,NORMAL,,0,,False,0.0,13.62,9.89,11.15,0.99,NORMAL,,,,,,,,,,,,,,,,,,0.0,False
1985,FABTECH,2026-09-30,145.04,158.82,147.68,-8.68,False,False,False,False,43.47,0.63,262.8,132.7,-44.81,9.3,0,NORMAL,,,,,0,0,NOT A RECOVERY,False,,,,,False,False,0,NORMAL,,0,,False,0.0,152.36,5.04,130.54,0.5,NORMAL,,,,,,,,,,,,,,,,,,0.0,False
1986,BPL,2026-09-30,45.59,53.87,49.74,-15.37,False,False,False,False,36.97,0.71,82.7,37.61,-44.87,21.22,0,NORMAL,,,,,0,0,NOT A RECOVERY,False,,,,,False,False,0,NORMAL,,0,,False,0.0,49.79,9.21,41.03,0.92,NORMAL,,,,,,,,,,,,,,,,,,0.0,False
1987,SITINET,2026-09-30,0.27,0.33,0.29,-19.16,False,False,False,False,36.69,0.81,0.49,0.27,-44.9,0.0,0,NORMAL,,,,,0,0,NOT A RECOVERY,False,,,,,False,False,0,NORMAL,,0,,False,0.0,0.3,9.52,0.24,0.95,NORMAL,,,,,,,,,,,,,,,,,,0.0,False
1988,AARON,2026-09-30,124.68,139.39,131.19,-10.56,False,False,False,False,48.33,0.85,228.0,106.8,-45.32,16.74,0,NORMAL,,,,,0,0,NOT A RECOVERY,False,,258.0,2025-08-25,-51.67,False,False,0,NORMAL,,0,,False,0.0,138.95,11.45,112.21,1.14,NORMAL,,,,,,,,,,,,,,,,,,0.0,False
1989,MHRIL,2026-09-30,194.25,249.08,211.94,-22.01,False,False,False,False,33.27,0.41,355.5,188.21,-45.36,3.21,0,NORMAL,,,,,0,0,NOT A RECOVERY,False,,382.0,2025-07-24,-49.15,False,False,0,NORMAL,,0,,False,0.0,204.99,5.53,174.83,0.55,NORMAL,,,,,,,,,,,,,,,,,,0.0,False
1990,PRAKASHSTL,2026-09-30,3.59,4.34,3.85,-17.22,False,False,False,False,37.3,0.72,6.57,3.46,-45.36,3.76,0,NORMAL,,,,,0,0,NOT A RECOVERY,False,,7.45,2025-05-09,-51.81,False,False,0,NORMAL,,0,,False,0.0,3.95,10.07,3.23,1.01,NORMAL,,,,,,,,,,,,,,,,,,0.0,False
1991,ROUTE,2026-09-30,445.0,539.45,506.71,-17.51,False,False,False,False,29.41,0.3,815.0,410.7,-45.4,8.35,0,NORMAL,,,,,0,0,NOT A RECOVERY,False,,769.45,2025-12-18,-42.17,False,False,0,NORMAL,,0,,False,0.0,475.26,6.8,400.5,0.68,NORMAL,,,,,,,,,,,,,,,,,,0.0,False
1992,ASHAPURMIN,2026-09-30,504.15,642.55,596.69,-21.54,False,False,False,False,33.75,0.84,924.9,455.1,-45.49,10.78,0,NORMAL,,,,,0,0,NOT A RECOVERY,False,,924.9,2026-01-07,-45.49,False,False,0,NORMAL,,0,,False,0.0,539.86,7.08,453.73,0.71,NORMAL,,,,,,,,,,,,,,,,,,0.0,False
1993,INVENTURE,2026-09-30,0.86,1.0,0.9,-13.94,False,False,False,False,34.75,0.7,1.58,0.72,-45.57,19.44,0,NORMAL,,,,,0,0,NOT A RECOVERY,False,,,,,False,False,0,NORMAL,,0,,False,0.0,0.91,5.32,0.77,0.53,NORMAL,,,,,,,,,,,,,,,,,,0.0,False
1994,SWIGGY,2026-09-30,250.1,290.67,276.27,-13.96,False,False,False,False,32.18,0.35,459.95,235.75,-45.62,6.09,0,NORMAL,,,,,0,0,NOT A RECOVERY,False,,474.0,2025-09-19,-47.24,False,False,0,NORMAL,,0,,False,0.0,266.54,6.57,225.09,0.66,NORMAL,,,,,,,,,,,,,,,,,,0.0,False
1995,SANWARIA,2026-09-30,0.19,0.23,0.19,-15.84,False,False,False,False,48.38,1.05,0.35,0.18,-45.71,5.56,0,NORMAL,,,,,0,0,NOT A RECOVERY,False,,0.41,2025-06-20,-53.66,False,False,0,NORMAL,,0,,False,0.0,0.22,13.53,0.17,1.35,NORMAL,,,,,,,,,,,,,,,,,,0.0,False
1996,MAANALU,2026-09-30,100.17,133.54,115.16,-24.99,False,False,False,False,26.41,0.46,184.74,99.01,-45.78,1.17,0,NORMAL,,,,,0,0,NOT A RECOVERY,False,,184.74,2025-12-18,-45.78,False,False,0,NORMAL,,0,,False,0.0,108.59,8.4,90.15,0.84,NORMAL,,,,,,,,,,,,,,,,,,0.0,False
1997,TOKYOPLAST,2026-09-30,73.2,86.88,77.69,-15.74,False,False,False,False,41.08,1.1,135.0,53.86,-45.78,35.91,0,NORMAL,,,,,0,0,NOT A RECOVERY,False,,161.0,2025-06-02,-54.53,False,False,0,NORMAL,,0,,False,0.0,80.0,9.29,65.88,0.93,NORMAL,,,,,,,,,,,,,,,,,,0.0,False
1998,CSBBANK,2026-09-30,311.0,375.79,326.67,-17.24,False,False,False,False,39.75,0.31,574.4,295.0,-45.86,5.42,0,NORMAL,,,,,0,0,NOT A RECOVERY,False,,574.4,2026-01-05,-45.86,False,False,0,NORMAL,,0,,False,0.0,335.31,7.82,279.9,0.78,NORMAL,,,,,,,,,,,,,,,,,,0.0,False
1999,FELDVR,2026-09-30,2.02,2.66,2.26,-24.02,False,False,False,False,40.41,1.01,3.74,1.9,-45.99,6.32,0,NORMAL,,,,,0,0,NOT A RECOVERY,False,,,,,False,False,0,NORMAL,,0,,False,0.0,2.31,14.43,1.82,1.44,NORMAL,,,,,,,,,,,,,,,,,,0.0,False
2000,RUSHIL,2026-09-30,16.14,17.52,16.76,-7.86,False,False,False,False,47.57,0.21,30.0,12.49,-46.2,29.22,0,NORMAL,,,,,0,0,NOT A RECOVERY,False,,33.99,2025-09-17,-52.52,False,False,0,NORMAL,,0,,False,0.0,18.04,11.79,14.53,1.18,NORMAL,,,,,,,,,,,,,,,,,,0.0,False
2001,SYNGENE,2026-09-30,365.3,454.07,394.95,-19.55,False,False,False,False,33.22,0.57,678.95,360.4,-46.2,1.36,0,NORMAL,,,,,0,0,NOT A RECOVERY,False,,754.85,2025-04-23,-51.61,False,False,0,NORMAL,,0,,False,0.0,384.79,5.33,328.77,0.53,NORMAL,,,,,,,,,,,,,,,,,,0.0,False
2002,INDBANK,2026-09-30,25.36,33.15,29.99,-23.51,False,False,False,False,28.52,0.2,47.15,24.21,-46.21,4.75,0,NORMAL,,,,,0,0,NOT A RECOVERY,False,,42.74,2025-10-20,-40.66,False,False,0,NORMAL,,0,,False,0.0,27.57,8.72,22.82,0.87,NORMAL,,,,,,,,,,,,,,,,,,0.0,False
2003,HLVLTD,2026-09-30,6.41,7.83,6.73,-18.18,False,False,False,False,44.3,0.66,11.95,5.6,-46.36,14.46,0,NORMAL,,,,,0,0,NOT A RECOVERY,False,,,,,False,False,0,NORMAL,,0,,False,0.0,7.01,9.29,5.77,0.93,NORMAL,,,,,,,,,,,,,,,,,,0.0,False
2004,GUJENERGY,2026-09-30,237.58,345.67,258.48,-31.27,False,False,False,False,38.65,0.59,443.75,229.4,-46.46,3.57,0,NORMAL,,,,,0,0,NOT A RECOVERY,False,,443.75,2026-01-06,-46.46,False,False,0,NORMAL,,0,,False,0.0,251.69,5.94,213.82,0.59,NORMAL,,,,,,,,,,,,,,,,,,0.0,False
2005,MEIL,2026-09-30,264.85,293.64,278.77,-9.8,False,False,False,False,39.21,0.43,495.0,206.26,-46.49,28.41,0,NORMAL,,,,,0,0,NOT A RECOVERY,False,,,,,False,False,0,NORMAL,,0,,False,0.0,285.14,7.66,238.37,0.77,NORMAL,,,,,,,,,,,,,,,,,,0.0,False
2006,PIONEEREMB,2026-09-30,20.59,24.87,22.3,-17.2,False,False,False,False,36.68,0.59,38.5,19.61,-46.52,5.0,0,NORMAL,,,,,0,0,NOT A RECOVERY,False,,,,,False,False,0,NORMAL,,0,,False,0.0,23.01,11.73,18.53,1.17,NORMAL,,,,,,,,,,,,,,,,,,0.0,False
2007,SHAH,2026-09-30,3.14,4.6,3.7,-31.8,False,False,False,False,35.81,0.45,5.88,2.56,-46.6,22.66,0,NORMAL,,,,,0,0,NOT A RECOVERY,False,,5.88,2026-05-07,-46.6,False,False,0,NORMAL,,0,,False,0.0,3.35,6.69,2.83,0.67,NORMAL,,,,,,,,,,,,,,,,,,0.0,False
2008,VAKRANGEE,2026-09-30,5.14,6.4,5.72,-19.71,False,False,False,False,28.67,0.94,9.64,4.61,-46.68,11.5,0,NORMAL,,,,,0,0,NOT A RECOVERY,False,,,,,False,False,0,NORMAL,,0,,False,0.0,5.51,7.28,4.63,0.73,NORMAL,,,,,,,,,,,,,,,,,,0.0,False
2009,MKPL,2026-09-30,3.99,4.91,4.1,-18.67,False,False,False,False,45.23,0.78,7.49,3.56,-46.73,12.08,0,NORMAL,,,,,0,0,NOT A RECOVERY,False,,9.78,2025-06-17,-59.2,False,False,0,NORMAL,,0,,False,0.0,4.37,9.63,3.59,0.96,NORMAL,,,,,,,,,,,,,,,,,,0.0,False
2010,VIPCLOTHNG,2026-09-30,20.51,23.62,20.88,-13.16,False,False,False,False,43.72,0.17,38.5,14.05,-46.73,45.98,0,NORMAL,,,,,0,0,NOT A RECOVERY,False,,47.05,2025-01-06,-56.41,False,False,0,NORMAL,,0,,False,0.0,22.74,10.89,18.46,1.09,NORMAL,,,,,,,,,,,,,,,,,,0.0,False
2011,ROHLTD,2026-09-30,299.85,338.21,307.33,-11.34,False,False,False,False,45.74,0.48,562.95,269.4,-46.74,11.3,0,NORMAL,,,,,0,0,NOT A RECOVERY,False,,593.4,2025-09-02,-49.47,False,False,0,NORMAL,,0,,False,0.0,320.66,6.94,269.87,0.69,NORMAL,,,,,,,,,,,,,,,,,,0.0,False
2012,JAICORPLTD,2026-09-30,91.69,110.0,99.04,-16.65,False,False,False,False,32.9,0.77,173.4,88.0,-47.12,4.19,0,NORMAL,,,,,0,0,NOT A RECOVERY,False,,178.24,2025-09-08,-48.56,False,False,0,NORMAL,,0,,False,0.0,97.27,6.09,82.52,0.61,NORMAL,,,,,,,,,,,,,,,,,,0.0,False
2013,SUMMITSEC,2026-09-30,1318.9,1594.31,1436.04,-17.27,False,False,False,False,28.67,0.71,2495.0,1305.0,-47.14,1.07,0,NORMAL,,,,,0,0,NOT A RECOVERY,False,,2495.0,2025-10-23,-47.14,False,False,0,NORMAL,,0,,False,0.0,1390.07,5.4,1187.01,0.54,NORMAL,,,,,,,,,,,,,,,,,,0.0,False
2014,SOMICONVEY,2026-09-30,89.31,103.66,92.5,-13.85,False,False,False,False,42.36,0.3,169.4,80.16,-47.28,11.41,0,NORMAL,,,,,0,0,NOT A RECOVERY,False,,,,,False,False,0,NORMAL,,0,,False,0.0,98.08,9.82,80.38,0.98,NORMAL,,,,,,,,,,,,,,,,,,0.0,False
2015,SHIVAMAUTO,2026-09-30,17.04,18.88,17.18,-9.77,False,False,False,False,48.24,1.16,32.39,13.05,-47.39,30.57,0,NORMAL,,,,,0,0,NOT A RECOVERY,False,,25.4,2026-01-05,-32.91,False,False,0,NORMAL,,0,,False,0.0,19.66,15.36,15.34,1.54,NORMAL,,,,,,,,,,,,,,,,,,0.0,False
2016,SARVESHWAR,2026-09-30,3.49,3.76,3.53,-7.14,False,False,False,False,42.89,0.4,6.64,2.5,-47.44,39.6,0,NORMAL,,,,,0,0,NOT A RECOVERY,False,,4.8,2026-01-02,-27.29,False,False,0,NORMAL,,0,,False,0.0,3.8,8.88,3.14,0.89,NORMAL,,,,,,,,,,,,,,,,,,0.0,False
2017,HGM,2026-09-30,42.56,54.53,47.12,-21.95,False,False,False,False,38.42,0.03,81.0,40.0,-47.46,6.4,0,NORMAL,,,,,0,0,NOT A RECOVERY,False,,82.4,2025-09-15,-48.35,False,False,0,NORMAL,,0,,False,0.0,47.74,12.18,38.3,1.22,NORMAL,,,,,,,,,,,,,,,,,,0.0,False
2018,MEDIASSIST,2026-09-30,302.25,369.08,338.9,-18.11,False,False,False,False,33.54,0.79,575.55,293.0,-47.49,3.16,0,NORMAL,,,,,0,0,NOT A RECOVERY,False,,594.1,2025-08-12,-49.12,False,False,0,NORMAL,,0,,False,0.0,326.35,7.97,272.03,0.8,NORMAL,,,,,,,,,,,,,,,,,,0.0,False
2019,CPEDU,2026-09-30,177.45,200.94,192.69,-11.69,False,False,False,False,43.56,1.06,338.75,141.0,-47.62,25.85,0,NORMAL,,,,,0,0,NOT A RECOVERY,False,,,,,False,False,0,NORMAL,,0,,False,0.0,193.78,9.2,159.7,0.92,NORMAL,,,,,,,,,,,,,,,,,,0.0,False
2020,KIOCL,2026-09-30,332.3,370.4,368.6,-10.29,False,False,False,False,34.57,0.77,634.55,290.65,-47.63,14.33,0,NORMAL,,,,,0,0,NOT A RECOVERY,False,,442.0,2026-04-28,-24.82,False,False,0,NORMAL,,0,,False,0.0,355.24,6.9,299.07,0.69,NORMAL,,,,,,,,,,,,,,,,,,0.0,False
2021,ORIENTCEM,2026-09-30,118.77,142.97,129.78,-16.93,False,False,False,False,31.23,0.37,226.86,116.7,-47.65,1.77,0,NORMAL,,,,,0,0,NOT A RECOVERY,False,,,,,False,False,0,NORMAL,,0,,False,0.0,124.72,5.01,106.89,0.5,NORMAL,,,,,,,,,,,,,,,,,,0.0,False
2022,TATAINVEST,2026-09-30,620.05,662.88,658.06,-6.46,False,False,False,False,38.97,0.13,1184.7,538.85,-47.66,15.07,0,NORMAL,,,,,0,0,NOT A RECOVERY,False,,762.25,2026-04-22,-18.66,False,False,0,NORMAL,,0,,False,0.0,681.75,9.95,558.04,1.0,NORMAL,,,,,,,,,,,,,,,,,,0.0,False
2023,LAXMICOT,2026-09-30,13.01,14.93,13.64,-12.89,False,False,False,False,46.13,1.03,24.88,11.36,-47.71,14.52,0,NORMAL,,,,,0,0,NOT A RECOVERY,False,,33.0,2025-07-08,-60.58,False,False,0,NORMAL,,0,,False,0.0,14.69,12.95,11.71,1.29,NORMAL,,,,,,,,,,,,,,,,,,0.0,False
2024,ZODIAC,2026-10-01,216.91,268.56,240.54,-19.23,False,False,False,False,36.95,0.67,415.0,201.35,-47.73,7.73,0,NORMAL,,,,,0,0,NOT A RECOVERY,False,,465.0,2025-08-01,-53.35,False,False,0,NORMAL,,0,,False,0.0,237.44,9.47,195.22,0.95,NORMAL,,,,,,,,,,,,,,,,,,0.0,False
2025,HEADSUP,2026-09-30,6.75,7.46,6.86,-9.54,False,False,False,False,48.36,0.16,12.95,5.69,-47.88,18.63,0,NORMAL,,,,,0,0,NOT A RECOVERY,False,,14.48,2025-02-27,-53.38,False,False,0,NORMAL,,0,,False,0.0,7.65,13.29,6.08,1.33,NORMAL,,,,,,,,,,,,,,,,,,0.0,False
2026,ABFRL,2026-09-30,46.32,62.22,53.97,-25.55,False,False,False,False,28.37,0.81,88.99,45.97,-47.95,0.76,0,NORMAL,,,,,0,0,NOT A RECOVERY,False,,,,,False,False,0,NORMAL,,0,,False,0.0,48.88,5.52,41.69,0.55,NORMAL,,,,,,,,,,,,,,,,,,0.0,False
2027,GLOBECIVIL,2026-09-30,41.53,46.48,43.13,-10.65,False,False,False,False,38.96,0.71,80.0,33.5,-48.09,23.97,0,NORMAL,,,,,0,0,NOT A RECOVERY,False,,61.96,2025-12-16,-32.97,False,False,0,NORMAL,,0,,False,0.0,46.33,11.55,37.38,1.15,NORMAL,,,,,,,,,,,,,,,,,,0.0,False
2028,PILITA,2026-09-30,7.52,8.43,8.1,-10.77,False,False,False,False,42.52,0.84,14.49,6.2,-48.1,21.29,0,NORMAL,,,,,0,0,NOT A RECOVERY,False,,20.64,2025-06-10,-63.57,False,False,0,NORMAL,,0,,False,0.0,8.34,10.87,6.77,1.09,NORMAL,,,,,,,,,,,,,,,,,,0.0,False
2029,NOIDATOLL,2026-09-30,3.85,4.2,4.14,-8.26,False,False,False,False,43.39,0.86,7.43,2.87,-48.18,34.15,0,NORMAL,,,,,0,0,NOT A RECOVERY,False,,7.43,2026-05-22,-48.18,False,False,0,NORMAL,,0,,False,0.0,4.19,8.83,3.46,0.88,NORMAL,,,,,,,,,,,,,,,,,,0.0,False
2030,AFCONS,2026-09-30,247.8,311.42,272.7,-20.43,False,False,False,False,34.63,0.13,479.4,225.35,-48.31,9.96,0,NORMAL,,,,,0,0,NOT A RECOVERY,False,,498.7,2025-03-24,-50.31,False,False,0,NORMAL,,0,,False,0.0,277.04,11.8,223.02,1.18,NORMAL,,,,,,,,,,,,,,,,,,0.0,False
2031,DIGISPICE,2026-09-30,14.96,19.32,17.0,-22.56,False,False,False,False,28.02,0.88,28.98,14.82,-48.38,0.94,0,NORMAL,,,,,0,0,NOT A RECOVERY,False,,35.5,2025-09-16,-57.86,False,False,0,NORMAL,,0,,False,0.0,16.71,11.71,13.46,1.17,NORMAL,,,,,,,,,,,,,,,,,,0.0,False
2032,GOYALALUM,2026-09-30,5.86,6.8,6.27,-13.87,False,False,False,False,37.4,0.85,11.37,5.3,-48.46,10.57,0,NORMAL,,,,,0,0,NOT A RECOVERY,False,,11.37,2026-01-07,-48.46,False,False,0,NORMAL,,0,,False,0.0,6.6,12.63,5.27,1.26,NORMAL,,,,,,,,,,,,,,,,,,0.0,False
2033,RAYMONDLSL,2026-09-30,642.05,809.34,698.4,-20.67,False,False,False,False,38.26,0.51,1246.4,628.25,-48.49,2.2,0,NORMAL,,,,,0,0,NOT A RECOVERY,False,,1411.9,2025-06-30,-54.53,False,False,0,NORMAL,,0,,False,0.0,693.54,8.02,577.84,0.8,NORMAL,,,,,,,,,,,,,,,,,,0.0,False
2034,TIRUMALCHM,2026-09-30,151.39,185.52,161.14,-18.4,False,False,False,False,39.63,0.55,293.9,143.5,-48.49,5.5,0,NORMAL,,,,,0,0,NOT A RECOVERY,False,,328.8,2025-09-17,-53.96,False,False,0,NORMAL,,0,,False,0.0,162.79,7.53,136.25,0.75,NORMAL,,,,,,,,,,,,,,,,,,0.0,False
2035,DCAL,2026-09-30,157.47,189.99,176.92,-17.12,False,False,False,False,32.87,1.15,306.0,128.5,-48.54,22.54,0,NORMAL,,,,,0,0,NOT A RECOVERY,False,,321.95,2025-09-23,-51.09,False,False,0,NORMAL,,0,,False,0.0,170.25,8.12,141.72,0.81,NORMAL,,,,,,,,,,,,,,,,,,0.0,False
2036,GLOBALVECT,2026-09-30,127.58,166.44,146.85,-23.35,False,False,False,False,32.71,1.08,248.0,123.0,-48.56,3.72,0,NORMAL,,,,,0,0,NOT A RECOVERY,False,,248.0,2025-10-17,-48.56,False,False,0,NORMAL,,0,,False,0.0,140.83,10.39,114.82,1.04,NORMAL,,,,,,,,,,,,,,,,,,0.0,False
2037,MTNL,2026-09-30,22.97,29.35,25.98,-21.73,False,False,False,False,28.3,0.56,44.67,21.26,-48.58,8.04,0,NORMAL,,,,,0,0,NOT A RECOVERY,False,,61.87,2024-12-12,-62.87,False,False,0,NORMAL,,0,,False,0.0,24.51,6.72,20.67,0.67,NORMAL,,,,,,,,,,,,,,,,,,0.0,False
2038,KRITIKA,2026-09-30,4.91,6.05,5.43,-18.86,False,False,False,False,25.49,1.16,9.55,4.5,-48.59,9.11,0,NORMAL,,,,,0,0,NOT A RECOVERY,False,,,,,False,False,0,NORMAL,,0,,False,0.0,5.34,8.79,4.42,0.88,NORMAL,,,,,,,,,,,,,,,,,,0.0,False
2039,ZENSARTECH,2026-09-30,422.1,542.3,470.82,-22.16,False,False,False,False,36.35,0.28,822.0,416.15,-48.65,1.43,0,NORMAL,,,,,0,0,NOT A RECOVERY,False,,928.0,2025-02-07,-54.52,False,False,0,NORMAL,,0,,False,0.0,454.1,7.58,379.89,0.76,NORMAL,,,,,,,,,,,,,,,,,,0.0,False
2040,ZENITHSTL,2026-09-30,5.3,5.81,5.53,-8.8,False,False,False,False,42.14,0.44,10.33,4.41,-48.69,20.18,0,NORMAL,,,,,0,0,NOT A RECOVERY,False,,7.65,2025-12-29,-30.72,False,False,0,NORMAL,,0,,False,0.0,5.89,11.16,4.77,1.12,NORMAL,,,,,,,,,,,,,,,,,,0.0,False
2041,EFCIL,2026-09-30,172.21,212.98,188.4,-19.14,False,False,False,False,33.16,1.1,335.85,171.42,-48.72,0.46,0,NORMAL,,,,,0,0,NOT A RECOVERY,False,,,,,False,False,0,NORMAL,,0,,False,0.0,182.34,5.88,154.99,0.59,NORMAL,,,,,,,,,,,,,,,,,,0.0,False
2042,HIMATSEIDE,2026-09-30,66.4,87.46,72.21,-24.08,False,False,False,False,44.12,1.12,129.49,61.09,-48.72,8.69,0,NORMAL,,,,,0,0,NOT A RECOVERY,False,,231.3,2024-12-11,-71.29,False,False,0,NORMAL,,0,,False,0.0,72.09,8.57,59.76,0.86,NORMAL,,,,,,,,,,,,,,,,,,0.0,False
2043,BAGFILMS,2026-09-30,4.1,5.0,4.41,-18.08,False,False,False,False,32.25,0.59,8.0,3.61,-48.75,13.57,0,NORMAL,,,,,0,0,NOT A RECOVERY,False,,8.0,2025-10-23,-48.75,False,False,0,NORMAL,,0,,False,0.0,4.49,9.41,3.69,0.94,NORMAL,,,,,,,,,,,,,,,,,,0.0,False
2044,AGROPHOS,2026-09-30,23.48,31.53,26.18,-25.53,False,False,False,False,38.18,0.7,45.89,21.0,-48.83,11.81,0,NORMAL,,,,,0,0,NOT A RECOVERY,False,,47.6,2025-07-31,-50.67,False,False,0,NORMAL,,0,,False,0.0,26.11,11.19,21.13,1.12,NORMAL,,,,,,,,,,,,,,,,,,0.0,False
2045,WEBELSOLAR,2026-09-30,70.56,87.01,82.43,-18.9,False,False,False,False,33.6,0.51,137.9,50.4,-48.83,40.0,0,NORMAL,,,,,0,0,NOT A RECOVERY,False,,128.31,2026-04-29,-45.01,False,False,0,NORMAL,,0,,False,0.0,75.72,7.31,63.5,0.73,NORMAL,,,,,,,,,,,,,,,,,,0.0,False
2046,CRIZAC,2026-09-30,170.12,212.99,178.82,-20.13,False,False,False,False,43.04,0.3,333.0,159.95,-48.91,6.36,0,NORMAL,,,,,0,0,NOT A RECOVERY,False,,,,,False,False,0,NORMAL,,0,,False,0.0,185.12,8.82,153.11,0.88,NORMAL,,,,,,,,,,,,,,,,,,0.0,False
2047,DPSCLTD,2026-09-30,6.8,8.42,7.2,-19.25,False,False,False,False,35.16,1.15,13.31,6.71,-48.91,1.34,0,NORMAL,,,,,0,0,NOT A RECOVERY,False,,,,,False,False,0,NORMAL,,0,,False,0.0,7.35,8.11,6.12,0.81,NORMAL,,,,,,,,,,,,,,,,,,0.0,False
2048,AHLUCONT,2026-09-30,550.05,798.18,687.02,-31.09,False,False,False,False,24.29,1.09,1077.95,542.8,-48.97,1.34,0,NORMAL,,,,,0,0,NOT A RECOVERY,False,,1077.95,2025-11-18,-48.97,False,False,0,NORMAL,,0,,False,0.0,588.4,6.97,495.04,0.7,NORMAL,,,,,,,,,,,,,,,,,,0.0,False
2049,BESTAGRO,2026-09-30,17.53,18.53,18.42,-5.4,False,False,False,False,40.69,0.78,34.4,12.3,-49.04,42.52,0,NORMAL,,,,,0,0,NOT A RECOVERY,False,,34.4,2026-01-16,-49.04,False,False,0,NORMAL,,0,,False,0.0,19.11,9.01,15.78,0.9,NORMAL,,,,,,,,,,,,,,,,,,0.0,False
2050,KARMAENG,2026-09-30,37.43,42.74,38.72,-12.41,False,False,False,False,42.47,0.07,73.7,34.38,-49.21,8.87,0,NORMAL,,,,,0,0,NOT A RECOVERY,False,,73.7,2025-09-25,-49.21,False,False,0,NORMAL,,0,,False,0.0,42.75,14.21,33.69,1.42,NORMAL,,,,,,,,,,,,,,,,,,0.0,False
2051,PIGL,2026-09-30,96.34,109.29,103.56,-11.85,False,False,False,False,40.31,0.52,189.7,88.05,-49.21,9.42,0,NORMAL,,,,,0,0,NOT A RECOVERY,False,,,,,False,False,0,NORMAL,,0,,False,0.0,105.14,9.13,86.71,0.91,NORMAL,,,,,,,,,,,,,,,,,,0.0,False
2052,ATAM,2026-09-30,56.34,67.9,59.39,-17.02,False,False,False,False,46.87,0.6,111.0,48.5,-49.24,16.16,0,NORMAL,,,,,0,0,NOT A RECOVERY,False,,128.0,2025-06-11,-55.98,False,False,0,NORMAL,,0,,False,0.0,64.01,13.62,50.71,1.36,NORMAL,,,,,,,,,,,,,,,,,,0.0,False
2053,ABLBL,2026-09-30,76.52,100.44,86.79,-23.82,False,False,False,False,19.35,1.1,150.79,75.06,-49.25,1.95,0,NORMAL,,,,,0,0,NOT A RECOVERY,False,,,,,False,False,0,NORMAL,,0,,False,0.0,80.87,5.69,68.87,0.57,NORMAL,,,,,,,,,,,,,,,,,,0.0,False
2054,VIKASECO,2026-09-30,1.03,1.32,1.08,-21.7,False,False,False,False,36.56,0.68,2.04,0.99,-49.51,4.04,0,NORMAL,,,,,0,0,NOT A RECOVERY,False,,,,,False,False,0,NORMAL,,0,,False,0.0,1.08,4.44,0.93,0.44,NORMAL,,,,,,,,,,,,,,,,,,0.0,False
2055,FINKURVE,2026-09-30,67.92,72.93,68.75,-6.87,False,False,False,False,42.72,0.33,134.9,48.02,-49.65,41.44,0,NORMAL,,,,,0,0,NOT A RECOVERY,False,,104.0,2026-02-06,-34.69,False,False,0,NORMAL,,0,,False,0.0,76.0,11.89,61.13,1.19,NORMAL,,,,,,,,,,,,,,,,,,0.0,False
2056,SAKUMA,2026-09-30,1.56,1.81,1.61,-14.03,False,False,False,False,45.22,0.79,3.1,1.1,-49.68,41.82,0,NORMAL,,,,,0,0,NOT A RECOVERY,False,,3.81,2025-04-29,-59.06,False,False,0,NORMAL,,0,,False,0.0,1.7,8.88,1.4,0.89,NORMAL,,,,,,,,,,,,,,,,,,0.0,False
2057,CEWATER,2026-09-30,259.6,321.64,273.09,-19.29,False,False,False,False,41.62,0.21,516.5,235.0,-49.74,10.47,0,NORMAL,,,,,0,0,NOT A RECOVERY,False,,516.5,2025-10-06,-49.74,False,False,0,NORMAL,,0,,False,0.0,284.02,9.41,233.64,0.94,NORMAL,,,,,,,,,,,,,,,,,,0.0,False
2058,ASHOKA,2026-09-30,107.75,131.05,115.38,-17.78,False,False,False,False,34.32,0.72,214.5,101.0,-49.77,6.68,0,NORMAL,,,,,0,0,NOT A RECOVERY,False,,230.8,2025-06-06,-53.31,False,False,0,NORMAL,,0,,False,0.0,113.95,5.75,96.98,0.58,NORMAL,,,,,,,,,,,,,,,,,,0.0,False
2059,RHETAN,2026-09-30,17.51,25.95,23.91,-32.54,False,False,False,False,38.15,1.05,34.87,14.42,-49.78,21.43,0,NORMAL,,,,,0,0,NOT A RECOVERY,False,,34.87,2026-08-11,-49.78,False,False,0,NORMAL,,0,,False,0.0,19.43,10.95,15.76,1.09,NORMAL,,,,,,,,,,,,,,,,,,0.0,False
2060,AURIONPRO,2026-09-30,622.1,846.82,706.7,-26.54,False,False,False,False,28.22,1.01,1240.0,620.0,-49.83,0.34,0,NORMAL,,,,,0,0,NOT A RECOVERY,False,,1923.75,2024-12-20,-67.66,False,False,0,NORMAL,,0,,False,0.0,669.76,7.66,559.89,0.77,NORMAL,,,,,,,,,,,,,,,,,,0.0,False
2061,BALAXI,2026-09-30,22.78,23.9,23.6,-4.68,False,False,False,False,45.06,0.2,45.45,15.2,-49.88,49.87,0,NORMAL,,,,,0,0,NOT A RECOVERY,False,,30.65,2025-12-22,-25.68,False,False,0,NORMAL,,0,,False,0.0,25.35,11.3,20.5,1.13,NORMAL,,,,,,,,,,,,,,,,,,0.0,False
2062,JISLJALEQS,2026-09-30,27.93,32.89,29.28,-15.07,False,False,False,False,40.85,0.32,55.79,26.11,-49.94,6.97,0,NORMAL,,,,,0,0,NOT A RECOVERY,False,,,,,False,False,0,NORMAL,,0,,False,0.0,30.3,8.5,25.14,0.85,NORMAL,,,,,,,,,,,,,,,,,,0.0,False
2063,SULA,2026-09-30,133.3,165.94,147.28,-19.67,False,False,False,False,34.52,0.34,266.65,131.55,-50.01,1.33,0,NORMAL,,,,,0,0,NOT A RECOVERY,False,,,,,False,False,0,NORMAL,,0,,False,0.0,140.61,5.49,119.97,0.55,NORMAL,,,,,,,,,,,,,,,,,,0.0,False
2064,BATAINDIA,2026-09-30,618.75,743.14,680.49,-16.74,False,False,False,False,27.4,0.4,1238.0,605.0,-50.02,2.27,0,NORMAL,,,,,0,0,NOT A RECOVERY,False,,1479.0,2025-01-06,-58.16,False,False,0,NORMAL,,0,,False,0.0,644.21,4.11,556.88,0.41,NORMAL,,,,,,,,,,,,,,,,,,0.0,False
2065,UNITECH,2026-09-30,3.96,4.7,4.09,-15.81,False,False,False,False,44.7,0.48,7.93,3.1,-50.06,27.74,0,NORMAL,,,,,0,0,NOT A RECOVERY,False,,,,,False,False,0,NORMAL,,0,,False,0.0,4.33,9.31,3.56,0.93,NORMAL,,,,,,,,,,,,,,,,,,0.0,False
2066,MASTERTR,2026-09-30,82.14,86.9,83.9,-5.48,False,False,False,False,41.71,0.22,164.5,55.6,-50.07,47.73,0,NORMAL,,,,,0,0,NOT A RECOVERY,False,,121.19,2026-01-06,-32.22,False,False,0,NORMAL,,0,,False,0.0,88.96,8.3,73.93,0.83,NORMAL,,,,,,,,,,,,,,,,,,0.0,False
2067,IFBAGRO,2026-09-30,891.65,1000.37,939.68,-10.87,False,False,False,False,48.79,1.11,1790.0,679.15,-50.19,31.29,0,NORMAL,,,,,0,0,NOT A RECOVERY,False,,1790.0,2026-01-08,-50.19,False,False,0,NORMAL,,0,,False,0.0,961.13,7.79,802.49,0.78,NORMAL,,,,,,,,,,,,,,,,,,0.0,False
2068,MINDTECK,2026-09-30,153.15,196.47,173.31,-22.05,False,False,False,False,30.9,0.62,307.68,145.13,-50.22,5.53,0,NORMAL,,,,,0,0,NOT A RECOVERY,False,,307.68,2025-10-20,-50.22,False,False,0,NORMAL,,0,,False,0.0,163.98,7.07,137.83,0.71,NORMAL,,,,,,,,,,,,,,,,,,0.0,False
2069,BIGBLOC,2026-09-30,39.79,51.75,43.11,-23.11,False,False,False,False,42.2,0.66,80.0,38.0,-50.26,4.71,0,NORMAL,,,,,0,0,NOT A RECOVERY,False,,80.0,2026-01-01,-50.26,False,False,0,NORMAL,,0,,False,0.0,43.25,8.68,35.81,0.87,NORMAL,,,,,,,,,,,,,,,,,,0.0,False
2070,SERVOTECH,2026-09-30,70.25,83.56,80.65,-15.93,False,False,False,False,29.16,0.84,141.5,57.51,-50.35,22.15,0,NORMAL,,,,,0,0,NOT A RECOVERY,False,,115.8,2026-06-03,-39.34,False,False,0,NORMAL,,0,,False,0.0,75.02,6.8,63.23,0.68,NORMAL,,,,,,,,,,,,,,,,,,0.0,False
2071,MADHUCON,2026-09-30,4.19,5.22,4.84,-19.73,False,False,False,False,41.48,1.11,8.44,3.61,-50.36,16.07,0,NORMAL,,,,,0,0,NOT A RECOVERY,False,,7.77,2025-10-23,-46.07,False,False,0,NORMAL,,0,,False,0.0,4.78,14.01,3.77,1.4,NORMAL,,,,,,,,,,,,,,,,,,0.0,False
2072,ORIENTTECH,2026-09-30,231.53,281.13,247.29,-17.64,False,False,False,False,39.95,0.17,466.73,220.8,-50.39,4.86,0,NORMAL,,,,,0,0,NOT A RECOVERY,False,,466.73,2025-10-07,-50.39,False,False,0,NORMAL,,0,,False,0.0,250.88,8.36,208.38,0.84,NORMAL,,,,,,,,,,,,,,,,,,0.0,False
2073,HILINFRA,2026-09-30,42.75,49.58,44.55,-13.77,False,False,False,False,43.57,0.87,86.35,40.1,-50.49,6.61,0,NORMAL,,,,,0,0,NOT A RECOVERY,False,,,,,False,False,0,NORMAL,,0,,False,0.0,46.71,9.25,38.48,0.93,NORMAL,,,,,,,,,,,,,,,,,,0.0,False
2074,INDOFARM,2026-09-30,134.45,148.41,143.89,-9.41,False,False,False,False,43.53,0.27,271.69,110.7,-50.51,21.45,0,NORMAL,,,,,0,0,NOT A RECOVERY,False,,224.7,2026-01-02,-40.16,False,False,0,NORMAL,,0,,False,0.0,145.32,8.08,121.0,0.81,NORMAL,,,,,,,,,,,,,,,,,,0.0,False
2075,YATRA,2026-09-30,99.89,120.39,110.01,-17.03,False,False,False,False,35.66,0.7,202.0,89.9,-50.55,11.11,0,NORMAL,,,,,0,0,NOT A RECOVERY,False,,202.0,2025-11-17,-50.55,False,False,0,NORMAL,,0,,False,0.0,108.76,8.88,89.9,0.89,NORMAL,,,,,,,,,,,,,,,,,,0.0,False
2076,BGRENERGY,2026-09-30,242.13,301.45,256.87,-19.68,False,False,False,False,45.46,0.6,490.8,218.0,-50.67,11.07,0,NORMAL,,,,,0,0,NOT A RECOVERY,False,,490.8,2025-10-24,-50.67,False,False,0,NORMAL,,0,,False,0.0,268.18,10.76,217.92,1.08,NORMAL,,,,,,,,,,,,,,,,,,0.0,False
2077,SUVIDHAA,2026-09-30,2.09,2.81,2.36,-25.62,False,False,False,False,35.99,0.44,4.25,1.77,-50.82,18.08,0,NORMAL,,,,,0,0,NOT A RECOVERY,False,,7.87,2024-12-27,-73.44,False,False,0,NORMAL,,0,,False,0.0,2.42,15.72,1.88,1.57,NORMAL,,,,,,,,,,,,,,,,,,0.0,False
2078,KELLTONTEC,2026-09-30,12.85,15.71,13.82,-18.18,False,False,False,False,30.75,0.58,26.14,12.65,-50.84,1.58,0,NORMAL,,,,,0,0,NOT A RECOVERY,False,,35.32,2025-01-08,-63.62,False,False,0,NORMAL,,0,,False,0.0,13.92,8.32,11.57,0.83,NORMAL,,,,,,,,,,,,,,,,,,0.0,False
2079,SOMATEX,2026-09-30,79.16,103.01,88.35,-23.15,False,False,False,False,39.35,0.19,161.25,63.01,-50.91,25.63,0,NORMAL,,,,,0,0,NOT A RECOVERY,False,,161.25,2025-11-06,-50.91,False,False,0,NORMAL,,0,,False,0.0,85.92,8.54,71.24,0.85,NORMAL,,,,,,,,,,,,,,,,,,0.0,False
2080,GANESHCP,2026-09-30,151.41,188.42,166.09,-19.64,False,False,False,False,30.5,0.59,309.95,150.72,-51.15,0.46,0,NORMAL,,,,,0,0,NOT A RECOVERY,False,,,,,False,False,0,NORMAL,,0,,False,0.0,161.83,6.88,136.27,0.69,NORMAL,,,,,,,,,,,,,,,,,,0.0,False
2081,TREJHARA,2026-09-30,138.84,167.31,147.34,-17.02,False,False,False,False,46.11,0.52,284.85,128.07,-51.26,8.41,0,NORMAL,,,,,0,0,NOT A RECOVERY,False,,284.85,2025-12-02,-51.26,False,False,0,NORMAL,,0,,False,0.0,154.16,11.03,124.96,1.1,NORMAL,,,,,,,,,,,,,,,,,,0.0,False
2082,EPACK,2026-09-30,175.35,236.19,202.27,-25.76,False,False,False,False,28.2,0.6,360.0,174.01,-51.29,0.77,0,NORMAL,,,,,0,0,NOT A RECOVERY,False,,669.95,2025-01-08,-73.83,False,False,0,NORMAL,,0,,False,0.0,185.75,5.93,157.82,0.59,NORMAL,,,,,,,,,,,,,,,,,,0.0,False
2083,SADBHAV,2026-09-30,7.15,8.76,8.21,-18.41,False,False,False,False,36.92,0.76,14.7,6.05,-51.36,18.18,0,NORMAL,,,,,0,0,NOT A RECOVERY,False,,14.7,2025-12-23,-51.36,False,False,0,NORMAL,,0,,False,0.0,7.74,8.21,6.44,0.82,NORMAL,,,,,,,,,,,,,,,,,,0.0,False
2084,SECURKLOUD,2026-09-30,16.61,20.81,17.61,-20.19,False,False,False,False,39.25,0.83,34.18,15.6,-51.4,6.47,0,NORMAL,,,,,0,0,NOT A RECOVERY,False,,34.18,2025-11-24,-51.4,False,False,0,NORMAL,,0,,False,0.0,18.22,9.67,14.95,0.97,NORMAL,,,,,,,,,,,,,,,,,,0.0,False
2085,NETWORK18,2026-09-30,25.87,33.12,28.19,-21.88,False,False,False,False,35.7,0.7,53.24,25.28,-51.41,2.33,0,NORMAL,,,,,0,0,NOT A RECOVERY,False,,74.6,2025-01-03,-65.32,False,False,0,NORMAL,,0,,False,0.0,27.31,5.58,23.28,0.56,NORMAL,,,,,,,,,,,,,,,,,,0.0,False
2086,SAURASHCEM,2026-09-30,54.53,62.94,57.24,-13.36,False,False,False,False,48.05,0.59,112.25,47.65,-51.42,14.44,0,NORMAL,,,,,0,0,NOT A RECOVERY,False,,128.4,2025-07-31,-57.53,False,False,0,NORMAL,,0,,False,0.0,58.65,7.56,49.08,0.76,NORMAL,,,,,,,,,,,,,,,,,,0.0,False
2087,CELLO,2026-09-30,325.55,412.85,347.74,-21.14,False,False,False,False,40.1,0.55,673.8,314.6,-51.68,3.48,0,NORMAL,,,,,0,0,NOT A RECOVERY,False,,673.8,2025-10-30,-51.68,False,False,0,NORMAL,,0,,False,0.0,345.77,6.21,292.99,0.62,NORMAL,,,,,,,,,,,,,,,,,,0.0,False
2088,TRIVENI,2026-09-30,235.7,356.38,257.33,-33.86,False,False,False,False,34.78,0.45,490.1,220.05,-51.91,7.11,0,NORMAL,,,,,0,0,NOT A RECOVERY,False,,490.1,2026-07-14,-51.91,False,False,0,NORMAL,,0,,False,0.0,255.18,8.26,212.13,0.83,NORMAL,,,,,,,,,,,,,,,,,,0.0,False
2089,ESSENTIA,2026-09-30,1.0,1.34,1.12,-25.56,False,False,False,False,36.07,0.33,2.08,1.0,-51.92,0.0,0,NORMAL,,,,,0,0,NOT A RECOVERY,False,,1.86,2025-12-04,-46.24,False,False,0,NORMAL,,0,,False,0.0,1.06,5.57,0.9,0.56,NORMAL,,,,,,,,,,,,,,,,,,0.0,False
2090,IXIGO,2026-09-30,162.89,187.09,172.38,-12.94,False,False,False,False,48.15,0.63,339.15,151.27,-51.97,7.68,0,NORMAL,,,,,0,0,NOT A RECOVERY,False,,339.15,2025-10-16,-51.97,False,False,0,NORMAL,,0,,False,0.0,173.54,6.54,146.6,0.65,NORMAL,,,,,,,,,,,,,,,,,,0.0,False
2091,DNAMEDIA,2026-09-30,2.44,3.1,2.63,-21.19,False,False,False,False,43.79,0.61,5.09,2.17,-52.06,12.44,0,NORMAL,,,,,0,0,NOT A RECOVERY,False,,7.17,2025-01-13,-65.97,False,False,0,NORMAL,,0,,False,0.0,2.85,16.74,2.2,1.67,NORMAL,,,,,,,,,,,,,,,,,,0.0,False
2092,ARIHANTSUP,2026-09-30,222.85,262.41,246.47,-15.08,False,False,False,False,38.39,0.16,465.0,188.8,-52.08,18.03,0,NORMAL,,,,,0,0,NOT A RECOVERY,False,,465.0,2025-10-07,-52.08,False,False,0,NORMAL,,0,,False,0.0,243.84,9.42,200.57,0.94,NORMAL,,,,,,,,,,,,,,,,,,0.0,False
2093,HDIL,2026-09-30,1.47,1.97,1.53,-25.51,False,False,False,False,44.87,0.71,3.07,1.4,-52.12,5.0,0,NORMAL,,,,,0,0,NOT A RECOVERY,False,,,,,False,False,0,NORMAL,,0,,False,0.0,1.58,7.48,1.32,0.75,NORMAL,,,,,,,,,,,,,,,,,,0.0,False
2094,CHEMFAB,2026-09-30,335.9,387.46,365.59,-13.31,False,False,False,False,37.37,0.87,703.0,290.35,-52.22,15.69,0,NORMAL,,,,,0,0,NOT A RECOVERY,False,,,,,False,False,0,NORMAL,,0,,False,0.0,379.12,12.87,302.31,1.29,NORMAL,,,,,,,,,,,,,,,,,,0.0,False
2095,BAJAJINDEF,2026-09-30,211.02,262.9,223.48,-19.73,False,False,False,False,39.99,0.39,442.6,207.25,-52.32,1.82,0,NORMAL,,,,,0,0,NOT A RECOVERY,False,,580.25,2025-07-04,-63.63,False,False,0,NORMAL,,0,,False,0.0,228.02,8.06,189.92,0.81,NORMAL,,,,,,,,,,,,,,,,,,0.0,False
2096,KPEL,2026-09-30,220.41,308.19,256.34,-28.48,False,False,False,False,38.1,0.69,463.25,206.52,-52.42,6.73,0,NORMAL,,,,,0,0,NOT A RECOVERY,False,,463.25,2025-11-04,-52.42,False,False,0,NORMAL,,0,,False,0.0,238.6,8.25,198.37,0.83,NORMAL,,,,,,,,,,,,,,,,,,0.0,False
2097,JARO,2026-09-30,420.1,475.96,455.75,-11.74,False,False,False,False,32.81,0.78,890.0,383.5,-52.8,9.54,0,NORMAL,,,,,0,0,NOT A RECOVERY,False,,,,,False,False,0,NORMAL,,0,,False,0.0,451.21,7.41,378.09,0.74,NORMAL,,,,,,,,,,,,,,,,,,0.0,False
2098,NECLIFE,2026-09-30,10.5,12.66,11.12,-17.05,False,False,False,False,35.39,0.97,22.4,9.3,-53.12,12.9,0,NORMAL,,,,,0,0,NOT A RECOVERY,False,,28.25,2025-05-28,-62.83,False,False,0,NORMAL,,0,,False,0.0,11.47,9.22,9.45,0.92,NORMAL,,,,,,,,,,,,,,,,,,0.0,False
2099,MBEL,2026-09-30,249.0,307.02,272.22,-18.9,False,False,False,False,34.19,0.42,535.9,223.05,-53.54,11.63,0,NORMAL,,,,,0,0,NOT A RECOVERY,False,,,,,False,False,0,NORMAL,,0,,False,0.0,267.58,7.46,224.1,0.75,NORMAL,,,,,,,,,,,,,,,,,,0.0,False
2100,GTPL,2026-09-30,54.86,67.44,56.92,-18.66,False,False,False,False,43.55,0.47,118.25,50.85,-53.61,7.89,0,NORMAL,,,,,0,0,NOT A RECOVERY,False,,,,,False,False,0,NORMAL,,0,,False,0.0,58.81,7.2,49.37,0.72,NORMAL,,,,,,,,,,,,,,,,,,0.0,False
2101,FIRSTCRY,2026-09-30,179.94,228.54,192.28,-21.27,False,False,False,False,47.55,0.28,389.65,163.37,-53.82,10.14,0,NORMAL,,,,,0,0,NOT A RECOVERY,False,,,,,False,False,0,NORMAL,,0,,False,0.0,198.98,10.58,161.95,1.06,NORMAL,,,,,,,,,,,,,,,,,,0.0,False
2102,NIITMTS,2026-09-30,204.51,289.69,229.97,-29.4,False,False,False,False,30.58,0.48,443.9,202.72,-53.93,0.88,0,NORMAL,,,,,0,0,NOT A RECOVERY,False,,443.9,2025-12-26,-53.93,False,False,0,NORMAL,,0,,False,0.0,220.45,7.79,184.06,0.78,NORMAL,,,,,,,,,,,,,,,,,,0.0,False
2103,VERTOZ,2026-09-30,35.59,46.54,36.85,-23.52,False,False,False,False,36.89,0.66,77.3,27.02,-53.96,31.72,0,NORMAL,,,,,0,0,NOT A RECOVERY,False,,,,,False,False,0,NORMAL,,0,,False,0.0,39.66,11.43,32.03,1.14,NORMAL,,,,,,,,,,,,,,,,,,0.0,False
2104,TARACHAND,2026-09-30,47.72,59.53,49.39,-19.83,False,False,False,False,49.15,0.88,103.67,45.16,-53.97,5.67,0,NORMAL,,,,,0,0,NOT A RECOVERY,False,,103.67,2025-10-14,-53.97,False,False,0,NORMAL,,0,,False,0.0,50.98,6.82,42.95,0.68,NORMAL,,,,,,,,,,,,,,,,,,0.0,False
2105,GUJRAFFIA,2026-10-01,40.27,41.53,40.56,-3.04,False,False,False,False,48.46,0.47,88.0,35.1,-54.24,14.73,0,NORMAL,,,,,0,0,NOT A RECOVERY,False,,88.0,2025-10-27,-54.24,False,False,0,NORMAL,,0,,False,0.0,43.97,9.2,36.24,0.92,NORMAL,,,,,,,,,,,,,,,,,,0.0,False
2106,VIRINCHI,2026-09-30,13.47,17.59,14.81,-23.44,False,False,False,False,32.58,0.91,29.47,13.11,-54.29,2.75,0,NORMAL,,,,,0,0,NOT A RECOVERY,False,,32.69,2025-09-18,-58.79,False,False,0,NORMAL,,0,,False,0.0,14.6,8.39,12.12,0.84,NORMAL,,,,,,,,,,,,,,,,,,0.0,False
2107,LATENTVIEW,2026-09-30,236.0,325.02,275.0,-27.39,False,False,False,False,23.39,0.61,517.5,234.25,-54.4,0.75,0,NORMAL,,,,,0,0,NOT A RECOVERY,False,,517.5,2025-12-08,-54.4,False,False,0,NORMAL,,0,,False,0.0,248.54,5.31,212.4,0.53,NORMAL,,,,,,,,,,,,,,,,,,0.0,False
2108,HARDWYN,2026-09-30,9.21,13.56,9.95,-32.09,False,False,False,False,38.42,0.31,20.2,7.61,-54.41,21.02,0,NORMAL,,,,,0,0,NOT A RECOVERY,False,,20.2,2026-06-01,-54.41,False,False,0,NORMAL,,0,,False,0.0,9.72,5.58,8.29,0.56,NORMAL,,,,,,,,,,,,,,,,,,0.0,False
2109,PAKKA,2026-09-30,72.89,86.25,76.31,-15.49,False,False,False,False,39.34,0.58,160.3,69.1,-54.53,5.48,0,NORMAL,,,,,0,0,NOT A RECOVERY,False,,118.09,2025-12-01,-38.28,False,False,0,NORMAL,,0,,False,0.0,78.4,7.56,65.6,0.76,NORMAL,,,,,,,,,,,,,,,,,,0.0,False
2110,KAYNES,2026-09-30,3501.0,3648.6,3638.88,-4.05,False,False,False,False,46.01,0.69,7705.0,2995.0,-54.56,16.89,0,NORMAL,,,,,0,0,NOT A RECOVERY,False,,4538.6,2026-05-08,-22.86,False,False,0,NORMAL,,0,,False,0.0,3769.26,7.66,3150.9,0.77,NORMAL,,,,,,,,,,,,,,,,,,0.0,False
2111,KAMOPAINTS,2026-09-30,4.14,5.07,4.45,-18.38,False,False,False,False,36.21,1.03,9.15,3.6,-54.75,15.0,0,NORMAL,,,,,0,0,NOT A RECOVERY,False,,,,,False,False,0,NORMAL,,0,,False,0.0,4.58,10.66,3.73,1.07,NORMAL,,,,,,,,,,,,,,,,,,0.0,False
2112,VIKRAMSOLR,2026-09-30,160.01,197.44,169.34,-18.96,False,False,False,False,37.37,0.72,354.4,155.38,-54.85,2.98,0,NORMAL,,,,,0,0,NOT A RECOVERY,False,,,,,False,False,0,NORMAL,,0,,False,0.0,166.05,3.77,144.01,0.38,NORMAL,,,,,,,,,,,,,,,,,,0.0,False
2113,ODIGMA,2026-09-30,21.35,25.39,22.3,-15.91,False,False,False,False,43.2,0.41,47.36,20.0,-54.92,6.75,0,NORMAL,,,,,0,0,NOT A RECOVERY,False,,,,,False,False,0,NORMAL,,0,,False,0.0,22.9,7.25,19.22,0.73,NORMAL,,,,,,,,,,,,,,,,,,0.0,False
2114,NEWGEN,2026-09-30,467.85,538.76,521.39,-13.16,False,False,False,False,31.28,0.63,1041.95,401.05,-55.1,16.66,0,NORMAL,,,,,0,0,NOT A RECOVERY,False,,,,,False,False,0,NORMAL,,0,,False,0.0,497.0,6.23,421.07,0.62,NORMAL,,,,,,,,,,,,,,,,,,0.0,False
2115,PNCINFRA,2026-09-30,133.18,212.23,193.47,-37.25,False,False,False,False,21.04,0.35,297.0,116.4,-55.16,14.42,0,NORMAL,,,,,0,0,NOT A RECOVERY,False,,269.8,2025-11-19,-50.64,False,False,0,NORMAL,,0,,False,0.0,150.58,13.07,119.86,1.31,NORMAL,,,,,,,,,,,,,,,,,,0.0,False
2116,SHANTI,2026-09-30,5.49,6.94,6.33,-20.87,False,False,False,False,33.12,1.12,12.26,4.7,-55.22,16.81,0,NORMAL,,,,,0,0,NOT A RECOVERY,False,,,,,False,False,0,NORMAL,,0,,False,0.0,6.43,17.17,4.94,1.72,NORMAL,,,,,,,,,,,,,,,,,,0.0,False
2117,KRITI,2026-09-30,61.0,74.33,64.35,-17.93,False,False,False,False,45.86,0.72,136.67,53.0,-55.37,15.09,0,NORMAL,,,,,0,0,NOT A RECOVERY,False,,177.51,2025-07-31,-65.64,False,False,0,NORMAL,,0,,False,0.0,67.13,10.05,54.9,1.01,NORMAL,,,,,,,,,,,,,,,,,,0.0,False
2118,SHRENIK,2026-09-30,0.29,0.38,0.3,-23.49,False,False,False,False,44.65,0.79,0.65,0.27,-55.38,7.41,0,NORMAL,,,,,0,0,NOT A RECOVERY,False,,0.77,2025-04-21,-62.34,False,False,0,NORMAL,,0,,False,0.0,0.32,10.84,0.26,1.08,NORMAL,,,,,,,,,,,,,,,,,,0.0,False
2119,ORIENTALTL,2026-09-30,4.83,6.34,5.09,-23.78,False,False,False,False,34.97,0.9,10.84,4.4,-55.44,9.77,0,NORMAL,,,,,0,0,NOT A RECOVERY,False,,17.6,2025-06-18,-72.56,False,False,0,NORMAL,,0,,False,0.0,5.23,8.37,4.35,0.84,NORMAL,,,,,,,,,,,,,,,,,,0.0,False
2120,MITTAL,2026-09-30,0.72,0.95,0.85,-24.53,False,False,False,False,32.94,0.21,1.62,0.7,-55.56,2.86,0,NORMAL,,,,,0,0,NOT A RECOVERY,False,,,,,False,False,0,NORMAL,,0,,False,0.0,0.79,10.32,0.65,1.03,NORMAL,,,,,,,,,,,,,,,,,,0.0,False
2121,HGINFRA,2026-09-30,432.75,577.04,500.05,-25.01,False,False,False,False,29.68,0.17,976.45,429.5,-55.68,0.76,0,NORMAL,,,,,0,0,NOT A RECOVERY,False,,,,,False,False,0,NORMAL,,0,,False,0.0,465.21,7.5,389.48,0.75,NORMAL,,,,,,,,,,,,,,,,,,0.0,False
2122,ACL,2026-09-30,39.33,53.59,44.86,-26.61,False,False,False,False,20.38,0.63,89.28,38.4,-55.95,2.42,0,NORMAL,,,,,0,0,NOT A RECOVERY,False,,109.99,2025-09-08,-64.24,False,False,0,NORMAL,,0,,False,0.0,42.67,8.49,35.4,0.85,NORMAL,,,,,,,,,,,,,,,,,,0.0,False
2123,NEXTMEDIA,2026-09-30,3.73,4.55,3.9,-18.1,False,False,False,False,45.81,0.3,8.48,3.16,-56.01,18.04,0,NORMAL,,,,,0,0,NOT A RECOVERY,False,,6.53,2025-12-22,-42.88,False,False,0,NORMAL,,0,,False,0.0,4.05,8.54,3.36,0.85,NORMAL,,,,,,,,,,,,,,,,,,0.0,False
2124,CAMLINFINE,2026-09-30,93.15,127.9,109.23,-27.17,False,False,False,False,30.4,0.53,212.5,92.75,-56.16,0.43,0,NORMAL,,,,,0,0,NOT A RECOVERY,False,,333.3,2025-06-26,-72.05,False,False,0,NORMAL,,0,,False,0.0,100.25,7.62,83.84,0.76,NORMAL,,,,,,,,,,,,,,,,,,0.0,False
2125,INOXWIND,2026-09-30,69.51,91.46,74.93,-24.0,False,False,False,False,36.0,0.78,159.3,68.0,-56.37,2.22,0,NORMAL,,,,,0,0,NOT A RECOVERY,False,,,,,False,False,0,NORMAL,,0,,False,0.0,74.25,6.82,62.56,0.68,NORMAL,,,,,,,,,,,,,,,,,,0.0,False
2126,SPENCERS,2026-09-30,26.71,34.13,30.25,-21.73,False,False,False,False,30.46,1.13,61.4,24.38,-56.5,9.56,0,NORMAL,,,,,0,0,NOT A RECOVERY,False,,,,,False,False,0,NORMAL,,0,,False,0.0,29.12,9.03,24.04,0.9,NORMAL,,,,,,,,,,,,,,,,,,0.0,False
2127,TOLINS,2026-09-30,85.86,107.78,95.22,-20.34,False,False,False,False,30.57,1.19,197.69,83.04,-56.57,3.4,0,NORMAL,,,,,0,0,NOT A RECOVERY,False,,202.0,2025-09-12,-57.5,False,False,0,NORMAL,,0,,False,0.0,91.36,6.41,77.27,0.64,NORMAL,,,,,,,,,,,,,,,,,,0.0,False
2128,HINDWAREAP,2026-09-30,169.97,221.53,193.73,-23.27,False,False,False,False,34.56,0.87,392.7,165.0,-56.72,3.01,0,NORMAL,,,,,0,0,NOT A RECOVERY,False,,392.7,2025-10-17,-56.72,False,False,0,NORMAL,,0,,False,0.0,183.39,7.9,152.97,0.79,NORMAL,,,,,,,,,,,,,,,,,,0.0,False
2129,MAHAPEXLTD,2026-09-30,51.0,64.85,52.28,-21.36,False,False,False,False,41.88,0.46,117.89,42.0,-56.74,21.43,0,NORMAL,,,,,0,0,NOT A RECOVERY,False,,118.95,2025-07-16,-57.12,False,False,0,NORMAL,,0,,False,0.0,56.95,11.66,45.9,1.17,NORMAL,,,,,,,,,,,,,,,,,,0.0,False
2130,SHYAMTEL,2026-09-30,10.99,14.05,13.43,-21.8,False,False,False,False,36.82,0.42,25.42,7.07,-56.77,55.45,0,NORMAL,,,,,0,0,NOT A RECOVERY,False,,25.42,2026-05-06,-56.77,False,False,0,NORMAL,,0,,False,0.0,12.64,15.0,9.89,1.5,NORMAL,,,,,,,,,,,,,,,,,,0.0,False
2131,NOVAAGRI,2026-09-30,22.43,28.03,23.57,-19.98,False,False,False,False,39.44,1.05,51.99,18.12,-56.86,23.79,0,NORMAL,,,,,0,0,NOT A RECOVERY,False,,75.5,2024-12-03,-70.29,False,False,0,NORMAL,,0,,False,0.0,24.45,9.02,20.19,0.9,NORMAL,,,,,,,,,,,,,,,,,,0.0,False
2132,AVROIND,2026-09-30,6.83,10.94,8.44,-37.57,False,False,False,False,27.82,0.25,15.87,6.8,-56.96,0.44,0,NORMAL,,,,,0,0,NOT A RECOVERY,False,,20.2,2025-06-03,-66.19,False,False,0,NORMAL,,0,,False,0.0,7.67,12.28,6.15,1.23,NORMAL,,,,,,,,,,,,,,,,,,0.0,False
2133,MAPMYINDIA,2026-09-30,858.1,1076.29,991.47,-20.27,False,False,False,False,33.26,0.62,1998.0,795.0,-57.05,7.94,0,NORMAL,,,,,0,0,NOT A RECOVERY,False,,2166.7,2025-05-16,-60.4,False,False,0,NORMAL,,0,,False,0.0,919.7,7.18,772.29,0.72,NORMAL,,,,,,,,,,,,,,,,,,0.0,False
2134,ZAGGLE,2026-09-30,173.18,234.82,189.61,-26.25,False,False,False,False,36.66,0.71,405.4,154.36,-57.28,12.19,0,NORMAL,,,,,0,0,NOT A RECOVERY,False,,469.8,2025-06-10,-63.14,False,False,0,NORMAL,,0,,False,0.0,183.92,6.2,155.86,0.62,NORMAL,,,,,,,,,,,,,,,,,,0.0,False
2135,GRMOVER,2026-09-30,78.92,131.87,86.79,-40.15,False,False,False,False,34.22,0.91,185.45,78.06,-57.44,1.1,0,NORMAL,,,,,0,0,NOT A RECOVERY,False,,185.45,2025-12-24,-57.44,False,False,0,NORMAL,,0,,False,0.0,84.85,7.52,71.03,0.75,NORMAL,,,,,,,,,,,,,,,,,,0.0,False
2136,KEC,2026-09-30,377.25,540.14,428.79,-30.16,False,False,False,False,31.43,0.66,893.0,375.1,-57.75,0.57,0,NORMAL,,,,,0,0,NOT A RECOVERY,False,,947.0,2025-06-26,-60.16,False,False,0,NORMAL,,0,,False,0.0,399.08,5.79,339.53,0.58,NORMAL,,,,,,,,,,,,,,,,,,0.0,False
2137,GOCOLORS,2026-09-30,300.75,340.32,324.3,-11.63,False,False,False,False,36.76,1.04,715.45,237.05,-57.96,26.87,0,NORMAL,,,,,0,0,NOT A RECOVERY,False,,,,,False,False,0,NORMAL,,0,,False,0.0,323.47,7.55,270.68,0.76,NORMAL,,,,,,,,,,,,,,,,,,0.0,False
2138,DAVANGERE,2026-09-30,2.31,3.59,2.61,-35.74,False,False,False,False,49.24,0.28,5.5,1.74,-58.0,32.76,0,NORMAL,,,,,0,0,NOT A RECOVERY,False,,5.5,2026-01-22,-58.0,False,False,0,NORMAL,,0,,False,0.0,2.6,12.68,2.08,1.27,NORMAL,,,,,,,,,,,,,,,,,,0.0,False
2139,ABCOTS,2026-09-30,196.49,299.33,204.46,-34.36,False,False,False,False,36.83,0.17,474.9,190.4,-58.62,3.2,0,NORMAL,,,,,0,0,NOT A RECOVERY,False,,504.0,2025-09-24,-61.01,False,False,0,NORMAL,,0,,False,0.0,215.49,9.67,176.84,0.97,NORMAL,,,,,,,,,,,,,,,,,,0.0,False
2140,SEPC,2026-09-30,5.02,7.12,5.62,-29.46,False,False,False,False,36.07,0.73,12.24,4.65,-58.99,7.96,0,NORMAL,,,,,0,0,NOT A RECOVERY,False,,,,,False,False,0,NORMAL,,0,,False,0.0,5.36,6.74,4.52,0.67,NORMAL,,,,,,,,,,,,,,,,,,0.0,False
2141,TECILCHEM,2026-09-30,9.02,12.5,9.37,-27.87,False,False,False,False,45.09,0.25,22.08,8.0,-59.15,12.75,0,NORMAL,,,,,0,0,NOT A RECOVERY,False,,,,,False,False,0,NORMAL,,0,,False,0.0,10.53,16.74,8.12,1.67,NORMAL,,,,,,,,,,,,,,,,,,0.0,False
2142,SRGHFL,2026-09-30,136.4,267.5,234.32,-49.01,False,False,False,False,26.27,0.34,335.0,118.6,-59.28,15.01,0,NORMAL,,,,,0,0,NOT A RECOVERY,False,,335.0,2026-07-24,-59.28,False,False,0,NORMAL,,0,,False,0.0,161.06,18.08,122.76,1.81,NORMAL,,,,,,,,,,,,,,,,,,0.0,False
2143,AGARIND,2026-09-30,391.95,520.45,462.99,-24.69,False,False,False,False,24.17,0.35,971.0,360.0,-59.63,8.88,0,NORMAL,,,,,0,0,NOT A RECOVERY,False,,,,,False,False,0,NORMAL,,0,,False,0.0,416.71,6.32,352.76,0.63,NORMAL,,,,,,,,,,,,,,,,,,0.0,False
2144,ECOSMOBLTY,2026-09-30,104.73,143.58,117.65,-27.06,False,False,False,False,29.48,0.49,261.25,103.94,-59.91,0.76,0,NORMAL,,,,,0,0,NOT A RECOVERY,False,,358.4,2025-07-23,-70.78,False,False,0,NORMAL,,0,,False,0.0,111.36,6.33,94.26,0.63,NORMAL,,,,,,,,,,,,,,,,,,0.0,False
2145,URAVIDEF,2026-09-30,105.05,137.5,110.36,-23.6,False,False,False,False,40.87,0.12,263.0,101.0,-60.06,4.01,0,NORMAL,,,,,0,0,NOT A RECOVERY,False,,584.0,2025-05-26,-82.01,False,False,0,NORMAL,,0,,False,0.0,108.55,3.34,94.55,0.33,NORMAL,,,,,,,,,,,,,,,,,,0.0,False
2146,BURNPUR,2026-09-30,13.16,30.1,21.4,-56.28,False,False,False,False,28.38,0.6,33.0,11.13,-60.12,18.24,0,NORMAL,,,,,0,0,NOT A RECOVERY,False,,33.0,2025-11-18,-60.12,False,False,0,NORMAL,,0,,False,0.0,15.15,15.13,11.84,1.51,NORMAL,,,,,,,,,,,,,,,,,,0.0,False
2147,BYKE,2026-09-30,29.12,38.83,31.8,-25.01,False,False,False,False,32.22,1.16,73.06,26.25,-60.14,10.93,0,NORMAL,,,,,0,0,NOT A RECOVERY,False,,107.0,2024-12-17,-72.79,False,False,0,NORMAL,,0,,False,0.0,32.14,10.38,26.21,1.04,NORMAL,,,,,,,,,,,,,,,,,,0.0,False
2148,WEL,2026-09-30,72.63,115.23,103.9,-36.97,False,False,False,False,36.42,0.2,183.53,68.01,-60.43,6.79,0,NORMAL,,,,,0,0,NOT A RECOVERY,False,,176.0,2025-12-09,-58.73,False,False,0,NORMAL,,0,,False,0.0,79.58,9.57,65.37,0.96,NORMAL,,,,,,,,,,,,,,,,,,0.0,False
2149,PRUDMOULI,2026-09-30,13.39,16.22,14.48,-17.47,False,False,False,False,33.69,0.63,33.85,11.26,-60.44,18.92,0,NORMAL,,,,,0,0,NOT A RECOVERY,False,,,,,False,False,0,NORMAL,,0,,False,0.0,15.22,13.69,12.05,1.37,NORMAL,,,,,,,,,,,,,,,,,,0.0,False
2150,RSSOFTWARE,2026-09-30,29.73,35.44,30.71,-16.12,False,False,False,False,45.02,0.37,75.25,21.93,-60.49,35.57,0,NORMAL,,,,,0,0,NOT A RECOVERY,False,,,,,False,False,0,NORMAL,,0,,False,0.0,32.44,9.12,26.76,0.91,NORMAL,,,,,,,,,,,,,,,,,,0.0,False
2151,KRIDHANINF,2026-09-30,1.88,2.88,2.1,-34.82,False,False,False,False,35.12,1.04,4.78,1.79,-60.67,5.03,0,NORMAL,,,,,0,0,NOT A RECOVERY,False,,5.39,2025-06-13,-65.12,False,False,0,NORMAL,,0,,False,0.0,2.06,9.73,1.69,0.97,NORMAL,,,,,,,,,,,,,,,,,,0.0,False
2152,BROOKS,2026-09-30,55.8,65.33,62.02,-14.59,False,False,False,False,33.86,1.17,142.27,36.3,-60.78,53.72,0,NORMAL,,,,,0,0,NOT A RECOVERY,False,,198.86,2025-01-07,-71.94,False,False,0,NORMAL,,0,,False,0.0,62.68,12.32,50.22,1.23,NORMAL,,,,,,,,,,,,,,,,,,0.0,False
2153,QUICKHEAL,2026-09-30,144.49,177.13,148.68,-18.43,False,False,False,False,43.38,0.33,371.4,125.0,-61.1,15.59,0,NORMAL,,,,,0,0,NOT A RECOVERY,False,,,,,False,False,0,NORMAL,,0,,False,0.0,158.93,9.99,130.04,1.0,NORMAL,,,,,,,,,,,,,,,,,,0.0,False
2154,KPITTECH,2026-09-30,499.1,761.55,578.63,-34.46,False,False,False,False,28.48,1.05,1284.9,495.5,-61.16,0.73,0,NORMAL,,,,,0,0,NOT A RECOVERY,False,,1434.5,2025-06-19,-65.21,False,False,0,NORMAL,,0,,False,0.0,528.51,5.89,449.19,0.59,NORMAL,,,,,,,,,,,,,,,,,,0.0,False
2155,RPOWER,2026-09-30,19.69,26.26,22.35,-25.01,False,False,False,False,23.12,1.0,50.73,19.45,-61.19,1.23,0,NORMAL,,,,,0,0,NOT A RECOVERY,False,,76.49,2025-06-11,-74.26,False,False,0,NORMAL,,0,,False,0.0,20.83,5.79,17.72,0.58,NORMAL,,,,,,,,,,,,,,,,,,0.0,False
2156,ELIN,2026-09-30,86.3,119.54,96.51,-27.81,False,False,False,False,33.37,0.42,222.99,83.97,-61.3,2.77,0,NORMAL,,,,,0,0,NOT A RECOVERY,False,,234.0,2025-09-23,-63.12,False,False,0,NORMAL,,0,,False,0.0,93.09,7.86,77.67,0.79,NORMAL,,,,,,,,,,,,,,,,,,0.0,False
2157,UMAEXPORTS,2026-09-30,21.62,26.27,21.85,-17.7,False,False,False,False,48.1,0.57,55.9,18.12,-61.32,19.32,0,NORMAL,,,,,0,0,NOT A RECOVERY,False,,,,,False,False,0,NORMAL,,0,,False,0.0,22.62,4.65,19.46,0.46,NORMAL,,,,,,,,,,,,,,,,,,0.0,False
2158,DREAMFOLKS,2026-09-30,61.66,78.45,66.66,-21.4,False,False,False,False,33.19,0.61,160.0,56.0,-61.46,10.11,0,NORMAL,,,,,0,0,NOT A RECOVERY,False,,,,,False,False,0,NORMAL,,0,,False,0.0,65.78,6.67,55.49,0.67,NORMAL,,,,,,,,,,,,,,,,,,0.0,False
2159,PRITI,2026-09-30,32.71,43.1,34.65,-24.11,False,False,False,False,45.66,0.78,85.0,30.5,-61.52,7.25,0,NORMAL,,,,,0,0,NOT A RECOVERY,False,,,,,False,False,0,NORMAL,,0,,False,0.0,36.66,12.08,29.44,1.21,NORMAL,,,,,,,,,,,,,,,,,,0.0,False
2160,ALOKINDS,2026-09-30,7.09,12.84,9.7,-44.79,False,False,False,False,26.79,0.51,18.45,6.98,-61.57,1.58,0,NORMAL,,,,,0,0,NOT A RECOVERY,False,,23.5,2025-07-08,-69.83,False,False,0,NORMAL,,0,,False,0.0,7.62,7.44,6.38,0.74,NORMAL,,,,,,,,,,,,,,,,,,0.0,False
2161,RPPINFRA,2026-09-30,51.49,72.07,57.39,-28.55,False,False,False,False,38.73,0.26,134.0,50.2,-61.57,2.57,0,NORMAL,,,,,0,0,NOT A RECOVERY,False,,255.3,2024-12-18,-79.83,False,False,0,NORMAL,,0,,False,0.0,56.67,10.05,46.34,1.01,NORMAL,,,,,,,,,,,,,,,,,,0.0,False
2162,REPL,2026-09-30,59.35,78.73,62.72,-24.61,False,False,False,False,43.75,1.12,154.49,56.0,-61.58,5.98,0,NORMAL,,,,,0,0,NOT A RECOVERY,False,,,,,False,False,0,NORMAL,,0,,False,0.0,65.46,10.29,53.41,1.03,NORMAL,,,,,,,,,,,,,,,,,,0.0,False
2163,TMPV,2026-09-30,283.5,345.06,317.73,-17.84,False,False,False,False,29.64,1.14,739.7,272.2,-61.67,4.15,0,NORMAL,,,,,0,0,NOT A RECOVERY,False,,786.65,2025-01-21,-63.96,False,False,0,NORMAL,,0,,False,0.0,301.04,6.19,255.15,0.62,NORMAL,,,,,,,,,,,,,,,,,,0.0,False
2164,AWFIS,2026-09-30,244.1,326.96,267.68,-25.34,False,False,False,False,37.56,0.12,639.4,229.05,-61.82,6.57,0,NORMAL,,,,,0,0,NOT A RECOVERY,False,,718.95,2025-06-06,-66.05,False,False,0,NORMAL,,0,,False,0.0,274.35,12.39,219.69,1.24,NORMAL,,,,,,,,,,,,,,,,,,0.0,False
2165,VIVIANA,2026-09-30,704.35,751.7,724.5,-6.3,False,False,False,False,43.06,0.63,1860.0,565.0,-62.13,24.66,0,NORMAL,,,,,0,0,NOT A RECOVERY,False,,1038.0,2026-05-27,-32.14,False,False,0,NORMAL,,0,,False,0.0,772.34,9.65,633.91,0.97,NORMAL,,,,,,,,,,,,,,,,,,0.0,False
2166,GSS,2026-09-30,10.37,13.42,11.91,-22.75,False,False,False,False,38.87,0.36,27.5,8.68,-62.29,19.47,0,NORMAL,,,,,0,0,NOT A RECOVERY,False,,,,,False,False,0,NORMAL,,0,,False,0.0,11.68,12.65,9.33,1.26,NORMAL,,,,,,,,,,,,,,,,,,0.0,False
2167,FINOPB,2026-09-30,127.21,166.33,146.48,-23.52,False,False,False,False,28.79,0.76,339.0,110.03,-62.47,15.61,0,NORMAL,,,,,0,0,NOT A RECOVERY,False,,339.0,2025-10-21,-62.47,False,False,0,NORMAL,,0,,False,0.0,135.09,6.19,114.49,0.62,NORMAL,,,,,,,,,,,,,,,,,,0.0,False
2168,DBEIL,2026-09-30,6.68,8.14,6.93,-17.92,False,False,False,False,45.51,0.36,17.82,5.15,-62.51,29.68,0,NORMAL,,,,,0,0,NOT A RECOVERY,False,,18.56,2025-09-29,-64.01,False,False,0,NORMAL,,0,,False,0.0,7.57,13.32,6.01,1.33,NORMAL,,,,,,,,,,,,,,,,,,0.0,False
2169,RHFL,2026-09-30,1.58,2.26,1.81,-30.01,False,False,False,False,24.19,0.58,4.25,1.53,-62.82,3.27,0,NORMAL,,,,,0,0,NOT A RECOVERY,False,,7.78,2025-06-12,-79.69,False,False,0,NORMAL,,0,,False,0.0,1.73,9.31,1.42,0.93,NORMAL,,,,,,,,,,,,,,,,,,0.0,False
2170,GANGAFORGE,2026-09-30,1.54,2.56,1.82,-39.82,False,False,False,False,41.81,0.33,4.15,1.35,-62.89,14.07,0,NORMAL,,,,,0,0,NOT A RECOVERY,False,,,,,False,False,0,NORMAL,,0,,False,0.0,1.67,8.63,1.39,0.86,NORMAL,,,,,,,,,,,,,,,,,,0.0,False
2171,KHAICHEM,2026-09-30,48.76,57.46,52.17,-15.14,False,False,False,False,34.44,0.71,132.9,42.92,-63.31,13.61,0,NORMAL,,,,,0,0,NOT A RECOVERY,False,,135.8,2025-09-16,-64.09,False,False,0,NORMAL,,0,,False,0.0,52.85,8.39,43.88,0.84,NORMAL,,,,,,,,,,,,,,,,,,0.0,False
2172,PAVNAIND,2026-09-30,15.46,18.88,17.09,-18.13,False,False,False,False,41.72,0.39,42.3,14.11,-63.45,9.57,0,NORMAL,,,,,0,0,NOT A RECOVERY,False,,57.8,2024-12-05,-73.25,False,False,0,NORMAL,,0,,False,0.0,17.71,14.56,13.91,1.46,NORMAL,,,,,,,,,,,,,,,,,,0.0,False
2173,TRU,2026-09-30,4.1,5.88,4.3,-30.31,False,False,False,False,43.93,0.32,11.29,3.9,-63.68,5.13,0,NORMAL,,,,,0,0,NOT A RECOVERY,False,,20.84,2025-07-11,-80.33,False,False,0,NORMAL,,0,,False,0.0,4.66,13.66,3.69,1.37,NORMAL,,,,,,,,,,,,,,,,,,0.0,False
2174,DHRUV,2026-09-30,20.08,31.03,23.38,-35.29,False,False,False,False,32.62,1.18,56.99,19.96,-64.77,0.6,0,NORMAL,,,,,0,0,NOT A RECOVERY,False,,,,,False,False,0,NORMAL,,0,,False,0.0,23.11,15.1,18.07,1.51,NORMAL,,,,,,,,,,,,,,,,,,0.0,False
2175,ATALREAL,2026-09-30,12.58,26.68,26.55,-52.86,False,False,False,False,25.89,0.27,36.7,11.7,-65.72,7.52,0,NORMAL,,,,,0,0,NOT A RECOVERY,False,,36.7,2026-08-14,-65.72,False,False,0,NORMAL,,0,,False,0.0,15.25,21.22,11.32,2.12,NORMAL,,,,,,,,,,,,,,,,,,0.0,False
2176,KALAMANDIR,2026-09-30,76.27,104.66,84.6,-27.13,False,False,False,False,32.27,0.86,223.03,75.37,-65.8,1.19,0,NORMAL,,,,,0,0,NOT A RECOVERY,False,,223.03,2025-10-28,-65.8,False,False,0,NORMAL,,0,,False,0.0,81.45,6.8,68.64,0.68,NORMAL,,,,,,,,,,,,,,,,,,0.0,False
2177,SOLEX,2026-09-30,678.85,1039.87,791.36,-34.72,False,False,False,False,36.76,0.29,1985.0,651.2,-65.8,4.25,0,NORMAL,,,,,0,0,NOT A RECOVERY,False,,1985.0,2025-11-21,-65.8,False,False,0,NORMAL,,0,,False,0.0,747.53,10.12,610.96,1.01,NORMAL,,,,,,,,,,,,,,,,,,0.0,False
2178,OSWALPUMPS,2026-09-30,266.75,372.08,298.52,-28.31,False,False,False,False,34.56,0.69,790.0,264.5,-66.23,0.85,0,NORMAL,,,,,0,0,NOT A RECOVERY,False,,,,,False,False,0,NORMAL,,0,,False,0.0,285.06,6.87,240.08,0.69,NORMAL,,,,,,,,,,,,,,,,,,0.0,False
2179,SOLARWORLD,2026-09-30,129.28,195.98,155.32,-34.03,False,False,False,False,29.76,1.06,388.5,126.2,-66.72,2.44,0,NORMAL,,,,,0,0,NOT A RECOVERY,False,,,,,False,False,0,NORMAL,,0,,False,0.0,141.58,9.51,116.35,0.95,NORMAL,,,,,,,,,,,,,,,,,,0.0,False
2180,BCONCEPTS,2026-09-30,140.66,226.36,165.71,-37.86,False,False,False,False,29.57,0.55,425.0,136.5,-66.9,3.05,0,NORMAL,,,,,0,0,NOT A RECOVERY,False,,449.0,2025-09-24,-68.67,False,False,0,NORMAL,,0,,False,0.0,155.85,10.8,126.59,1.08,NORMAL,,,,,,,,,,,,,,,,,,0.0,False
2181,HILTON,2026-09-30,16.34,23.09,19.23,-29.24,False,False,False,False,25.31,0.84,50.64,13.43,-67.73,21.67,0,NORMAL,,,,,0,0,NOT A RECOVERY,False,,,,,False,False,0,NORMAL,,0,,False,0.0,18.04,10.4,14.71,1.04,NORMAL,,,,,,,,,,,,,,,,,,0.0,False
2182,PRAXIS,2026-09-30,4.59,7.14,5.43,-35.73,False,False,False,False,44.04,0.41,14.44,3.91,-68.21,17.39,0,NORMAL,,,,,0,0,NOT A RECOVERY,False,,19.89,2025-01-21,-76.92,False,False,0,NORMAL,,0,,False,0.0,5.08,10.68,4.13,1.07,NORMAL,,,,,,,,,,,,,,,,,,0.0,False
2183,ORCHASP,2026-09-30,1.32,2.06,1.45,-35.77,False,False,False,False,41.92,0.27,4.16,1.25,-68.27,5.6,0,NORMAL,,,,,0,0,NOT A RECOVERY,False,,4.16,2025-10-16,-68.27,False,False,0,NORMAL,,0,,False,0.0,1.53,15.8,1.19,1.58,NORMAL,,,,,,,,,,,,,,,,,,0.0,False
2184,HEGAM,2026-09-30,237.65,554.19,529.66,-57.12,False,False,False,False,23.16,0.78,753.9,214.1,-68.48,11.0,0,NORMAL,,,,,0,0,NOT A RECOVERY,False,,753.9,2026-09-01,-68.48,False,False,0,NORMAL,,0,,False,0.0,260.63,9.67,213.88,0.97,NORMAL,,,,,,,,,,,,,,,,,,0.0,False
2185,SUPREME,2026-09-30,30.42,51.32,38.9,-40.73,False,False,False,False,24.49,0.27,97.84,29.06,-68.91,4.68,0,NORMAL,,,,,0,0,NOT A RECOVERY,False,,,,,False,False,0,NORMAL,,0,,False,0.0,34.97,14.95,27.38,1.49,NORMAL,,,,,,,,,,,,,,,,,,0.0,False
2186,CURAA,2026-09-30,72.5,88.86,72.84,-18.41,False,False,False,False,48.09,0.27,235.2,60.0,-69.18,20.83,0,NORMAL,,,,,0,0,NOT A RECOVERY,False,,337.0,2025-08-25,-78.49,False,False,0,NORMAL,,0,,False,0.0,80.51,11.05,65.25,1.11,NORMAL,,,,,,,,,,,,,,,,,,0.0,False
2187,TARAPUR,2026-09-30,12.16,21.63,14.08,-43.77,False,False,False,False,36.74,0.45,39.99,10.8,-69.59,12.59,0,NORMAL,,,,,0,0,NOT A RECOVERY,False,,39.99,2025-11-17,-69.59,False,False,0,NORMAL,,0,,False,0.0,13.64,12.16,10.94,1.22,NORMAL,,,,,,,,,,,,,,,,,,0.0,False
2188,LEXUS,2026-09-30,11.76,21.02,13.73,-44.04,False,False,False,False,32.97,0.7,39.25,11.32,-70.04,3.89,0,NORMAL,,,,,0,0,NOT A RECOVERY,False,,39.25,2026-03-05,-70.04,False,False,0,NORMAL,,0,,False,0.0,13.68,16.33,10.58,1.63,NORMAL,,,,,,,,,,,,,,,,,,0.0,False
2189,SKFINDIA,2026-09-30,1509.9,1643.35,1537.77,-8.12,False,False,False,False,42.95,0.55,5074.0,1404.0,-70.24,7.54,0,NORMAL,,,,,0,0,NOT A RECOVERY,False,,5074.0,2025-10-14,-70.24,False,False,0,NORMAL,,0,,False,0.0,1594.1,5.58,1358.91,0.56,NORMAL,,,,,,,,,,,,,,,,,,0.0,False
2190,VPRPL,2026-09-30,29.62,38.76,32.6,-23.57,False,False,False,False,38.8,0.47,100.42,23.94,-70.5,23.73,0,NORMAL,,,,,0,0,NOT A RECOVERY,False,,,,,False,False,0,NORMAL,,0,,False,0.0,33.48,13.03,26.66,1.3,NORMAL,,,,,,,,,,,,,,,,,,0.0,False
2191,WAAREEINDO,2026-09-30,209.95,381.38,281.7,-44.95,False,False,False,False,21.62,0.65,725.0,205.55,-71.04,2.14,0,NORMAL,,,,,0,0,NOT A RECOVERY,False,,725.0,2025-10-13,-71.04,False,False,0,NORMAL,,0,,False,0.0,234.71,11.8,188.95,1.18,NORMAL,,,,,,,,,,,,,,,,,,0.0,False
2192,SPCENET,2026-09-30,3.18,4.27,3.41,-25.54,False,False,False,False,41.2,0.62,11.24,3.0,-71.71,6.0,0,NORMAL,,,,,0,0,NOT A RECOVERY,False,,11.24,2025-10-28,-71.71,False,False,0,NORMAL,,0,,False,0.0,3.53,10.96,2.86,1.1,NORMAL,,,,,,,,,,,,,,,,,,0.0,False
2193,FISCHER,2026-09-30,33.55,37.78,36.39,-11.19,False,False,False,False,40.68,0.28,121.7,31.05,-72.43,8.05,0,NORMAL,,,,,0,0,NOT A RECOVERY,False,,,,,False,False,0,NORMAL,,0,,False,0.0,37.33,11.27,30.19,1.13,NORMAL,,,,,,,,,,,,,,,,,,0.0,False
2194,SUMEETINDS,2026-09-30,10.92,25.12,14.78,-56.52,False,False,False,False,38.85,0.69,40.5,9.26,-73.04,17.93,0,NORMAL,,,,,0,0,NOT A RECOVERY,False,,37.65,2025-11-10,-71.0,False,False,0,NORMAL,,0,,False,0.0,12.03,10.13,9.83,1.01,NORMAL,,,,,,,,,,,,,,,,,,0.0,False
2195,INDIAGLYCO,2026-09-30,307.4,922.33,775.65,-66.67,False,False,False,False,28.92,0.46,1222.0,217.0,-74.84,41.66,0,NORMAL,,,,,0,0,NOT A RECOVERY,False,,1219.0,2026-08-25,-74.78,False,False,0,NORMAL,,0,,False,0.0,346.06,12.58,276.66,1.26,NORMAL,,,,,,,,,,,,,,,,,,0.0,False
2196,DUCON,2026-09-30,1.36,3.07,2.26,-55.73,False,False,False,False,32.14,0.92,5.77,1.15,-76.43,18.26,0,NORMAL,,,,,0,0,NOT A RECOVERY,False,,,,,False,False,0,NORMAL,,0,,False,0.0,1.63,19.96,1.22,2.0,NORMAL,,,,,,,,,,,,,,,,,,0.0,False
2197,SADHNANIQ,2026-09-30,2.53,3.23,2.85,-21.74,False,False,False,False,34.26,0.78,10.8,1.27,-76.57,99.21,0,NORMAL,,,,,0,0,NOT A RECOVERY,False,,,,,False,False,0,NORMAL,,0,,False,0.0,2.8,10.73,2.28,1.07,NORMAL,,,,,,,,,,,,,,,,,,0.0,False
2198,DCMSRIND,2026-09-30,39.57,45.47,42.97,-12.98,False,False,False,False,42.25,0.61,181.9,31.9,-78.25,24.04,0,NORMAL,,,,,0,0,NOT A RECOVERY,False,,194.0,2025-05-06,-79.6,False,False,0,NORMAL,,0,,False,0.0,42.89,8.39,35.61,0.84,NORMAL,,,,,,,,,,,,,,,,,,0.0,False
2199,TVVISION,2026-09-30,2.68,5.42,3.64,-50.6,False,False,False,False,35.65,0.52,12.4,2.39,-78.39,12.13,0,NORMAL,,,,,0,0,NOT A RECOVERY,False,,12.4,2025-12-19,-78.39,False,False,0,NORMAL,,0,,False,0.0,3.04,13.33,2.41,1.33,NORMAL,,,,,,,,,,,,,,,,,,0.0,False
2200,RNBDENIMS,2026-09-30,9.11,23.74,9.24,-61.63,False,False,False,False,45.99,0.27,67.67,7.72,-86.54,18.01,0,NORMAL,,,,,0,0,NOT A RECOVERY,False,,,,,False,False,0,NORMAL,,0,,False,0.0,10.03,10.08,8.2,1.01,NORMAL,,,,,,,,,,,,,,,,,,0.0,False
2201,SILVERTUC,2026-09-30,140.49,199.5,177.51,-29.58,False,False,False,False,29.25,0.5,1117.45,100.5,-87.43,39.79,0,NORMAL,,,,,0,0,NOT A RECOVERY,False,,1117.45,2025-12-31,-87.43,False,False,0,NORMAL,,0,,False,0.0,156.74,11.56,126.44,1.16,NORMAL,,,,,,,,,,,,,,,,,,0.0,False
2202,OSIAHYPER,2026-09-30,2.26,6.47,2.58,-65.08,False,False,False,False,37.72,0.52,25.3,2.11,-91.07,7.11,0,NORMAL,,,,,0,0,NOT A RECOVERY,False,,33.08,2025-09-18,-93.17,False,False,0,NORMAL,,0,,False,0.0,2.51,11.0,2.03,1.1,NORMAL,,,,,,,,,,,,,,,,,,0.0,False
2203,INDOTHAI,2026-09-30,33.52,218.69,80.51,-84.67,False,False,False,False,24.7,0.15,466.35,29.0,-92.81,15.59,0,NORMAL,,,,,0,0,NOT A RECOVERY,False,,466.35,2025-11-19,-92.81,False,False,0,NORMAL,,0,,False,0.0,37.97,13.28,30.17,1.33,NORMAL,,,,,,,,,,,,,,,,,,0.0,False
2204,AQYLON,2026-09-30,16.26,166.63,22.78,-90.24,False,False,False,False,28.09,0.17,1714.9,16.26,-99.05,0.0,0,NORMAL,,,,,0,0,NOT A RECOVERY,False,,1714.9,2025-12-15,-99.05,False,False,0,NORMAL,,0,,False,0.0,18.78,15.47,14.63,1.55,NORMAL,,,,,,,,,,,,,,,,,,0.0,False
